source_record_id,target_record_id,relationship_type
e25ead12-cee7-5155-8215-a151e98a0611,55561669-86bb-5bbc-807d-d328a9f18671,CLASSIFIES
2b9c28ca-e5d9-594f-8ee2-9105821b827a,8fe7c7b4-a699-5760-83a7-5781ba8d5499,CLASSIFIES
9592d6af-25b5-5797-82f2-c72f9725dac8,45ea34b3-228f-5e82-8fe3-4512fd8aa953,CLASSIFIES
c3bdfcf1-1087-5d6c-8701-f944b20ab434,78c17ccf-2850-5864-879e-91ea93844c3b,CLASSIFIES
077f9854-16d4-5fa0-89b8-1998b9591896,8ef7c4b0-9fb4-563f-81b5-f65910b92ac5,CLASSIFIES
824a036d-b071-59d0-80d1-6ff21447f4f4,c4f3153a-ec1a-5cb1-8cf9-015d37094b0a,CLASSIFIES
a22930b7-dddf-5b3b-8f25-dac03017c85b,74c67d07-c25b-5ea0-894d-684f9d216ce2,CLASSIFIES
99915fe2-2e9d-54c3-8fac-4a584bbdb0b6,0d85ace5-7c82-50e9-8ca4-371a1f0f91c7,CLASSIFIES
056d6dad-35f6-5b28-8968-496a76e12b84,60911681-85ef-55bf-8a1f-d8e23a86613d,CLASSIFIES
5df8c656-6287-5d3c-8a45-232b55cfa833,c1049703-5280-512e-8681-64d809fc45e2,CLASSIFIES
52cdb592-3fa7-5917-8bc8-6ab7b928a89c,75fc86c8-4f32-53c8-84fc-b23a38dd5b31,CLASSIFIES
ed4da5af-d72c-5904-87b6-a9a851df0e86,3341a0af-8fc3-5d28-884d-5266c67368b2,CLASSIFIES
701f8137-0272-5a40-86d1-56ce7b30145f,515453a7-d82d-54b8-8d9a-0d19e37d756b,CLASSIFIES
2d930034-aff5-5617-8c36-c03715ed45ae,47229883-eac8-5240-80a7-f85eee5286e0,CLASSIFIES
a71c62fa-b855-5794-854b-f5939537cf96,95a1dcf6-69c0-532d-83b3-737f7b204441,CLASSIFIES
3d9d1eed-bb0f-5444-84ef-1d256aaf0965,93275720-eb78-5015-8efe-e859df19baee,CLASSIFIES
68f0882c-c285-5578-883c-eb70fdb80973,f9c660f1-c73e-5c86-81e8-e8616647b905,CLASSIFIES
e759ce29-88a4-5cf1-8f79-333fc78ddb91,a37be1f1-e13a-5efd-8ccd-2bdf7ccb6903,CLASSIFIES
37722173-b6f3-5b9f-8612-745490974646,753884f4-ee9a-59b5-8e08-6675f360fdb8,CLASSIFIES
2f047cf8-03dc-57cc-89c7-a40c7cb25e82,5ed1695d-51d4-5a38-844c-01bcb6c053fd,CLASSIFIES
70e5aa64-c48b-56c0-8ab0-8fede60e7f53,74db4675-8f0f-566a-8113-ecca74acce1b,CLASSIFIES
7141039f-cbe6-5e10-8ba8-5662e64bd160,4dbfc2c7-4e3a-53a5-8958-e20330cc9d16,CLASSIFIES
fb41c3d3-080d-595e-8f86-d35e4fc3d085,f1949b2a-4a51-552f-88a9-7bcce3d72996,CLASSIFIES
1ff436a7-8a87-58aa-8967-ac8b4e8175cc,5c0607e9-c10d-55ce-84c9-6f58bcced5b3,CLASSIFIES
6c9dcff0-18ee-5bce-825d-ff305125c318,f6f3a49d-d175-5395-89ec-4b54ca950ee4,CLASSIFIES
88258a4f-76b0-57fa-8e34-3e4f0b3e3bcb,7a772269-11b4-5354-8872-4668248c2ddc,CLASSIFIES
7d0e662f-5be3-5447-8078-5511b520009d,b8ebea01-0e82-512f-8e46-8df45e7849d3,CLASSIFIES
1acbe576-bada-590a-8d3e-37d2a1ef3a7a,fa590ae5-b838-5305-8699-d76c6fe46a0e,CLASSIFIES
e709c0a0-7587-5aae-88a4-e214d2317eb3,8b7539ca-d0b0-5db3-81f4-4b640eaf75ba,CLASSIFIES
ed4569aa-3b59-5378-87b9-c7bd29db6971,af20884e-e4ca-5d06-8a0e-9163264c5c31,CLASSIFIES
bfe84ce8-b11f-524c-85a7-9ef61c14e290,4b35a654-8efa-50f1-82ce-cc39213a24d1,CLASSIFIES
0fc14e77-e9a6-514d-8181-58d12f4145b2,87b6f395-f523-5a63-88e3-6e23122815dd,CLASSIFIES
d7208928-6522-5d55-8b43-7c62bf47fbd4,4f7c7821-ebae-59eb-8c95-418f0b67dc74,CLASSIFIES
4b095984-f9f2-54c0-89ae-05d8fc092d21,e2bea036-77f8-5b51-8d05-952e6ac26d98,CLASSIFIES
952668c5-c6b2-50b1-825d-26180c0adbe8,95a1dcf6-69c0-532d-83b3-737f7b204441,CLASSIFIES
9c7bdaf9-574a-53d6-84b5-44d38a2a2edf,1108290e-2e78-5dcf-8162-4f3a530438e4,CLASSIFIES
cb2fcdf5-ecda-5efb-861d-a834a8f84ae0,b0fd1d8c-19b0-5207-87b6-751f40751f1b,CLASSIFIES
fbafd01e-f099-5d6e-8f88-236e5071d1ac,2ef60ee6-90d8-5058-8d97-41312dcec43d,CLASSIFIES
efd72874-48ba-5d4a-8a25-4b8a43f3cbda,fca2b708-b199-505e-8599-024908a02b67,CLASSIFIES
0206784b-d203-53bd-8806-115cd30aa7f9,e2c28f80-cd2c-57be-843d-13282cbb40e2,CLASSIFIES
ac112170-2a6c-5445-8384-9774eedb6a29,7176de54-2d1d-5506-89ff-7a969327c1f0,CLASSIFIES
ec92ec76-bfcb-53c0-877f-5c9574e1f59f,7176de54-2d1d-5506-89ff-7a969327c1f0,CLASSIFIES
d9839ca7-6c8c-5494-8a42-d1e76ff5002b,b66782be-4050-53da-8bd7-1f8b5a6a0b66,CLASSIFIES
302674c5-1571-56ac-8cfc-cb965e146a24,cd0652fa-3c4f-5898-8630-53f599a0f03f,CLASSIFIES
8e6f56ee-5bd1-5663-8573-358049e62a36,39fe114d-772f-5d4b-8a4e-66935a114503,CLASSIFIES
fe069948-6ae9-5053-8518-7b3639afd29a,054c0623-4cb0-5f3d-8414-e4d0179c3fa4,CLASSIFIES
19e3425a-ff4b-55f9-87c7-7f94bdeb8a56,88a0c7b6-5694-58e8-8a81-e4fd3e4ca8cb,CLASSIFIES
f398e805-70ae-5628-8082-e10f1eaadd4d,8d21e2a9-3449-5410-8534-29b9e20859cb,CLASSIFIES
c4b4e8f4-1713-5291-8a63-99aad5ea8ca5,10774bdc-6b93-504a-86f2-03d17fd2bdea,CLASSIFIES
0b739b7e-fd1f-58cf-80b3-738f58e4cc8f,8b7539ca-d0b0-5db3-81f4-4b640eaf75ba,CLASSIFIES
42354637-512b-5e9e-8c2b-082e7a8fbf8e,f9673127-6037-580e-808b-232d9f28dfa2,CLASSIFIES
be61a5ab-94ba-527b-8f7a-5438bdcaf49e,8863c62f-f19f-572c-8178-8450fcb67a73,CLASSIFIES
12152ded-235a-521d-8fe2-fa7c00240bdc,d4ea21d2-9fc8-50d6-88eb-3201cf901d7b,CLASSIFIES
825c29c7-970d-518e-8c80-5a43337548f8,17d635d7-44b6-5692-84ef-0a5d4e5db5e3,CLASSIFIES
8e12ed70-6b83-52e3-8d22-8caf7dc960f8,6d67d9ac-921e-5fd4-8dae-326b00eadc4b,CLASSIFIES
715e3b66-2752-55ef-86a8-475ba3809cb3,8d51c114-dc7f-52f3-8da0-411064e66625,CLASSIFIES
76969bd5-66bb-5042-8ea7-52aaee98a957,2404ff93-bc01-5208-89cc-26a96d8c9590,CLASSIFIES
9092ace8-6eb5-5267-81be-c0175c8d2cf6,52e674a1-5dbe-5df7-8b94-e58497b98935,CLASSIFIES
1f678e7e-e518-5aad-8294-bb4d696d86f4,0a6acf68-f261-5bd0-85e3-bd76eaecd583,CLASSIFIES
e566685d-31f4-5118-8f93-5b017bfc1aad,8127a740-001a-5254-8a5c-cdea2d0e9237,CLASSIFIES
5ca85860-d11d-56cd-8574-9600de510b95,b8ebea01-0e82-512f-8e46-8df45e7849d3,CLASSIFIES
d9a4e586-1d3e-579e-8655-17ca486f8882,fa590ae5-b838-5305-8699-d76c6fe46a0e,CLASSIFIES
770e8bbb-4b2e-5fda-81d5-5301d3ffb831,1108290e-2e78-5dcf-8162-4f3a530438e4,CLASSIFIES
00f0a39b-9212-5747-8e1a-b10a0f78e0de,1da00191-efc6-5bf8-8dfb-3d2760ff3163,CLASSIFIES
6990bfd7-abff-5b24-8800-c82652aea5b0,522419bd-4729-58f2-84a0-5ed8709cca9c,CLASSIFIES
621a8c1a-5777-5e48-850f-34021d8ef06f,0c6c6c9a-4330-58c9-8525-836d8dd65345,CLASSIFIES
7ae59d1c-4012-53d5-8920-525ac9b74aca,202259b3-e707-590e-851a-01368f5b96d1,CLASSIFIES
a9abc1c3-95d8-5471-862b-dba8ea510c1d,dea46cd7-a540-53c4-82f7-80b8291fca12,CLASSIFIES
06ec705a-20c5-5e8b-86b5-14f343300f85,ff6b65a9-45b1-5469-87b2-56159bf5c03f,CLASSIFIES
abaffc4a-f98b-5830-8b78-4613264d3601,b57c969a-e823-52a8-88a5-c0846f8dd625,CLASSIFIES
638fe754-f966-5902-86fd-525726a37d1b,9491c009-cadf-5dd6-838d-35bac1d5fae6,CLASSIFIES
2cf7fbca-ada1-506f-89d2-6b28a5988b35,c0cd451a-915e-55f8-8b1d-3811b76e8c00,CLASSIFIES
0290b830-6281-5ac3-8cff-b850c4899b69,7fa58f16-f6ad-5db0-808e-8c93f3bc8ffe,CLASSIFIES
7c5500f4-1c2d-56a8-8def-1b19b2d79cc0,c0e3486a-b82a-57e9-8349-0d5787ce9959,CLASSIFIES
1212dd32-0147-5c63-8b97-964ff1aecb08,aee054ac-5cd4-5c10-8461-6675cd0b43cf,CLASSIFIES
d33d996e-0b05-530d-8a08-a0dd4f56df1e,c83cb745-8c55-5a4d-8501-716d222dd043,CLASSIFIES
8e43d92f-9392-5306-8b86-359a03ddf9ea,a09c2b2c-c968-5726-86db-47ead51305b3,CLASSIFIES
6e2f00a7-d83c-5f3b-8403-3ca32f7df7fe,187e81ed-1add-5b3e-81da-3bb0d386f613,CLASSIFIES
d6f5390c-5990-57b0-8ac5-ad6aa00351ab,46d7ebf8-f5ab-55d7-8fab-575922932f7b,CLASSIFIES
485f754d-8fb7-5934-87b3-ca41988debac,9bfb3295-9492-5d7e-8fda-a0cac84c9810,CLASSIFIES
c2ed0458-422c-5bb8-8ada-58e384b6367b,e74a1193-8549-574c-84ff-e856d5aec6da,CLASSIFIES
fde7dc91-2b37-54c6-82b8-3a04e4e80596,fc984140-dcb5-54ff-81e8-86e0dd5c4d49,CLASSIFIES
8f376654-18a7-52ed-8595-ef7f9978137d,ce8a23fe-8993-5bb2-84a0-4bcf72a75f76,CLASSIFIES
47f187e1-517e-5356-85fa-bd56df0a7c90,32f98f95-05b0-5436-83d9-4040b2fdbac2,CLASSIFIES
68041726-b288-5802-8ced-8689238cb505,64383324-afb4-58f0-8276-e607e7e7ac0a,CLASSIFIES
ef847873-52f4-592e-8ce3-1a001b2619eb,2d475db2-3e2a-54bd-864f-c9db908f95c1,CLASSIFIES
3fc33beb-f305-5e44-869e-c4067435aa8e,c4907425-0761-513a-8263-6421ad9492aa,CLASSIFIES
159ec340-ec26-5733-8541-0a80dd6c9e4f,7d0cc0fd-f823-5ee2-8faa-491e28abfc59,CLASSIFIES
35314ec4-2ef1-5d7a-8a78-fd4f8854d62e,238a2d55-fbbd-51e9-8009-14e74ee2c39e,CLASSIFIES
067047aa-199c-5bcb-8abb-710c48e74481,d5905d2f-ae5e-537c-8a0b-6baa7352374f,CLASSIFIES
8920f042-d18f-59ee-8fa2-abdb4330adad,cc00668b-ea06-5f22-8c0c-9ddd4a0a8707,CLASSIFIES
7529b374-62aa-5e14-841e-cf438fe5c3b1,9d2bfa33-a0cd-5235-8de8-171c423bbc4a,CLASSIFIES
55278231-48b6-5e6c-87a7-a154e0d96911,92356491-a921-59a1-809d-361b45be3d91,CLASSIFIES
55e1f59f-67e2-51c6-8559-c031bd012d66,d4debe0a-0095-598c-8441-36e47c7c29c1,CLASSIFIES
9e4ad137-aa87-509f-83c9-26e69afe1343,e2c038f2-c045-5286-8fff-c842260dced5,CLASSIFIES
21a266c9-15b8-584c-86f0-e1d0748a72bd,31e083c0-b971-5f05-8386-03d07d257ac4,CLASSIFIES
790c85e7-2732-5f57-8171-f8b52aef8c0c,a1b17cfd-4d75-5676-841a-3fb8ccbd4e1c,CLASSIFIES
481fb92c-e5c4-5871-828b-5632c815ca00,46759408-781a-55e6-8f29-2459567f3d3b,CLASSIFIES
67c4f750-eede-5a44-801b-a0c741c333e0,bd1ef86f-884e-55fc-8a17-fea44bb1007e,CLASSIFIES
1155f053-6413-5e36-8701-33335ebcc5db,8e3a0302-d291-5823-8cf6-b6b67c283d24,CLASSIFIES
b54c784a-4419-546a-864a-f49005db78c9,4b3cb59d-32a5-5be2-8b19-597c99b82c56,CLASSIFIES
f52b1934-4d81-53da-814b-b81c40bf8d2f,b012f88a-66c8-582f-80f8-844404a701d7,CLASSIFIES
40e5e76e-3502-5d74-880d-f98334b95a8b,16fb354f-3cce-5f4b-8b86-e7495b13124d,CLASSIFIES
28f518d8-7b0a-5c29-809b-d3c6dfad855c,df502d05-2cae-5b9b-889a-10cd915c8292,CLASSIFIES
607dae9f-c475-573d-850c-3e59d89fa14d,74e0695d-8d6b-5763-8529-064f5c1c398e,CLASSIFIES
0d2c3ed4-c5f3-5197-81f0-119009bf3345,7048d9c4-4c59-54e5-84cb-7a8df67bfe42,CLASSIFIES
2bc40aee-73e5-555a-8e98-1bd4d6326493,ee150f12-f038-5431-8077-7f1ffb8cda53,CLASSIFIES
a8185708-5992-5feb-87a5-ed8145c46095,dbdafdc7-5814-585c-86d8-f8ba836d9adc,CLASSIFIES
04c3fb99-e223-5ada-8409-99901bbd6513,a5e313c3-b8fe-5a92-8b64-2e72935ff34d,CLASSIFIES
ab1e348f-a8a9-5f83-82b0-67f2096214f7,89d0f727-a85a-59c7-8ac0-918aa89a999e,CLASSIFIES
4cf405f8-60f8-5b11-8d30-a078018e95c0,3bfe33b9-23d8-5122-8c6c-4f9b4ad2cdce,CLASSIFIES
7889b4a3-6519-5f0a-88a9-428ee68dd5ff,18b14937-e7a1-5230-8daf-e5d93901a89a,CLASSIFIES
b60223e3-62a7-5516-813a-aae4e047f881,fe3c8d84-c109-553e-8bf4-8c2b65e6bde5,CLASSIFIES
f59aa5a0-5b13-59ad-8d9b-b88621374bb6,cea603b8-ba2f-5d03-8933-85cc93396d70,CLASSIFIES
4d487d8e-6cbb-5b22-8ec3-87325915b7e2,30f6d7e1-f654-5fb6-898f-ef7b149d836b,CLASSIFIES
b4da1e8c-21f1-5bee-8120-cda4bd1ee60d,3e395436-eab3-5cbf-8cbe-b5160178249f,CLASSIFIES
dfd6aeaf-9d84-58c2-8bfc-442e3b2c1c4e,abb72280-3c9e-5a5e-8a23-d0721ec05120,CLASSIFIES
b07a013c-785b-5c82-8a5b-45d15220a6bb,ed9dd488-c9de-52e5-88e3-34533ab3bc5d,CLASSIFIES
fd0b95c0-5f72-56fd-831b-c29292007aba,872fc018-3c3b-5958-8f43-fe0ccebf108a,CLASSIFIES
fb5672e6-3be2-5914-8155-441675a88ddc,b3007b7d-dd17-50f1-8bc2-8e2c88c4438b,CLASSIFIES
251d5d32-dcf7-5231-86d2-123094d93618,369cf84f-4627-50a6-85e9-9917d0164b48,CLASSIFIES
4ca142e0-55eb-5dde-8170-3a19d31785a7,7654abcf-7804-5af0-8ceb-1bf34e082b4d,CLASSIFIES
1f4f114f-4556-5211-8608-3ff5fb0f9d74,c80a2820-f76c-589e-8a48-29d9087370e4,CLASSIFIES
8abe5227-51ae-5553-84ea-a87d8f8ad9a9,791e7df7-dd41-5fb1-89db-7a5bf5f1152c,CLASSIFIES
f0293158-1234-531d-8279-66f27e2da583,fb606213-4527-5afb-804d-21921c21fa65,CLASSIFIES
af5c4ea6-11f0-5748-8531-f500d754f30b,7e181d92-06b3-526e-8f6a-0caa3e163bfb,CLASSIFIES
87fbec5b-aef9-53f4-8f3b-48c6cf6db490,80fd3121-f2a3-5d0c-86ab-df876aa80353,CLASSIFIES
8863c179-7ebe-5d84-8049-fe8f9b4f30e3,9ab114cc-7914-553f-895f-6c39e15ed495,CLASSIFIES
8a5c9f7d-9852-5a02-85dc-98844ff3af7f,9d7505e9-6112-5f73-8587-79b7109a70bc,CLASSIFIES
d08cb664-f182-544f-8903-750e8511ead1,0054a16d-3f17-5f46-823c-2b4a051d8c8f,CLASSIFIES
7ff004af-11f9-5b6c-8cfe-7dbb030af0fc,45b7ca97-35fd-59fb-8dc5-8eb26bdf4c7f,CLASSIFIES
189543dc-fa10-53bd-8ba8-a44d4347484e,18db2b76-29cc-5d2a-820d-f53630c0752d,CLASSIFIES
127b7437-bb6f-54b9-8d81-a1c945bfc42c,ad358f0f-02a6-593a-8e41-79d5656339c5,CLASSIFIES
0893e1e4-9030-5abc-8203-b3790d7ab7d9,7c13b172-e82f-568b-8a92-754cc48fff29,CLASSIFIES
415a08de-fe36-5dd7-8946-2349d9eeef64,09c247cd-23b5-510b-8c33-a598b728bbcc,CLASSIFIES
b427b38c-8bd0-59f8-8cf5-b698484ea8b1,a97d7165-aca8-54a8-8c27-ebe5b71391af,CLASSIFIES
2ae47dd3-e6cf-596a-8026-e86df63b34c8,d9cc57a5-94fb-5803-8b72-c02767d3cfa1,CLASSIFIES
096780ea-ea14-55ff-825e-23848b8d8ee3,96d1f176-d4cf-5c7a-8b07-b738d51a81a2,CLASSIFIES
8d749d59-e310-53d1-855d-4afb8693c612,aae93e70-b7ae-59ef-8f99-f0e2a12c6ba1,CLASSIFIES
560528cd-e6de-528f-8977-246fb104411c,880dd8fa-ae1f-50ee-837c-585509d7de0a,CLASSIFIES
95fc152e-0cd2-5f3d-89b0-68e2cd0901b6,7872822b-4725-5671-8292-cd9cdf037105,CLASSIFIES
fadb239a-b20d-5513-84ca-1fcdedff16f6,89c00131-0ce5-58dd-8326-3fe48cbaa53f,CLASSIFIES
d12ebdd4-4608-5747-8067-37d16331abbc,61bfb47f-43ac-5bef-8479-1aeede79eb47,CLASSIFIES
9f338f24-e065-56dc-8b46-acda353c6f5e,91e74896-45dc-5e92-8924-9f32b7113565,CLASSIFIES
62448182-56c4-58b6-8c62-f1dc71bc0084,02522da1-2b57-55e3-8bc0-06580f2e3f05,CLASSIFIES
4d6e019e-2856-5775-8ddd-02a25b0af2ff,76468f35-f2ab-57d1-8e41-735e5e60d93f,CLASSIFIES
160fb858-4fcf-5480-8c85-e581ec82a014,01e50fe7-92b6-5a19-8f5b-e09a0b174b77,CLASSIFIES
044dc1bb-a958-5114-8418-3ac7b1d1d753,5f941f23-8ce3-5464-8c06-b9f1bf06cc2c,CLASSIFIES
1f51727b-2622-5413-8ec3-29739f1de99f,77cb5fd4-df6a-5281-8b87-e1668a5e6599,CLASSIFIES
6da1a7fe-5948-5afa-8d8d-4cc3cc14bd60,4be0f9ae-ab15-5ce0-8998-99ce17fbfd4b,CLASSIFIES
d2ee1b35-7191-5b99-800f-2f780c3d14d1,d3dc0ecf-5caf-565a-8ae1-c9bfb2ebb439,CLASSIFIES
8775d675-6a3a-5dd5-8669-c635a663f185,20582ff4-00dc-511c-8260-fabeb8a23ff4,CLASSIFIES
ad6867c2-c739-5c97-83a1-47efd6e8e6ac,6de184c4-4921-5d11-8ed2-8595d8a2b984,CLASSIFIES
8b3ce00a-886e-5158-82f2-50d1ca747a94,7c98d99e-32ee-5769-82f7-ea0dba04aadf,CLASSIFIES
c23d38c2-02bf-50ed-820e-b5ac5ad370e2,c2ced205-2c4b-542b-846b-e8017ff0fb8f,CLASSIFIES
7fda8e19-1505-51a4-882e-824d6676befe,40f0ffd6-0fbc-5387-81ac-e46f54faab96,CLASSIFIES
98a97747-bbe3-5178-87c6-e6e42ab6a472,b054c9ba-c1ec-5729-86a7-de0441337976,CLASSIFIES
fd0c3acd-922c-5b72-8fd8-11d4e870f903,373219ba-3072-5824-8c61-87d40579b249,CLASSIFIES
764af3bb-5995-5013-822c-22e9ba4e8c6d,fdd9c89c-be4d-51b1-85fd-41d9c59bf87d,CLASSIFIES
07cfb6ee-f2a8-5ace-896f-df71fe7c8ba2,7872822b-4725-5671-8292-cd9cdf037105,CLASSIFIES
89a72db3-6aba-541c-8df9-d724d4ba955a,7654abcf-7804-5af0-8ceb-1bf34e082b4d,CLASSIFIES
5bc6edd6-9ffd-5740-8f80-b20432eb8cc5,89c00131-0ce5-58dd-8326-3fe48cbaa53f,CLASSIFIES
a72314e2-5d6b-5ce1-89e3-c3d9d42b6bcb,aae93e70-b7ae-59ef-8f99-f0e2a12c6ba1,CLASSIFIES
c75c50ed-bf77-5cb4-88e4-d0b81d03efab,79d8fbac-1bff-5798-8120-c962949e670d,CLASSIFIES
df6dbbd4-7513-5581-8e31-596210eb9325,0dc9ea9d-2412-5757-8296-71d036a4ec37,CLASSIFIES
cdf11d56-d39b-5ec6-8275-a053eb80c5b3,7cfcab80-cdf8-586f-88af-4ba4b3f72285,CLASSIFIES
dd04053f-54eb-5261-8457-4906d166041c,5e95e135-a42c-5d2d-881a-33ab94d33316,CLASSIFIES
9b4c5096-70e2-5693-8e87-52617d86eace,c80a2820-f76c-589e-8a48-29d9087370e4,CLASSIFIES
4e78bad7-3e01-5027-817a-c5a57f0bf5ca,de7eb427-76aa-5505-88a4-61fb26cdcb73,CLASSIFIES
7ec8cddb-30a2-564d-8f04-3515cb432dbd,194e691a-7901-591a-886b-c3106535ab33,CLASSIFIES
0d7ac3d8-c5eb-55d1-8d2b-77109a60a814,bd964cad-6c60-5998-827d-024ec1859ef3,CLASSIFIES
d65a111c-2bf8-56da-86ed-c94f202a2036,d9922899-f1f6-57c2-8835-0886448e6e25,CLASSIFIES
9d3426d9-f534-56c4-828b-908fc84245fb,39b0c144-918f-5456-8f53-769dbfa40720,CLASSIFIES
a67711f6-62c4-52a2-82a4-f3f27e69e803,b83e4b4e-e032-5f2a-8ee8-1c63bea1b714,CLASSIFIES
7349071a-d001-523d-8204-d54d55d1001e,44ce575e-9ece-5376-8c91-ab1ae6184651,CLASSIFIES
3a8957f6-9b97-5f2b-8f1d-2269576e2e2c,57782253-4289-5b7e-8a8d-5402f1166c9f,CLASSIFIES
dc93081a-b924-516e-8f8b-a0bb6bcada32,49af944e-e872-54d2-8963-46bfdc697c2b,CLASSIFIES
f9ef715a-e0ba-5ee0-847b-8850383ba3f0,35711a17-2a58-5782-8e9a-c0107d79c082,CLASSIFIES
5d527cc2-a87f-50ef-8967-cde03b60cb9f,e1024e07-3a2f-50df-847f-76e2103856b9,CLASSIFIES
4694520b-0963-5d32-881f-6fba7a0347f6,ba83cc8d-3d5f-5111-8209-90c241d8da6b,CLASSIFIES
89e36ceb-a0cb-5eb8-8430-3c1aeae00b8a,0c051118-8893-5aa7-8cfe-7b122515b4d0,CLASSIFIES
2dfe188a-3504-590b-80e1-7a24d8756186,b5f248c1-44a6-5667-88ef-fc5456f67e2d,CLASSIFIES
634702c7-1d32-53bf-8ace-ffc2f3e32199,945cded7-9a7c-5c1a-851c-f4858f25c0b6,CLASSIFIES
c6ba8919-a338-551e-8c9d-a7bfa64311ff,1ab24f45-19ed-5822-8dd9-e2ee31667d43,CLASSIFIES
fe1413e4-dc7d-5816-8073-6b1fbf3c9bde,62c6a1ae-934c-52f3-852a-97992efd82bf,CLASSIFIES
2e9c0826-bb41-5cd0-8906-89048c3aa927,1caaca84-3171-5322-80b6-82ca4038a342,CLASSIFIES
9dd772d3-9859-5edc-8c48-28cf15c4205a,951492c4-3a10-5ef9-8f54-e220995cc72f,CLASSIFIES
65e61494-8e12-57b8-8ca5-70e31dc048db,950713ae-e97a-5a43-86cf-ee2bd1fe9005,CLASSIFIES
7fae5c53-3430-5fd6-8601-1e468d372827,e5179f4a-4ac7-528e-84e6-80ccb83bbf71,CLASSIFIES
096d2548-9065-5306-8f54-7e299e0a4a62,872fc018-3c3b-5958-8f43-fe0ccebf108a,CLASSIFIES
2099f9a0-0d5f-5994-8d51-495aad93cd63,f38a4fa4-185c-5ba9-8b67-c5444ea24bb0,CLASSIFIES
5a72d85f-ddcd-5fce-8a36-8a16dc963c19,3e395436-eab3-5cbf-8cbe-b5160178249f,CLASSIFIES
1094e90e-d5b6-57f1-863f-b1fa0a8a8cb1,30f6d7e1-f654-5fb6-898f-ef7b149d836b,CLASSIFIES
f47ccfd4-9e0f-5fb9-8e07-809e9762f49a,23945e32-3296-5a11-8b26-a43e3f3e4927,CLASSIFIES
3f45bbe7-7432-534e-884e-caa74daa20c1,4a6d72b7-3b74-51fc-8475-06f0cb925d80,CLASSIFIES
f1216c2a-b87c-5a32-835a-d680fdeffb0a,2dd4d7f1-f7d6-5b1d-8b5a-be3b8db4fb0c,CLASSIFIES
04a2f27d-8716-5197-80bd-94af7dfa91ae,1ed0eca4-58d9-55d0-8806-24b9e72a20d2,CLASSIFIES
2dc5f87e-f334-5e13-880a-4a052a17aa28,5a85f7bf-3aac-5537-8ac7-098d6edb9d94,CLASSIFIES
1820afd8-258c-5d23-84c4-8f6e2f8ae7bf,63cf7eea-7912-5f43-88da-4525488ebd1e,CLASSIFIES
2d758edc-d6ec-59f8-8e29-bc71b602797a,49af944e-e872-54d2-8963-46bfdc697c2b,CLASSIFIES
4ce21b6b-daad-57f9-827d-5f7081fa2c80,e619022a-0d2a-59de-87ed-536345e152a4,CLASSIFIES
3a0f50f7-19e3-5095-85d8-6e9014509288,3e136dbc-6564-523d-8b1f-a48043bdc3bf,CLASSIFIES
a8192d81-43ba-52f0-8fbf-f9eb37f70f7c,5042b99c-392c-520b-8487-88dd9312d4bc,CLASSIFIES
44af6464-7429-5436-846b-be4dc10a5f92,6bf100c9-939c-5603-8d58-a4d71a74601a,CLASSIFIES
bcd3698e-94d3-577b-8f32-c316def08a66,b18f3f22-ea59-5229-8f08-4e805469f6c9,CLASSIFIES
e000b890-9200-544e-82aa-d28a1525a8d4,82a6ba9c-2f61-570f-8280-92f750f6791d,CLASSIFIES
8c559ec9-d26f-5c73-83f1-db19ed7fd749,c17e17cd-d24c-5fe3-8e62-5b7c113baf09,CLASSIFIES
07607af6-7273-5970-812e-892eab3f4e85,35711a17-2a58-5782-8e9a-c0107d79c082,CLASSIFIES
8e4d709c-3bf7-507a-8997-af43e0328ddf,4ae5a5a1-5b22-5fe2-8e7a-927793fd8eda,CLASSIFIES
0002527b-c95d-567f-8eda-c09283752209,ba83cc8d-3d5f-5111-8209-90c241d8da6b,CLASSIFIES
4a3cdc5c-640b-5e34-8177-b32ff9945e6c,594405c3-4693-5185-8faf-83abe41598fa,CLASSIFIES
49dd0957-afd9-513f-81ea-df711f123239,cf7f4447-bff9-5de5-8a4b-a0204d44bbe3,CLASSIFIES
14dd542a-6287-5eeb-87f1-4a7235c1e6fd,17a2fedc-4e7c-5154-8e12-ef3905d835b5,CLASSIFIES
5acab71b-6bea-5e4d-8934-970cef581236,c80a2820-f76c-589e-8a48-29d9087370e4,CLASSIFIES
029de2eb-9c6a-5873-835f-3909600fe2b2,520de1c7-1bc1-53cf-8ad1-af396960e6e8,CLASSIFIES
09a94e5c-3df0-5564-8957-beca2cfdf3eb,aae93e70-b7ae-59ef-8f99-f0e2a12c6ba1,CLASSIFIES
c6001f2d-f809-5382-8808-97103bbe633e,336deb9e-66d2-5e5a-8bc7-16b0f93f2bc0,CLASSIFIES
077f4a60-fd10-50c5-8532-950846011e17,7654abcf-7804-5af0-8ceb-1bf34e082b4d,CLASSIFIES
7687194c-0a25-5c17-8b6c-0aa01070b19f,0fa44829-ce2f-5c27-81bc-ef8e70c27377,CLASSIFIES
57456a37-ce6c-5c40-8064-c915fcdc5383,7872822b-4725-5671-8292-cd9cdf037105,CLASSIFIES
472941bc-969d-5df4-862f-5e4d4f788f49,5de0c3a9-7d26-513b-83a1-6264ac9615ee,CLASSIFIES
d75157b4-7a4a-54b9-8046-1df06af23a3c,0118f990-2cca-5b5e-8eb5-a86a7a571c9d,CLASSIFIES
5e380910-023c-5f71-8b0f-8ecf5f2e9695,e0da169e-a3eb-5de1-8d19-b4c898a23f5e,CLASSIFIES
9ebee459-174d-5552-8777-e4480ed32175,054a03aa-f43e-51c4-8660-dd77d7f553fe,CLASSIFIES
79926c51-ffa5-5e66-8c41-4f9e08d70f46,99499c0b-5e4c-5063-8f7f-f96ff24fb604,CLASSIFIES
ecd59a5e-0f6d-5255-862d-ef96640b8dd0,cf04f234-5512-5cc8-84ee-984cba506a52,CLASSIFIES
f09fbb0b-83d1-5223-8369-ab918710dfaf,70acadee-7489-5dbf-8e5f-3cdeafda19f6,CLASSIFIES
2a50ccde-8f4f-5f91-8f65-5e41a403baba,b69e2a5c-44db-5690-8fa7-e254bb0397da,CLASSIFIES
457570a3-b604-5479-8e3e-1029af1bfe99,1bbf2a97-64d0-5aa9-8e27-99fb6a747be0,CLASSIFIES
761b59bb-d8e1-581a-86df-4393fa775683,f934fc3b-cb4f-5d68-8032-af8fbd6b32be,CLASSIFIES
b2f765bd-2f00-55b5-827f-46daf88d2481,e78b626c-49dc-59e6-864b-5e6e38d6490c,CLASSIFIES
121e0452-ae3d-5d14-8dab-9169336f84c1,a5b28849-6d9a-5f21-8519-246f1c371074,CLASSIFIES
a5ad8a8c-fd97-5f0a-80be-4ab3b53ee82b,a28a25a8-fac0-5fee-8e2a-1bc12718bc21,CLASSIFIES
480f2b67-3a10-5444-8de2-152aa6f42d89,89c00131-0ce5-58dd-8326-3fe48cbaa53f,CLASSIFIES
79a56ec2-ae50-525b-8430-d328a56d7ee6,ac2800dd-1f6f-53db-8c08-9cac67e4e32d,CLASSIFIES
1aa37f71-d233-51f5-8373-fb5f3a74dfdb,70eb43a2-2113-5ced-8fbe-1c9f95fe5ea6,CLASSIFIES
f30f223d-4edd-548b-8f01-b400be885f55,194e691a-7901-591a-886b-c3106535ab33,CLASSIFIES
1d3ca126-23bc-5284-8bb3-f3373fdf085e,956f52f6-6ba8-5908-8cb8-4ccecedcff52,CLASSIFIES
611274e1-8a70-5dc5-8e0f-251138a052c0,b7d21c66-e1ad-5637-863a-fbef44ff2ba8,CLASSIFIES
b4b77e0e-0e77-5fb5-8979-d242169f743c,8443126b-6c22-51ad-8d20-03637043e810,CLASSIFIES
ffe01c21-5abd-5d64-8884-d04b96e80b02,5327120e-427e-525c-8f03-275268aa5abc,CLASSIFIES
daf2481e-7682-513b-8b05-b72869c14d38,35711a17-2a58-5782-8e9a-c0107d79c082,CLASSIFIES
7f8877c0-80d2-586d-824f-2fbf04a7770b,e1024e07-3a2f-50df-847f-76e2103856b9,CLASSIFIES
235765cf-f1aa-56bd-8e75-9d1f4fc7a89b,61781b8d-c767-5cd0-8ae9-1a2ca0388269,CLASSIFIES
3ca3071b-ad28-59b2-871b-9bb4cb1b965d,8633dda8-5043-53fe-8c04-293b5d3c0dab,CLASSIFIES
951b9e6c-a86a-58ab-8900-487d937e0ab5,4ee62215-024b-5df7-8c93-7328dda41fe7,CLASSIFIES
d26bbf64-74d4-52ee-8c7a-6b4f2f4a7362,d11c04b4-f806-5b01-87a8-d9c349b4a076,CLASSIFIES
73285cc1-bf9c-59ff-8a51-e84d7cb9b930,284206cb-180f-5107-812a-7e2da3c55412,CLASSIFIES
af342b4f-a6f4-59d0-81b1-10f4e2863dc8,4bbbe511-695d-53cb-8211-201f3122414e,CLASSIFIES
eaf678f8-09f2-5338-867e-567b82cc9786,776b43e7-d7ce-52ed-8d7b-8ba2b56f24d7,CLASSIFIES
ecba4c35-1b06-5396-8f5c-98e7b7f4b43c,b43878cf-dbd4-519b-8cf3-832264bb56e4,CLASSIFIES
bef1fd44-4da6-5384-82ca-668096174015,6ba9af9f-e1c4-5a79-8771-5872281d4b21,CLASSIFIES
3ba186f3-6c4e-5dbc-83e1-a2145003d2f2,eb64591b-4e38-537b-8e1a-cd8dee1e87ac,CLASSIFIES
2552fa94-e91c-5679-8613-6c00b1b6bce6,fb8b589d-68eb-54ac-8fc7-0677f3468732,CLASSIFIES
24dea3cd-10a2-5e70-85e7-9d9615c74c13,823089f1-d13a-5f47-819a-e5fc21651bc7,CLASSIFIES
31a4548b-e0da-5697-87a7-237575406fa4,26813213-8705-5ea9-89ab-7bd28a7c772c,CLASSIFIES
78f19e64-4b7b-5cfa-871e-440a8fd46de2,5fb849dc-775e-5505-8817-090d3b59a624,CLASSIFIES
5a952520-481c-516d-8fae-4442e235434d,1150e737-d94a-5ee3-8b53-25aecaaec029,CLASSIFIES
f7d43a34-25d6-5a23-841a-616a21bbe41d,ad0d1ea6-2470-544a-8c36-81fde5b6878b,CLASSIFIES
6ca42234-5e77-501a-8ddb-495eee110cb6,31c68649-7caa-5ce9-8e0d-5e765a0f2df5,CLASSIFIES
0adc9dc8-320a-507c-8cbf-64cfbfdf9551,9591e114-f19c-545e-8613-245437e4f050,CLASSIFIES
f1709e13-4ad6-547d-8531-c918c7c48a72,08d427f9-1924-5717-825d-60c3c1a4f307,CLASSIFIES
6d90f64f-1f35-5c05-84ac-6a2b81d50028,a44fb9e9-3073-574d-84da-beca2d7e46ae,CLASSIFIES
776f24d0-7743-5593-805a-42f2c5963139,3ed08f53-4fff-5d44-8fe6-b6092fd45842,CLASSIFIES
f7af089c-382e-52e5-8ca9-b7b778ed585d,7f72d02f-7290-5a99-86c8-9adba9d745f7,CLASSIFIES
792ffdc1-58d0-51cb-8c4a-d363f426b07c,c9dddca2-f2ef-5c4b-8d3f-925a4cf8e75a,CLASSIFIES
2f4a49a4-2798-5eb5-890d-c4fdc44614d8,8bb4a8b8-c9f8-52e0-89b0-736376421c7f,CLASSIFIES
49a0933f-4579-514b-8714-bb62f2e45cb0,8bcee825-f6bc-567c-8216-815f7fee3515,CLASSIFIES
b2295880-5bcf-5af6-86af-a1a3137c9444,5fb92b68-d78b-5466-8fe3-49c8e0da6461,CLASSIFIES
cd238330-34e8-5c93-86d5-79c34fdb2b18,bc7e9364-b4d1-522c-8e95-442e7057755e,CLASSIFIES
ec4e3697-e874-52a7-8df0-dec51b51ef4c,3e186d2d-a658-5965-8eea-c7a048fc6bf9,CLASSIFIES
46059ab6-6ad7-58e7-8db9-35d7dff1b917,35711a17-2a58-5782-8e9a-c0107d79c082,CLASSIFIES
a895b979-9c3d-5930-856e-1cd79decd83d,aeb80ee4-25e0-59d5-8123-19d63f738e3b,CLASSIFIES
3abbe238-a87b-5e4c-8387-f770e80ec26f,16cfff01-a768-547a-81b3-016c4aa3020a,CLASSIFIES
b3f1884a-abaf-5620-89e3-4164a98ac2f3,05dc073d-907f-51a4-8ad2-b18648e5175c,CLASSIFIES
4afe7079-a968-5083-8714-a9eb9eea2997,e33ede15-30eb-5012-87be-e4398848427e,CLASSIFIES
1af26ddd-abe7-571c-8d0c-b5b388244b45,35d50aea-c95f-5292-8e55-8725103cb0c0,CLASSIFIES
12bb9ec5-555c-57f4-8f69-cb7fa9f447c5,bbfac751-37f6-5903-87d8-2a6322950257,CLASSIFIES
81ee37c7-3215-53b2-883a-d16b90c01398,a1cd73e5-6595-5264-8c7f-26e5c594fbcc,CLASSIFIES
7d13880c-0119-51f0-8b2e-e07975c5c9b1,079c1d60-821e-5024-80a4-6274a7cbd324,CLASSIFIES
c93aea8a-c4da-5038-85c4-89c60ad46241,594f377b-9148-5f93-8254-20ca15cb7a0c,CLASSIFIES
9803cbb2-7284-515d-821b-f6dc3e4f4f1d,e1c1f272-5c3c-5487-8d56-0a412b0f3dbf,CLASSIFIES
11cbb53d-c71f-5a52-898e-183aa15d8532,6ade57ee-0471-5137-8f32-1dc88150dfb3,CLASSIFIES
4c56106a-4c01-516f-8d7b-c9a79638b803,fdebc429-fd4d-5934-83e2-fba8df99db2b,CLASSIFIES
c84ebf88-37cc-5a0c-8e3e-43932d4c600c,93c90adf-ddde-5c9f-8d87-c277ffcbbe32,CLASSIFIES
f427aba9-8809-5ea8-84e9-f3214ef07ea4,4216f098-8fbd-5490-8390-0d719ba1184a,CLASSIFIES
5606c4a4-89a3-5228-8876-796d5b6c4a81,658b2753-a328-5bd5-8d9b-3d9552a435c9,CLASSIFIES
a7fbd46a-71bc-581b-87a5-8e29a9413034,94d2e120-5e54-5e77-87c1-d1db576fe84f,CLASSIFIES
8c12d4e5-0a74-5101-8148-21eb9143b148,e1b0b354-6f9a-50e6-8f3b-2ba7b170ad23,CLASSIFIES
3a183817-d279-5d65-84e3-1297d41b2abb,9cbbf7fb-536d-57f1-8a1c-91f07c866788,CLASSIFIES
608db690-d972-53c6-8cdd-74d8d047515f,60e807e3-726b-5022-877f-4b32240304ae,CLASSIFIES
e82a0237-047e-50f7-852a-b744bd339f6e,d7a7392f-1ae0-54a5-8767-00129f0b3f4c,CLASSIFIES
aec15e56-b330-59a7-8462-a1c4bbf1bfd8,89a82dc0-c889-5c50-87ec-20a01739126e,CLASSIFIES
a112b06e-64f7-5a91-8cd5-1f51391efde5,0be64bfd-6bd6-57d4-8bc0-93b8d5d8665a,CLASSIFIES
97bc167c-6270-5ab9-8b16-531a6d672819,f21e2c31-155b-5814-8882-8eddaeeffce9,CLASSIFIES
54d82f16-160a-5a8a-8f20-5300ca19e2b6,1445b582-352f-5ad5-8aeb-df89d869626c,CLASSIFIES
1fcb7fcc-445e-53bf-838d-b8297a798cb4,adac1990-f5e8-5cff-89d5-17b25c6c5a33,CLASSIFIES
d81faeb8-4d1f-5e86-8d66-ab33d75f59ad,2e3e9118-2b6d-5fd8-8801-5410303ef451,CLASSIFIES
bb4e4f9d-71e8-51ad-8512-af66e59d2053,202273f3-ce64-565c-824c-f927d4756f38,CLASSIFIES
dc2b729f-bd7c-5a02-8c84-b22e7b65d5a8,e543af04-0641-56df-8921-cbdf1f858599,CLASSIFIES
cd3e822f-8524-5e30-8b2f-60767c63d851,52caa29f-32a9-525a-8ba3-fb696dd758c7,CLASSIFIES
5e6cbd66-bdc3-5b76-8dec-15363555d13e,9094c514-6b34-5ad1-86e5-667e7d59380f,CLASSIFIES
f5b5664b-8738-5e66-8f17-5f0920157412,88bba4e6-3a62-56b3-8a8d-ee1a0f16e016,CLASSIFIES
3ab32700-8bf8-533b-8d80-d91e2e7785cf,7ef81ea3-634c-5923-80d4-2bdf7c6f9741,CLASSIFIES
fe59f69e-5112-5837-849b-8af8e376edc8,9a03358f-afd5-505d-8a68-71a3fd81f3ed,CLASSIFIES
56c2a55b-d207-5486-8974-e437cf3850dd,f878c7e0-a105-591f-8726-af5116780d49,CLASSIFIES
bc6b985a-a813-52ef-849d-2fbc0b0a3789,0e7664ba-55e6-5c8a-8b45-0a840198a3e3,CLASSIFIES
379e0ba9-a058-5f47-87bf-5826dd7a951c,65439e1e-5d2c-5773-8088-34d5e1e90f7a,CLASSIFIES
f67df240-1b97-5055-8e30-f0eaca4c8318,7da84db0-0028-5d62-89a6-0dbe568e307d,CLASSIFIES
3a356516-04c9-59c0-834b-4c47e9ce4576,3e733f8b-2dfa-52e4-8395-60dd8b0f3740,CLASSIFIES
978ab2bd-a524-5fc4-884a-903df6f80d76,3c0ffef2-2a05-5923-808d-6ccac9f50813,CLASSIFIES
3c8f893b-2724-50a5-8269-b1857dd550b5,67744bd5-d2e5-5c4f-88b0-c66dbb10eaae,CLASSIFIES
9a660f0a-ed0f-5d11-8ad5-bc9a4c07999e,c9869cb2-50e0-55e0-865c-46e3289e1826,CLASSIFIES
ad3e6ea6-0b3a-52a9-87f3-149e25f0277b,08976aca-5b28-5c2f-8558-ce4186afbbff,CLASSIFIES
57a896d0-5dbc-5810-8fc0-f0881ce5f9f2,f2eeb47e-288b-5462-8a24-be174cb44463,CLASSIFIES
d33b884a-9cb1-56d0-8fef-18afcf3dbca7,e0d421cf-f612-57ba-890c-d905669b974c,CLASSIFIES
df075f2b-0634-5b75-8fea-2b431bd58200,c1016caf-8c5f-5f23-806f-75759c2be9e6,CLASSIFIES
3e097b85-c5c9-5564-8aa6-11cdf259dda8,36219d35-be97-5f44-8896-830d688c35aa,CLASSIFIES
f099f01e-fbe7-5c99-8156-2000997230ed,a5a5aed1-d596-550f-8476-ce555915cc4a,CLASSIFIES
c22add5f-6c16-53a4-8c44-4cd665aff5ad,231f9259-b146-5d87-8fad-2eb821db5908,CLASSIFIES
1275fd17-319b-5cde-8022-14dc28b19671,6ac68143-5ed9-56bd-811e-f255c63174bf,CLASSIFIES
6ea7cbf4-6392-5565-83d4-516f93c3c321,df761186-57ec-5576-8834-ba0ff704c7fd,CLASSIFIES
768feb8b-a2fe-541b-8325-c8ee12472f44,1b66973b-2628-5120-886f-6622324ebc47,CLASSIFIES
3b19c3a3-2604-5058-84d3-3ecd871c3bba,7773d624-379e-5482-8528-415f592e78c7,CLASSIFIES
5cbd75a6-e60d-51e3-80bc-8d33d9c7988e,2b76122c-1348-5ece-8990-3bafaa938359,CLASSIFIES
85c7b596-ef09-551e-819b-dac18da31e1e,22f0da75-599c-5422-8cc0-b8e64fd448d0,CLASSIFIES
d8244986-1e66-58d6-819a-d4ee74dbca6f,e8d625d0-df93-5f58-8086-1b979959cc4d,CLASSIFIES
ff1698bd-28fa-5b40-87f7-d88732746813,a3cd4cff-2c2e-5370-8c3c-b6f72cc74940,CLASSIFIES
b56fae51-5f48-528c-8168-8d9f0e871a5c,0d737e68-56e3-5f83-8d35-8debc9664769,CLASSIFIES
e49ac44d-50f9-5e26-8429-fbbc4ea8f1a7,ae521245-b4d6-58d8-8137-49ecedc4579e,CLASSIFIES
075f4478-294b-5b1a-8316-4fa94f34a2c6,c3f8b71a-1f30-537d-8081-641d85c25284,CLASSIFIES
1e651c27-f303-5899-8d4b-de51804d31eb,7bf4e288-af9c-5690-8a35-f8e241dab8e4,CLASSIFIES
9f36d162-d608-5e47-826b-7742e039512f,1aeab1fc-4406-5c88-85be-786f4837e466,CLASSIFIES
d28f40ef-58fc-587f-8183-a53b7107cb7d,103b6d85-0a56-577d-846e-31070b8351e6,CLASSIFIES
92b39647-1c2d-55f3-8454-e32f1feabb77,5ebbfae4-d14c-5c4d-8d39-8617d320596d,CLASSIFIES
e73f6589-fcc3-513f-8f4f-00b1b407a31a,7892b056-2ec1-5c42-83c5-47154f62bcd9,CLASSIFIES
828c8502-5414-5f43-8478-278d8f0f69cf,d272aa3f-3d6f-5550-8241-f2b1b50abe89,CLASSIFIES
f2bfc877-7d2b-5823-8d49-2508960b6bf7,beea924d-7f51-5b17-8bcc-4192c2eaf60e,CLASSIFIES
feacfcdf-4c6c-5fb1-8769-504c1c806254,676496ce-cc08-51ad-8ff4-0e6c69494708,CLASSIFIES
85b744e0-3ffc-584e-8f03-0877203fa156,197650b3-8190-5682-8367-9e616e500a9b,CLASSIFIES
ca3bb626-095d-583e-80ec-a876cbcec900,5b0430b8-a235-51a1-8b37-1d28b977c542,CLASSIFIES
57053820-5cde-5033-8a19-e9706697c6fe,42859d2b-7d40-51f2-8f26-687b104b80f3,CLASSIFIES
9f6ed0db-8747-51c3-8be6-b417fd4713b3,63719628-2e81-5775-8b66-9b9545f069ed,CLASSIFIES
8dae0b58-2a43-5344-818a-408dc8d8c2ae,9f601a42-f06f-52f3-880f-fec897029446,CLASSIFIES
5c46782c-5aa3-5538-8090-5a8a8998d14c,86bfc6d5-0c91-5520-852d-0bcb448e8001,CLASSIFIES
74ac3aac-dec1-5a34-8eb6-01f62cbf435a,fd42b321-0212-5ae6-8fb6-ea38711760fc,CLASSIFIES
ee6b6212-d06f-5ada-8384-9d6c9a028415,7c06f219-b628-5622-8a4a-5114c06481f1,CLASSIFIES
9d5996d3-e516-5de6-8ab9-ca9e45a3857d,2c0701cb-cc0a-5a11-843a-fcf88f748f54,CLASSIFIES
6f56cb67-d959-52ed-81cc-327d94e9a844,b430b543-aa78-5fee-80c3-a8c3ba588ba0,CLASSIFIES
4c134384-670c-5a38-8ab1-4625eee8dbd6,540cd16e-4e36-519f-86af-519272f1abdc,CLASSIFIES
46ea642f-f8c6-5158-8daa-c5db565cca1d,2bb7e4b2-3a30-5cd3-807f-95c9dd00547b,CLASSIFIES
fea0c665-343f-5e04-825d-235426458ede,cea603b8-ba2f-5d03-8933-85cc93396d70,CLASSIFIES
8c915e58-614a-5756-8d15-8b5a9ab70604,89e7dcca-adb4-59e3-8527-29617b88b2dd,CLASSIFIES
7e6a4ae5-2a91-596c-89a3-0acaff38b2f7,0ae5d400-d077-5e77-858b-37bc689be8d2,CLASSIFIES
8cf40b95-dd37-53c7-815c-e8967dd67a89,49af944e-e872-54d2-8963-46bfdc697c2b,CLASSIFIES
e713bf3b-c80a-507b-8d06-60e4abb8cc5b,8ad0e8a0-ad14-5e51-80c3-4f2199d4e3b4,CLASSIFIES
f816ae9f-a425-5780-8e78-1e528edb108c,f0562e86-7dad-515a-84d6-e97cf888939b,CLASSIFIES
e9c28f30-ef28-5b3a-8932-d1cb34f3a5ee,bdb69429-c026-533a-8c10-cc71b34e47e6,CLASSIFIES
37f47b3c-1d98-5b64-8598-62932b957156,a75a51cf-52a5-5224-8c8b-7ab63c57c7fa,CLASSIFIES
b014091c-fc00-5ef7-839a-47722c1e25c1,14382a8b-983b-5734-8c2d-3c59f27eddfe,CLASSIFIES
af25679e-ed99-5e96-8066-a8f0065bd71f,581c91a2-ff52-5a17-8e21-112b000e7b4e,CLASSIFIES
b9cfa675-005f-5cfe-8f26-af136ce19a4b,0aaaa332-ce55-597f-846e-6fbc597def68,CLASSIFIES
9640e7b5-821e-512a-8236-9d7d10400e91,f2885e76-9681-56b5-8308-612f99fff82a,CLASSIFIES
16cc3c45-540f-55c9-8528-f4b50591aa16,e8b7b343-19df-58d5-8f84-e15950de5c97,CLASSIFIES
22e3f908-826a-5084-8e91-8b53a746cd36,6bb270c8-8a55-5caf-8862-882261a732ea,CLASSIFIES
e6daa4eb-3ce1-5c4b-8d24-d22125284d29,6ae88d65-37d5-5491-8209-5350656699e3,CLASSIFIES
d6a1578f-149e-52ce-88e4-a213e3bad3e2,b66782be-4050-53da-8bd7-1f8b5a6a0b66,CLASSIFIES
2454ae97-8922-59b5-8a72-031868e4ae8b,22f2c95f-d44a-5caa-8314-75979010208c,CLASSIFIES
e4d72ad7-b2fd-5dff-8f03-402b29a625e6,294921a2-547c-50fe-8a7c-5641607d98ce,CLASSIFIES
70992309-f0ee-5e55-8663-ee09ba06529e,f9673127-6037-580e-808b-232d9f28dfa2,CLASSIFIES
d57d2aab-3257-5b80-832b-408d40475d48,8127a740-001a-5254-8a5c-cdea2d0e9237,CLASSIFIES
d400e9f0-6753-595b-8107-5373f27dea58,10774bdc-6b93-504a-86f2-03d17fd2bdea,CLASSIFIES
6383e172-dc9e-5836-8ebc-bb1992223db6,52e674a1-5dbe-5df7-8b94-e58497b98935,CLASSIFIES
670941e3-cb20-56d7-8df8-9d3ceb28531c,b8ebea01-0e82-512f-8e46-8df45e7849d3,CLASSIFIES
5fce7339-3bb6-5fb3-85c4-62f6862ae20a,8d51c114-dc7f-52f3-8da0-411064e66625,CLASSIFIES
c78e3f18-eea9-554f-8288-66527bbfc694,2404ff93-bc01-5208-89cc-26a96d8c9590,CLASSIFIES
634dbc36-aaf0-533f-8337-d8f25064cf57,17d635d7-44b6-5692-84ef-0a5d4e5db5e3,CLASSIFIES
f726b5fa-ed68-5c6b-82e3-59bcfc14507b,fa590ae5-b838-5305-8699-d76c6fe46a0e,CLASSIFIES
13916be2-cf38-5c57-8d6b-8b68c03e79a5,d4ea21d2-9fc8-50d6-88eb-3201cf901d7b,CLASSIFIES
be2fbe70-a5f6-555f-86ac-22ef4081cf6b,0a6acf68-f261-5bd0-85e3-bd76eaecd583,CLASSIFIES
10d7db21-bead-53d1-8b97-2cdfcb6c523b,6d67d9ac-921e-5fd4-8dae-326b00eadc4b,CLASSIFIES
4cc62b94-3514-5ecc-8431-ae9f7d72c32d,df2e8eb2-be21-5837-8139-b2c7ae6502d1,CLASSIFIES
857ae72d-4587-580e-8d5a-6a99053a8bdd,095270e3-a467-5e7f-896b-0ab25e8acd44,CLASSIFIES
bc76303e-49da-52e4-8416-e69926f67365,b5e6516c-aafe-5935-84cc-dc6f7a8c8121,CLASSIFIES
22b5d576-1834-5fbb-8aa7-1439d2a441d9,8c7e37f6-b489-5224-82cd-32f20bf8e4bc,CLASSIFIES
735e1646-e601-5783-830f-0f2971d5cbbf,68495c0a-c4e1-5161-8e69-e2ab68d7c939,CLASSIFIES
44f7779b-c682-544d-875e-be5bc58848b8,fae917b6-1e3b-5220-8c38-6e1678b3d77a,CLASSIFIES
da328b7d-b404-5092-8821-91246e797bcb,e0d421cf-f612-57ba-890c-d905669b974c,CLASSIFIES
25d6e513-b933-553b-8394-16794020dbab,dcdb43ad-d4d4-5b6f-8768-2e9991f67de3,CLASSIFIES
079b3942-eb56-5f0c-8cc5-ea275b1e3d7a,0d609b5d-e77b-5905-8315-1bad0b1822aa,CLASSIFIES
84561355-5805-55f4-8852-418eba6fa8e4,f21e2c31-155b-5814-8882-8eddaeeffce9,CLASSIFIES
b4c6a441-0ae6-59d8-8066-fa12179e2d50,17a2fedc-4e7c-5154-8e12-ef3905d835b5,CLASSIFIES
b80be646-0f62-5743-8fb9-c7eb798d6f89,3ee12c57-67b8-507f-8729-b6e853bc3e09,CLASSIFIES
31f84573-3f1b-5d39-8bc1-e2690d492bae,6e4625ea-b7cc-5639-859b-c13f3e5178b2,CLASSIFIES
6e8b3593-275c-5e63-8df6-47e42477524f,ba83cc8d-3d5f-5111-8209-90c241d8da6b,CLASSIFIES
11cbe1a5-a78e-540c-88ac-13c494aae8ee,35711a17-2a58-5782-8e9a-c0107d79c082,CLASSIFIES
fabca5e1-0036-50a6-8555-fad922343e66,49af944e-e872-54d2-8963-46bfdc697c2b,CLASSIFIES
c47b4e73-b52a-56c7-859f-1211003c71f3,4ae5a5a1-5b22-5fe2-8e7a-927793fd8eda,CLASSIFIES
fdbdd970-77ca-5b9c-8510-c9fc915be066,e619022a-0d2a-59de-87ed-536345e152a4,CLASSIFIES
bed2b49e-770e-5f58-812b-ae06837cac05,545acaf1-7e1a-5647-8fe6-533e556918d3,CLASSIFIES
fc599445-5d41-5a0a-8393-5b58281cc3b5,d64a580d-2f9a-5d36-85e2-9dbca8157a4f,CLASSIFIES
15f48fd3-0006-5d6f-81b1-1a8fd3c0ec0a,eff86cc6-4456-5062-8a20-4f052c2a3c8c,CLASSIFIES
104b7e31-d71a-5172-8f08-d97985147049,59aa29b4-ec21-5926-8309-e9eb6b2d310b,CLASSIFIES
04970c2f-fd22-58fa-86ea-2da8d1bee47e,3f3e83d1-4f14-5742-83f1-bed5aca90e48,CLASSIFIES
2481f8e0-3e9a-525b-80f3-3c411550f32d,2d795aae-ad89-5f0d-83dd-6d56be12fe86,CLASSIFIES
d5d3ebbb-229b-50b8-8380-15c3f857f246,26069abf-28e9-5ccf-89ac-8ed4c89f161f,CLASSIFIES
4e0a2399-fc06-5a21-8976-a302c78930e6,f9b099d2-e9a7-5682-856d-d41d4b2ab38e,CLASSIFIES
4ab5638c-78db-5833-8b74-5f05ff8e6d6c,190c7c68-3681-588a-8fb1-a965fa358dc0,CLASSIFIES
d5e2ddd7-bf98-59d5-8155-e6b8118ab927,6b7fe513-66eb-52a6-88c4-5269ff6f3de8,CLASSIFIES
8bbf39a2-e6e8-5abb-82c6-1685120327e0,12d1bf2a-65b9-5d49-8c9c-9b451085fd85,CLASSIFIES
8e9f601a-8ee5-5122-88d7-3b073edd1473,37be46b6-50b2-50de-85a1-b6457b2ac93b,CLASSIFIES
21e23fc5-a603-5c94-88e4-a0b112a8d66e,35bf4437-def9-5ea4-8946-5eb9ba717eaa,CLASSIFIES
49d5c64b-f9e6-5537-8949-fbdb8bbde4e3,7c55d63b-8850-5592-8b97-407703de73b4,CLASSIFIES
1ecf8be8-5dce-51df-8dc5-ff90398e1e40,093b0b9b-4bff-50b8-8688-f89e30bd244c,CLASSIFIES
cb03e9e7-e430-5ed4-81a3-daaf6219bbc1,669e9e54-b347-5c30-8037-50201d7e4434,CLASSIFIES
702d8ac5-73b2-540a-82a8-2c064a2bba46,d1841cf0-0b53-5a6e-8f75-6df235b44054,CLASSIFIES
be0963d1-9cb5-526d-8908-47fb5332ceee,1e1f8853-8be8-54e0-8184-97ca2dbf5c78,CLASSIFIES
8f90c1bf-aeae-5b01-866f-d139dc77ecc6,9f6367c9-3cbf-51c9-83a9-a884dd101906,CLASSIFIES
e36d4932-c69e-5f0f-8c83-0b0f63cca762,5b2a7604-4f5a-5732-8c1c-6b4f026fa296,CLASSIFIES
99dc512b-6dcf-5eca-8d14-d6a722065fc1,77198c69-b2ed-5401-8196-a8d470181075,CLASSIFIES
5351d6ea-2ab2-5aaa-8a1f-188b0eee1da8,4e97cfd4-c300-5579-8a8e-93f1f53ff062,CLASSIFIES
e4b00f6c-f246-51ed-8672-a139b7edac38,09b917c6-9568-5c8f-82a3-a1d05a706580,CLASSIFIES
028582b4-8f50-5c81-83f4-5778f986d2bd,49a9290b-2560-5e6a-868b-12dc822e024f,CLASSIFIES
5836e8b8-dc76-51b4-8320-eb6cc33522c4,5e6d6323-36de-5c02-809c-e4198a5ed699,CLASSIFIES
e9e087b4-0fd5-5b9c-840b-8f8eceda4245,1c0ae6a8-5fb7-5184-8fd6-f1f1e941db1f,CLASSIFIES
6763f858-2712-5f23-8460-8a033b1aa93c,f6378588-75a4-59b9-808d-718f00abfc13,CLASSIFIES
d274d69b-936b-54db-88b0-b5601bd4f3f5,a8ad60d7-ac55-591c-827f-2e5e229a495d,CLASSIFIES
b21f3c4b-4c61-5ed1-8755-733c4fc4d197,141bab14-c931-59bd-8070-dfbb9464cfad,CLASSIFIES
4405010e-5b70-5da8-872a-e85b14380867,7344b6a2-5e4a-5437-8fc9-2f70cd80613b,CLASSIFIES
bab620f1-e57c-568f-8e78-5d5040167f5b,55deac60-ce4e-5491-8189-75106572a0c3,CLASSIFIES
1a0f5368-167e-572c-8c36-07e6c525fc2f,1fcca151-6d6b-5134-8f83-76dafa5c10be,CLASSIFIES
5df259b0-ad86-5cb2-8160-895eaf6a99ae,55b55e9d-13e3-5a72-8e04-1378bc5fec00,CLASSIFIES
12b7693c-d1f2-5163-8b3f-53336c43fc05,e938a356-b2ac-5a4f-8683-9616a83f77b2,CLASSIFIES
31e9d127-6b62-537e-820a-1b80eb3a3cc4,89893273-cefa-5112-8378-1f810ba2df6f,CLASSIFIES
be7f7434-741a-5c99-8cbc-bdaefc4e32e3,55278cfd-03fb-5e39-8824-664ff1ae5868,CLASSIFIES
c69d3f70-7e3e-56bc-8bef-981341f75b2a,f2bd5697-192d-5121-83d3-0ccec9d2e9d3,CLASSIFIES
1b21bd6f-aecb-501d-8696-2854e0847833,852e7a38-1bdd-5ad0-8ead-8e3837180bf2,CLASSIFIES
e332daaf-3cc5-528a-8d83-4e4cf5d0f99c,68837c1e-800c-5c1f-80a1-7ddc94430d13,CLASSIFIES
c65526b8-a3de-5ad2-8323-2d3674d432b8,1eeebdc8-903f-5609-846a-6cffdc42e393,CLASSIFIES
d2513e62-29c1-5e38-8eb1-c2b9ef4ea054,65dda864-271a-5b91-8869-34ab3da756a1,CLASSIFIES
a3a8ab51-d500-551b-8e84-9386bf9e6ef2,30ab831a-71dd-5ddd-8960-dc532ad21dff,CLASSIFIES
efda81de-18eb-541c-85b9-c18e041a1f2c,2e11c891-9302-5a25-83e4-fb5623db8bc6,CLASSIFIES
a099c3d6-5fab-56b1-8332-6539ce77d432,9f43c500-1a18-5dd6-8298-12838fb1bd97,CLASSIFIES
e35d5b88-044f-5afc-84d1-8bad00bbd89d,f9cf7a01-d7e7-5a65-8cae-66e14b1c48d2,CLASSIFIES
6b8c8272-2377-5755-8798-edcf85107fbc,52af8752-b19c-5421-85f4-0a7ea915e513,CLASSIFIES
157341e0-9962-514a-8e58-79b548ca60a8,345a9ff2-81c5-533a-8d28-2c5299d06fc6,CLASSIFIES
c4858739-05f4-5e35-8c0f-c4a57776e82f,d7d86cca-4acc-52f7-8457-fdadad6e64b1,CLASSIFIES
53f81da5-acf2-5b22-8208-b73d40d38b78,eb78072f-d37b-51a4-81a8-5effb07fde58,CLASSIFIES
2bbea512-7a7a-52b1-8642-d852d7ea3b0e,3c9f1a73-b935-5c89-80d9-4b6c09cd7c99,CLASSIFIES
e91814bd-d16d-5e57-83c9-38af407c4db9,239d4200-187c-5ab9-85b3-6cfd68c9e234,CLASSIFIES
5f720bd0-b037-5983-830e-b8ff9e074d5c,39fedabb-f63b-562b-8c89-41d07bd01bcd,CLASSIFIES
2e078a66-7ed3-5deb-8f8c-209432f2f822,bf734ade-b3b9-5dc4-8b62-7a476069261e,CLASSIFIES
c2bff644-e7bd-52e2-8d1e-5b276004f0ed,79576798-32db-5a11-8585-9628df8ee10e,CLASSIFIES
aab5d403-36d1-5d10-87b0-d3e64d1d78df,e368d855-6244-5393-8d78-e0448e569a48,CLASSIFIES
263bbe73-f968-51dc-8b41-e1989d04d937,f972a265-1259-5f69-83da-9030be0d281e,CLASSIFIES
451a86fb-a670-5fb8-8ad4-0c6acf778ad4,6ededeb7-bc3b-52cb-8c3f-8faac692ea50,CLASSIFIES
fb8dc608-b06c-5b91-8c4b-0f761a460cc4,eac7b554-abaf-5674-857c-08b908717d8d,CLASSIFIES
df2f03e5-1d9a-5ba7-87fe-fea6a6dd2f36,7d53c137-59e8-585b-8f3d-f186987f17f5,CLASSIFIES
404278b0-094f-572a-82df-9ac8ff4becda,31bfa22e-2c91-59a3-8328-5ac82788f358,CLASSIFIES
6384689a-1ae1-59c1-8b9e-70cb4c62c8e2,2be4cb1f-5814-58e3-8af0-07ceec714a84,CLASSIFIES
e6abb41a-0905-556d-82f8-ea4d60663a1f,535977ce-c55c-51b5-85e3-36bd932ac1d2,CLASSIFIES
58d059ee-ffe3-527a-8240-1f898725aab5,2b2ca25e-0991-5cd8-8400-6f7cad021d55,CLASSIFIES
958074f6-bb1c-511c-8e84-b65fb36e681c,07f93e63-3803-5634-8769-8a59e552d9a8,CLASSIFIES
bb9f1431-ab44-5142-8948-1f340c104205,fb9477c2-a35c-5083-83f4-0970dad62589,CLASSIFIES
9a4813a6-f61d-50d2-8f30-4968a1de82b0,bc18b8d7-c80b-503d-80d7-2917df0ffcf6,CLASSIFIES
34e88db0-52da-5d14-87f8-ba33422032fd,c29fa3be-1324-5c3a-8cae-3cb6cac30b95,CLASSIFIES
31453517-93d5-5a8e-8165-7022d8a8923a,3a901ba5-a243-57fe-8cef-70a97e73c9db,CLASSIFIES
eb4c64d2-08c6-5f52-8dc2-eb9d1df6e505,ea0f5bf4-15c6-5fca-8eff-73339b575904,CLASSIFIES
c6e6e3ce-5e08-5a94-8615-7b83275bfd50,f193b016-0cf4-5018-8656-fc3a440a8183,CLASSIFIES
8cae0ac0-992b-57f7-8b9b-6f611ae32a47,12455c64-d1cb-5e72-84ad-fa24d41b96d7,CLASSIFIES
396f3a40-9769-5de0-8d11-3651f17c0e84,06f3332d-2551-5e14-897e-71c5ac52f014,CLASSIFIES
5d14fc29-5902-5f67-859c-06e11412a4ba,c0d6bf04-2e83-5a65-81bf-c1973063894b,CLASSIFIES
ae9c1676-f4d7-58e9-826e-20983579e76e,0b25cf98-0d2b-5faa-82b2-cf02109dbc65,CLASSIFIES
090e3fb9-fbc6-55e0-83a8-f0d75df1c39e,b0bbdf75-e1bf-58ad-8b51-2c4e4ee04289,CLASSIFIES
8653ef4f-f715-536d-8bfa-f178a940ca11,4feb7240-ff37-5030-89e7-ffe43c12fd39,CLASSIFIES
cfe48e80-7634-53e6-81b3-e6bcb4ecb46f,4a23e58b-0cf8-5579-8e1d-75bb130ef275,CLASSIFIES
a7f1ebd2-4f7d-542b-805a-a3c1a4f5914f,22a05faf-d31a-53be-84f1-33d413582ff6,CLASSIFIES
c04b1e95-9c3b-5eb3-825f-ce8515235430,7236a6dd-e2e7-5c73-82ed-cabbacf6ec49,CLASSIFIES
6afb6bcb-c5d6-5883-8191-84da6ae74ca1,52bf37ad-408b-55e1-8e42-78af231c2d8c,CLASSIFIES
1c2135c9-9804-590b-8dda-fc0328a6fe6e,5a5b62f0-c3ae-5b87-84b2-22a1e911e866,CLASSIFIES
aaaee7e2-cfa3-5dc2-8e25-63564f9619e4,d0136878-38b6-50fd-8e35-f39b000eb111,CLASSIFIES
aaad83ac-5c50-5475-8a88-553b8637f9ad,596d1ca9-f4b1-51f9-8373-19a451c44db0,CLASSIFIES
7475fd73-1b0a-5e23-8118-17d2d98c78ea,08a5e560-bdcf-55c0-8253-df6afec0598e,CLASSIFIES
b34c72ad-e416-54d5-8d6c-d2b0e2c49ec6,e1c3a070-70e8-56f0-8710-19dec48749dd,CLASSIFIES
3bccde2f-cf25-5251-810f-c94b2ca00590,b2466bcb-8965-5534-8e0c-3983ebf1a7fd,CLASSIFIES
9c686d38-3d9b-5da9-8cbb-f958bbab69e5,7ced1b70-a1b0-533e-8327-200d43edaad9,CLASSIFIES
c5650f45-5028-5d35-8959-8fd877b97fa8,9857cac6-e892-5e99-8624-ac6dff8f24e0,CLASSIFIES
8216a5de-c365-5c22-8971-55a0c3912fc0,dfbb0bf8-f20f-50bb-8a45-7e7f7b2c6d06,CLASSIFIES
ee143ad8-13f5-56df-8a38-f32da24bfa59,9e484ad7-421c-5190-8929-caef214df3e8,CLASSIFIES
840e2113-bc46-5b59-8bff-5ecd234077d0,55c00a0e-41b1-5e04-8e40-535bfbbf21c5,CLASSIFIES
96d3e88a-2b9c-5d15-807f-83d6cde39d15,fd875318-fb90-5635-8bd2-dd4409e4137f,CLASSIFIES
d8cf7b47-2a3d-58c4-8fcd-5b8c8aa0b2ed,faca2bf0-3fdf-55c9-8079-73617864c12c,CLASSIFIES
b81c5a40-a5f8-56f1-8d65-474b26f3af03,4e425a49-2633-5e4e-8372-fc3a3e1e08e3,CLASSIFIES
e8d99ac4-bc3b-5083-878b-3ab309d5d0ba,bc8580c9-100f-546d-8a8f-9f27ec8b1046,CLASSIFIES
4ccd216d-730f-5355-890b-8acc58592a81,44eff164-18c9-5e06-8637-e5db21a10f2d,CLASSIFIES
77c99ec5-c473-5edf-8dca-c2d2ab208efb,a3325a7e-0ab9-5fb2-88e5-a20dcb1ddd95,CLASSIFIES
d2c69c43-7a7d-5236-877c-730d2475031b,a9f556ad-6984-5bb2-86e8-5a1512f30518,CLASSIFIES
a199f3fb-98d7-58b9-8a1e-96ab7fc77067,054b6242-ed6b-5b90-8bf0-48365b2216f6,CLASSIFIES
7f90bc86-1ca4-5a27-8e08-9644798e1b25,827d8dc4-3cc5-5be1-8d51-06727a46ddf9,CLASSIFIES
d3e8935a-e2fe-59cc-8e9f-9da5d62901c6,cb0e29ea-8a18-5cf6-8bde-2f04234607ff,CLASSIFIES
5af4282b-a218-51db-8bb0-a05373f2fefd,cb1cd39a-c750-586f-8d44-81a906d4ac6b,CLASSIFIES
be40e19c-90b9-5351-8fca-3634043bc6ec,b1c1721a-6188-5091-8a96-5c93bbeea666,CLASSIFIES
328141c4-d6c6-55e1-8b42-04a3fa0d754b,5d47ec0d-f064-53c6-856b-33f7e226a574,CLASSIFIES
03eedce6-5a17-5f31-8b5f-76b371dd4f1b,28639f18-b886-5f83-8c87-01617f1575b9,CLASSIFIES
3f782ab8-6f00-57ef-8d3e-a0d1df4d0d89,3a100722-eaec-5633-881b-cdd3a56f4fea,CLASSIFIES
446e4c31-bfa0-5163-8c60-2778487c3afa,bc4efec3-6519-5079-8b5e-32f0f88f2522,CLASSIFIES
5726ae96-3889-5f56-84c3-5bf0a3e5f16f,9ae84aa5-5cb9-5fff-8a60-1fea10c4e306,CLASSIFIES
d59ab75c-320c-5273-8638-e3e926c0189e,6bcecd19-bbaf-5509-8b57-cd846b7def1a,CLASSIFIES
a8018c46-181e-58ea-81b8-5c90588d19c5,8747c763-deb7-58ed-8b59-46c3d84e4240,CLASSIFIES
c0e86dc5-cb6d-53c4-8dda-5c268902cd70,34a070ca-4853-5322-80d9-2501d44f5b7d,CLASSIFIES
372b0516-e49e-5392-8a79-cc48daa7bfd6,2cd67268-86a8-52d0-8139-d471707fe8bc,CLASSIFIES
1b3a296a-c895-5eb8-8e2e-455a70190d5b,c8c7c092-f0be-54d8-8549-532eccc46ad8,CLASSIFIES
151b3d2f-bd14-54a9-8574-679a3df9d250,cd15409f-7323-5b6e-88f1-36793ee67eaa,CLASSIFIES
91c024e7-82a8-5f2f-8b80-28d97b967704,19154fee-1c31-51a0-8fca-9e83261a41e6,CLASSIFIES
87f5a50d-fd98-53e5-8751-bb7b91081a37,7d130a4b-258b-5b36-83e2-f51229bc020f,CLASSIFIES
acccddc8-2c36-50da-8b84-e1355b59aa3e,dcaef382-6710-5053-806f-d241fa35a656,CLASSIFIES
3ee42748-62ec-5bc3-833c-7d850187f9a9,270355fa-860e-5cf8-8117-a0070ee44869,CLASSIFIES
c12de3a5-ed82-5737-84aa-ddf9e43e6a90,8e2e0d14-87ad-5eda-8bee-f44f837daa3b,CLASSIFIES
c053809a-b74e-5534-89fd-736be4cd56f2,3a18f8e3-4e4e-5503-87de-5ab39ff601fe,CLASSIFIES
622c9f0e-6839-5844-8588-326b7d735e39,bc3461c8-ce52-5330-8445-3d64f0c460bb,CLASSIFIES
ade6c103-eea4-595a-8e5d-3c4d890b1b2b,954c6c39-4caf-5c94-8474-5d652cba6728,CLASSIFIES
ee495523-fe89-5add-835f-507b56292c09,c1b75d0d-c522-5657-80aa-bae9c3a53876,CLASSIFIES
48a1504c-ebc9-538c-8f7f-3127c8bcee32,da11f96b-c1e5-58d8-817a-4e86b5d4d554,CLASSIFIES
537f07fd-5170-5514-8e7c-7b74d6b58be4,08a31368-1b35-5f18-844e-799ee7867cec,CLASSIFIES
a7ed47be-cec5-576e-8062-30618e660213,6fa3822a-00aa-5a2a-8761-47f184f57aab,CLASSIFIES
b43169d7-2673-5121-8805-8f2f169d6275,af5b3b37-00c2-56a5-80aa-38051d499982,CLASSIFIES
5c917798-13ff-5081-885f-6689b90941ef,2cded46c-dafb-5994-8eaf-0ad851bf1d8e,CLASSIFIES
de5153db-a3c9-5e6b-8b43-1d84c217c1da,b9bf53cc-a117-5392-88e8-c70dd365a88a,CLASSIFIES
3389567e-5e69-5dbe-810a-4cc2c7b9b973,12c73b79-f4eb-57a3-820a-94b02c242b5b,CLASSIFIES
f159dc64-9d57-5d88-85c9-d975f8e41a95,5abf4161-d704-5f63-8722-951f72081496,CLASSIFIES
7fc8ac93-d84e-5d20-8a61-2d5418b4659a,85112f9d-2439-5df8-82bc-9e0cf3eef9cb,CLASSIFIES
c796f175-78a3-5ef0-853b-681afb1dd215,b05f76b2-8ed3-5e81-8e1d-c8924f4fc178,CLASSIFIES
07e15403-5062-51b7-8741-9aa3bc6d226b,7927aff4-926b-5426-8395-0d8806dec80b,CLASSIFIES
b59640a6-d030-5b0c-85ee-2fe046003d46,03db7e7a-16f8-58d4-8fb2-0affe86eaa5c,CLASSIFIES
acbfbaaf-78f6-5cb9-8161-8ea9cffa0ef8,d08dd5ae-7374-502b-86c3-aa46f405f447,CLASSIFIES
28232fdd-8226-5167-8acc-d1e9fc2d88d8,4982f0d1-be26-559b-8a56-d2bdd7558a4c,CLASSIFIES
542a4757-a48f-5e4f-8b67-0a18ca433066,2928173a-c164-5da1-88bf-b76457080d07,CLASSIFIES
5aadb07e-6731-509e-8c73-dac3efee2443,492ce801-5bd3-5b99-821e-a7a1fef6e0da,CLASSIFIES
54220431-11aa-56b2-8e08-3e160afac65f,636ea46e-c6f6-5e9d-8d7a-d53ed6422542,CLASSIFIES
09651ac3-9338-5ba8-8489-f654ae14f39f,086a71a4-3c65-5f9b-887f-cafc8f919d3f,CLASSIFIES
2f1862d0-fef8-5b35-8032-5c3854cf8157,62ed2b9d-cd8f-5073-83e9-6e7b78982790,CLASSIFIES
9a1bbb72-c53c-5cb1-8b4d-f1dd81e205fb,2aad57e9-06b7-51f6-886f-726198a8aa25,CLASSIFIES
80026322-7c20-5bdf-8259-bcb908cafbb9,a2cc9d25-66cb-516d-8eb4-71ad82ed5ade,CLASSIFIES
296fef83-c20b-5ccc-8ac0-832a6de3cbd0,9fe0776f-6b36-5847-8c52-262c76a75a32,CLASSIFIES
1668ae47-f65d-536e-82a5-124604811e1d,bb7d66a0-655f-5307-8e18-b34c0e251bd5,CLASSIFIES
8c1240d2-7285-5488-8aeb-33c524525f56,80979fb0-ff0d-5812-87b1-38e2ca728fa4,CLASSIFIES
d664b3eb-b3ee-5b66-84db-dee37c055583,969eb69c-7c9f-5b0c-869a-38a0c42841c8,CLASSIFIES
9cd7d3c9-2fbb-579b-8698-7c66bb5245ee,559b8a43-5869-53db-87d5-bda02c8ddde7,CLASSIFIES
81004d48-228d-5ca9-8cd8-c059c72bdd39,5537cdae-afab-5ea3-80ef-27edb7179352,CLASSIFIES
4cbc7d01-07d6-5cc1-8579-439035e8578b,dc0ddc14-6e1e-52ad-820e-fc7561fb8c2d,CLASSIFIES
29246f5f-70c4-5828-888f-3266733da90d,ac3c91bb-af8d-5a63-8f0e-fb9e24e25697,CLASSIFIES
27813e17-4f66-587c-8836-71e835aa7cb5,3209b2b1-b2df-5ea6-806d-de8592b2f88b,CLASSIFIES
41b02085-91cd-5ce7-82dd-1de1f1383683,1adb1116-f9e1-59f8-844b-b30aaaba705a,CLASSIFIES
0a7c2274-a813-5cd1-8c2c-ca4d07517177,8ea1f706-cde9-56ae-8265-cbcfeaeb1bb4,CLASSIFIES
a6aef12e-2257-53bb-8382-9e96b9bb30e0,d7d86cca-4acc-52f7-8457-fdadad6e64b1,CLASSIFIES
8d516c84-bd20-50b7-829b-03dfffa73914,eb78072f-d37b-51a4-81a8-5effb07fde58,CLASSIFIES
3747292e-d682-5134-8a2e-abe846afe793,08a5e560-bdcf-55c0-8253-df6afec0598e,CLASSIFIES
743f91b5-56f9-5f6d-867e-c80041ccc4d9,0b25cf98-0d2b-5faa-82b2-cf02109dbc65,CLASSIFIES
96ead33b-14ef-51ef-84a1-eb2d13128cef,52bf37ad-408b-55e1-8e42-78af231c2d8c,CLASSIFIES
5316aa94-cb05-57ed-8ed6-8565e421a79a,e1c3a070-70e8-56f0-8710-19dec48749dd,CLASSIFIES
a64f5a75-4daf-5227-80fa-9f5641fbe392,b0bbdf75-e1bf-58ad-8b51-2c4e4ee04289,CLASSIFIES
631ba437-6052-5d7f-8901-935902ae1da8,bdb8d6ae-0590-5977-8a2e-b798582c0327,CLASSIFIES
5aadc412-4f99-5e5a-8f67-fe46a31b4de6,e8d75f35-20a5-59a2-8c7d-fbd1db41edcc,CLASSIFIES
65f2a1cd-918e-5dea-8623-51ae5f8d7877,4593b4bd-049e-581d-8a9a-7a28ac12c039,CLASSIFIES
0db38135-5503-5a9b-8a9c-cc1a617c2e8a,4cd0e37f-9420-58f1-83b9-fcf24f1c9824,CLASSIFIES
61002caa-ac07-51a1-82a3-c49cc169a318,bd1b4806-d5ad-536f-82d9-426f631e6279,CLASSIFIES
88451178-77e9-59fa-8a7e-fd1fa4748084,61835e62-d7bf-59e3-8cb4-acc9e42d6357,CLASSIFIES
7a627e7c-0d9d-58f7-82db-0e446f147e4f,7581cd10-9300-50e9-8fe3-1f118304c0fb,CLASSIFIES
e8738a85-b761-5598-841c-9f9aec4aa62a,244b4dd9-9414-514b-8331-005912b21aa8,CLASSIFIES
57fdd055-b99a-50e5-817e-46be6478dbf5,cb92cff5-9029-5193-87dd-6bc8d79ef927,CLASSIFIES
4c8277c9-8e67-5811-8d68-ccee387412a0,0e773804-f0d2-5be6-8419-1c7228c82089,CLASSIFIES
7baf255d-3a4f-57f1-8f1c-9630b449ce7b,4034b1a0-bc20-5978-8dcc-30b26d2cfbb7,CLASSIFIES
4c27bc0b-6b92-5b94-87e2-0ab0a3c314f8,4d4cb321-35e3-57a6-80fe-1c008efb2ef7,CLASSIFIES
0cd6bb35-b226-5c60-8286-062f610d920e,fc345e95-40d9-50cc-8037-570defd68537,CLASSIFIES
40f7484e-4103-5f60-89b2-cce529882d53,7cf1740d-2132-5330-863d-dfc405ba9a27,CLASSIFIES
170d15bb-0610-5531-8457-b7e082d8f2df,55d38a34-984f-55c5-8336-c66c7c594ab5,CLASSIFIES
33d098c5-21c4-5a1b-87a2-4f4b57126b23,6d05c613-115b-52a5-8301-6b4a5e31443e,CLASSIFIES
1bfd197a-20a7-5f58-8380-77d524e8f64e,c0d6bf04-2e83-5a65-81bf-c1973063894b,CLASSIFIES
dae46d73-18bd-5656-8b72-3c2ea6a86831,b70d7a79-0754-5c41-850f-875d35fbf230,CLASSIFIES
89a1d495-c8c9-5bc8-89a4-32de172e606a,862b2feb-eef6-5eb1-8c22-88df1b744bc5,CLASSIFIES
3120ebb9-4963-53a8-8bab-495a0c9dc515,ecad2463-e89a-51fb-8039-86b1d1a41dd7,CLASSIFIES
c2ccfa43-f76e-516b-8914-7d43ea4625c1,ff31ab32-1046-5480-8891-3f7944ac9240,CLASSIFIES
86bc5423-6a6e-5df3-896c-3c2061f7ac30,9571a238-a7f3-5412-8108-99db649f5849,CLASSIFIES
b25cc9dd-f998-53d4-899d-1c7a7c3b5aa8,c63d03e0-a3f5-5bef-8fe4-e972bf7aa1ea,CLASSIFIES
12bbfb7a-99e6-589a-8e38-1c985320516c,3b3de92a-531b-526c-8d96-c9835b3c1db1,CLASSIFIES
bb23563c-8fa2-5acb-8cd5-2bdec89faef8,c9ada3c6-3829-550a-8498-914c705711f4,CLASSIFIES
0228d07d-8de1-5875-8dac-5a0fda3f240d,166a8a43-5b89-5691-86b2-231a66a1b433,CLASSIFIES
f7a67520-7dbc-5ca9-8b9a-84c19a419308,93ea6bee-cbc8-5c60-8da0-f637474bebea,CLASSIFIES
0c0d3442-e459-5565-88a2-aa4faeac0b37,18a0073b-8962-551b-89f4-4920b4d2dcb6,CLASSIFIES
d7b5854b-59db-5de6-86fd-613164b9509e,3ecef291-6ad7-5571-8404-7650a2120afa,CLASSIFIES
15b2824a-73e2-5ef6-80a2-06c9c0b91667,8b324458-33e1-5da9-83f5-57412932ffa5,CLASSIFIES
63ecd4ab-8930-5512-885c-d667372c3069,c6ee9913-b6dc-55ae-8378-6e9249ec28b1,CLASSIFIES
c357864e-58a1-5159-80f8-4ba7f8412ca9,e805fe3a-c9ed-5ee0-8445-34a31931946c,CLASSIFIES
65b8643f-bf2d-5a83-8503-67211bb00db7,86b8acf5-dc3f-5b9a-83ca-61c88db5481c,CLASSIFIES
9f23d3b8-9012-5766-84e5-41bb73b95a35,e1630e24-60a2-5a73-8412-b67f52e0b04a,CLASSIFIES
963b31ba-03e6-5006-8b31-424d5c3d5173,8621a672-5d73-55d9-8ed4-d0b9e2b6796e,CLASSIFIES
70cccc5f-c7e9-5a44-8ec9-7c5d5ad37498,6e8111db-1bc0-5621-8971-7ba9a798c87f,CLASSIFIES
1574e11b-0c3d-5ad5-800c-d67699828e80,ce43e901-9c05-58e6-8001-b86f4345f2e3,CLASSIFIES
1b16914c-bc2c-588e-8767-b968ca69d2f7,7ad60180-64bf-5ee5-8df2-c0dfea3f02a1,CLASSIFIES
2f8fc893-6cb7-5208-8ca3-7fccc68f766f,a3be9464-2e2a-5698-811e-83752e3109aa,CLASSIFIES
50f08d8c-3da8-53e5-807a-85cf57ac017b,3618ac75-fafe-532e-8c47-344d28e14229,CLASSIFIES
b544552f-85f0-53d1-86b6-ff980afe3534,6961c3fa-5faf-53ae-8122-d6c65bdd88be,CLASSIFIES
6316f13b-ee8f-5d77-8a6e-ed97ea74dba2,17c2b472-78bd-519e-86a5-6a271a0e2a8b,CLASSIFIES
01fe29ec-82f2-5f28-8283-5036a4ab93c6,599908ed-5085-5a9f-827d-7db8191174c6,CLASSIFIES
81dfbf7e-cace-56a4-8d55-656541d034e0,87787660-890e-5fbd-8af6-12bdd7dcf3cc,CLASSIFIES
390b6515-35e8-556b-8876-138949cd3c22,dce37b84-6209-5dd2-880f-a7b0f814aaca,CLASSIFIES
764e5d35-9b40-5f29-8dc1-6f3a7c2c16b3,30db93e0-aafa-5b78-8644-130c3bc42948,CLASSIFIES
8ea8789f-3d34-5707-83f6-8d37e624aca3,d72c5a20-5188-55df-89f1-08dfafa2594a,CLASSIFIES
1a73e98e-7ea0-533a-86ca-a2afd6e20758,f886502c-e1d7-514f-8423-bfb5501faa8a,CLASSIFIES
45600fcd-5e21-54df-8c31-61591172b67a,c5907030-8180-5550-8489-638c5df92e91,CLASSIFIES
7d4197fd-1395-5d3b-87dd-11a3c284d770,92cb0060-0321-5e5f-8e5c-67df021d863e,CLASSIFIES
bfb932cf-0f77-5bce-8a29-454e7241a8f0,41b0b5b6-9d91-543d-872c-0cd9dea719f6,CLASSIFIES
35c7fafd-8988-5197-8bd5-b89b58453d27,adbf0620-c1d3-509a-856e-234b78f264ac,CLASSIFIES
bcb24916-4c84-58af-82d7-22fc70788f55,ca0a92ab-c8f0-5a19-8d9a-42363904a569,CLASSIFIES
2597612d-d44f-5913-8d31-56f13f0e13e2,ba584624-8ff2-55fb-8d0c-a9f675ad3593,CLASSIFIES
eccbae26-c872-54f5-844a-e1f528e41310,c2be3ead-2f21-5eb3-8af2-e9494795727d,CLASSIFIES
a59a892f-cfae-573b-8382-bf39a0b8b6e1,47888761-cc26-517c-883b-7cc258ccf68a,CLASSIFIES
397acdd8-bd01-569d-8eec-a1e021052821,ebb568eb-78bd-57db-8e80-3ca58e4a68e1,CLASSIFIES
438f9ee8-c677-5094-838b-fc8a18d1a0cf,110c3bd8-de4e-5f6b-86e3-af2b858369e5,CLASSIFIES
3cbccb50-ce14-536f-82d8-694193896130,8b8a2cad-636e-5d4c-85d6-cee5864c4191,CLASSIFIES
24ab5e54-d6d6-5147-84bd-b145cace40f3,d438a9a1-3bab-5a5a-86ca-1163c17be020,CLASSIFIES
d67ccbda-7abe-50f1-8814-1fc1b4fc31e2,c9c88388-1169-5e1c-807d-bf91fe6959b4,CLASSIFIES
a551d011-32fd-5eac-82f7-6f3ef9b3ffef,27c00f9a-8639-5a3a-84f3-2e5354d821bf,CLASSIFIES
a7fb868b-051c-56b7-8ea4-3056fe0c148c,090622e5-198a-5822-8836-6654100a50d5,CLASSIFIES
993adb59-6f17-5a30-898e-e86930abb796,1bc9a001-2fb8-5374-8908-f1ab4ddf89f1,CLASSIFIES
0327a57e-d956-5c8c-87e4-7f2b1307c49d,1b62b8aa-4e5d-5b19-81ac-0e603b84cee9,CLASSIFIES
a5917db9-d66c-57c9-87b8-11291f5aa87c,1a645cc5-b491-5b18-8d20-50650a7de4fc,CLASSIFIES
b250de79-97f4-5efa-8791-dda6bb34559d,d86ac237-0dd9-5faf-8ead-def2fa6e59d6,CLASSIFIES
64180c3d-8a4a-5a05-8b2a-583d1eb4210d,951354fd-d365-5517-8d03-91a7de19e382,CLASSIFIES
7943d658-b205-5775-8e9a-d72551eed209,edd554aa-f1e4-51c6-853f-29420d9218a7,CLASSIFIES
edd1a108-bf59-502e-81f7-452be57368b7,e99ccdce-73f1-557c-8ae0-52989fcd8042,CLASSIFIES
d14407b7-6f19-5d67-8b2b-200ed53fef20,91177358-cbbc-51d3-8e43-9e4f474e771b,CLASSIFIES
eddea22a-0de5-5b13-83c6-ae6c2e1846a4,a1fe4731-c5e5-55dd-8106-d9f3668f24e5,CLASSIFIES
eb9b9c6a-0a1d-5533-874c-5b3d017f16b3,8e1be982-c011-5600-86db-182f1226fc16,CLASSIFIES
6b381f07-a540-5117-862f-5a2f483433cc,798823b8-fc68-5e65-8175-bd2a1cbccf18,CLASSIFIES
05003f1b-5e4d-548c-8010-289ce38df451,33c22419-6511-5d57-8e52-fa010785f2b4,CLASSIFIES
166761e8-6196-5831-86ad-f360b9868bd8,41abf51e-b872-5a93-874a-293e07ff99c9,CLASSIFIES
9e4c41ec-32aa-5e78-8dce-1860cdad28e1,751df6dc-6e2c-56ce-89f5-2c4f6eef32e3,CLASSIFIES
8217bb15-9e33-5c59-876f-6a03045e65e2,7e583e43-007e-5af8-8ddb-479fcdf5208e,CLASSIFIES
303e2434-f12a-5b07-8a43-13f69329c360,4948ba1c-a063-5907-8d4e-60d4ca3e166c,CLASSIFIES
8ad4a560-aaff-5da7-8808-5fb54dff4f52,fc57928e-e32b-59dc-846a-5fb4ea77359f,CLASSIFIES
3c978f80-064d-5242-8633-8b73de856695,393ec1b8-a565-5c87-8024-2d1efa7ce5cc,CLASSIFIES
ae5d6c7d-86a2-5fc6-8a83-eabdac31b404,f2ab5121-b8c0-5c51-8678-d38c8ffbaab2,CLASSIFIES
c91649fb-257f-5a1f-84c1-f2eb47023295,78267b58-fc53-5a98-8f03-45afbce88143,CLASSIFIES
e6605229-e546-5859-81cb-c320fc5baee6,3e5be036-3b82-583f-80f8-6dd5923653a3,CLASSIFIES
5e05c37c-d016-515d-8660-8887f8d753bc,be268804-7f56-5df5-85ac-b857686058b2,CLASSIFIES
3945e4f0-bb4b-5fc6-8227-ec320045c504,ee665de3-d053-511b-821d-ced5600d4aa2,CLASSIFIES
fa35a7f4-753e-584d-82fa-e5433cbfa913,49cff0fd-cdaa-5d55-8b73-315f6bb74cbf,CLASSIFIES
b9137fba-59d1-54c9-87ed-558cbb3af692,207d1bcd-1aa2-5c6b-8e8e-ce0b89f18d1c,CLASSIFIES
3b53a125-2e9a-5436-846c-90ce4081b562,52112ac6-8c45-579b-876b-686caee5ec90,CLASSIFIES
ef30deae-20ef-5912-831a-778fa1ab0c04,514aad35-106b-5cb4-8931-3a638bcd7288,CLASSIFIES
12046b70-9c1c-5854-8719-dc800a72be53,2826210f-d1cb-57c3-853a-175017bfceaa,CLASSIFIES
4c0ac9be-060d-5df6-8536-aaa8e28724e9,46abda2d-ef47-52e8-87ee-26ec95c03362,CLASSIFIES
e19f3580-79fb-54ab-8642-6a278e057a55,1797712c-4962-56e9-8b67-7cad567cf499,CLASSIFIES
e7a8c43a-51ad-584f-830d-7c6364f01602,491c6172-d0c9-5953-800c-ed7f037ef017,CLASSIFIES
8d5127b6-ac51-57d7-864b-eb451918ccf3,a8c0b6e5-44e8-53e8-8f97-a8b0ddf43914,CLASSIFIES
43bd46f5-a4c3-5ede-84ec-416ff01567e3,e675f02b-3c4f-58c3-866c-458f2f27f239,CLASSIFIES
74e035e8-7228-5ace-8297-e62ba140f105,4bd664d7-0abd-5e2a-8f93-d311e23b8fab,CLASSIFIES
298e1720-06d9-5462-838d-d72b82da72c7,f4afc361-925e-51f1-8abe-44ebbcedc01a,CLASSIFIES
db8adb32-ebeb-56cd-83c2-c3bf753c4155,0b710dd9-703c-5cac-8f7c-52440a3d5915,CLASSIFIES
8821fcba-dce1-5408-81ef-3aee97847d99,a7b3b87b-72e0-5d26-8493-52aeda3f292b,CLASSIFIES
fdbf4831-b127-5813-83a0-b0b398a489c0,a30843ab-f6e5-543a-8c04-8a90c59ef30e,CLASSIFIES
12fd45ea-cf39-5ffd-870e-1b8aab5acc11,2961ee77-cee3-56de-8137-10ea1a94fed5,CLASSIFIES
2926d2a0-b193-51e7-8ca4-bc55b32e2800,26682fe0-2732-50da-85bb-6f398a67e322,CLASSIFIES
8c5fee88-9e59-51b0-806f-de724a1c9275,d8096c82-cea4-57f7-80d3-e39080569dcc,CLASSIFIES
492f92af-b0a0-5bba-8363-5ab0e98564c7,366c712f-72d5-5484-8ef6-d6048dc9619d,CLASSIFIES
94687c33-49e1-540d-889e-ba90efdc6510,31432489-8395-53aa-8ac0-4d2b7c6dd160,CLASSIFIES
375e7a8d-aefa-5edb-8d6a-0692f78c1e16,a3500b47-9b29-5139-86ea-f0cc4aee809e,CLASSIFIES
8f6391ed-8097-5d80-89b6-c43a5d35094e,2b769d80-7c07-53a8-82d7-80c83a1dd2e5,CLASSIFIES
de30402a-74e2-578d-8975-049274c68813,b661c2b4-e608-5a8f-838a-7cf65d23dd99,CLASSIFIES
e643d888-3f47-5671-8a06-ab2fbfda065b,552ccd28-18f1-59c1-8639-fc5d12a2fb07,CLASSIFIES
b771d5e1-84fa-51fd-8413-0812bdaf79c8,c50f427d-09c3-5b7f-8c5f-b435d9e0b457,CLASSIFIES
be167c11-ddac-5b55-8f9c-23dd05aae135,77511533-3b0e-57f1-8263-556bbffca1bb,CLASSIFIES
64642383-1350-5f0d-8685-1e4cef449bab,3a1b1ab3-bd43-55f7-80fb-6b680151c2e5,CLASSIFIES
97673502-512a-5cae-8a39-0604db950ef5,3a61418c-218a-5331-8804-6c818d6df5c2,CLASSIFIES
b892264d-9bb4-5cfb-8c10-438638eaf19a,7e4bd868-9a8e-5577-81bb-e084a3b5ef2a,CLASSIFIES
5b5e74c0-c3f3-5b40-8809-b54a5bfaeb41,55a0eb0e-a587-5808-882b-8fdee446740f,CLASSIFIES
aaebf106-58dc-546f-8ad7-02308eb074f9,168e92e9-5fcc-5ce0-8263-fad116c5287c,CLASSIFIES
0abac7c5-25b7-5ddb-873c-c007e5baf506,2c2c42ca-3852-50d4-8b4c-82d7558b7c5b,CLASSIFIES
a7b23106-a685-5937-8d74-2e509b6163f3,351ca186-0ad5-5737-8504-70a5d4eea21a,CLASSIFIES
260ba42b-8e4c-5d81-8489-14d7102a06bf,c5b2c00f-ffb0-559e-845c-bc8b92b0e962,CLASSIFIES
f9fcfdf8-9946-5b79-8411-89d1fd642c0c,94a2d4d5-28d0-55b6-8de7-ace6508f2724,CLASSIFIES
f265f905-0d1e-58b5-8d76-947ed77a2f11,7269e6d7-a0c3-5a9a-8884-71afa670267c,CLASSIFIES
45578ce1-d867-511b-8205-9552db29aecf,e638da1c-b393-5dcf-877f-4aca147e35d1,CLASSIFIES
74d58791-3fec-59cb-8e16-d712ac8f866c,b905412f-3a0a-558a-8f5f-4657339aa8a3,CLASSIFIES
f3cd823e-e2af-5ab2-892e-919ee195b829,afdb5d17-ce9a-5488-88a2-bf2ec0ac4042,CLASSIFIES
5f1c53c9-f06f-5886-8e55-370bb4043778,bb29a8b7-c31a-553b-86c0-f9d5be796aa1,CLASSIFIES
03aa0008-173f-5c03-80ea-0e769c7ddb40,57a9c194-ea04-57c7-80f6-8536aaeb02d1,CLASSIFIES
671711e0-2634-5bf7-8500-ec6cda77e212,14112e97-2bc4-58dd-8155-03fbb5c08e59,CLASSIFIES
45070578-7d9f-545c-8d46-54d575e7f556,da30a3d3-1d52-5990-8f2d-56fa9bba739e,CLASSIFIES
3c4a875d-65fc-525d-8d5a-042c8d4b1bcf,5e6a8b5c-cef5-57fb-8e33-d243d6a28a21,CLASSIFIES
f6e5e85b-b3eb-54ae-869e-8800d374d098,9b9fa25a-7beb-514f-8fa1-02bdc242add5,CLASSIFIES
2b515a18-6956-5ac6-8d1c-ecd9967a783f,10780efb-bd3b-5d3e-8b4b-97cb6bf8fe95,CLASSIFIES
42a222a8-3a63-517a-8537-6368f727b5bf,1ca1c023-55d3-51e9-82d0-622435b94125,CLASSIFIES
a474c4ce-0359-5bae-8d29-fbe0770fb126,b80da7ae-c6a5-55dd-890d-576be9c82880,CLASSIFIES
ef85b6e7-518d-548c-85d8-e88d7f70f6f1,f0a07ae2-cf9a-55f5-8d62-ce9ccdee435c,CLASSIFIES
4f21a18b-3262-5d11-8ae3-8455673e7946,dbf2c8e5-f1dc-5b8f-8d12-813a10a598c5,CLASSIFIES
b6b90f7b-61c4-5e56-8453-939001fc885b,5118cd96-5929-5c73-8662-e9d2db16529b,CLASSIFIES
d2c4fa41-0461-596c-82e8-a15afbd40ffd,6a3ae62d-54a1-562f-8a50-463453f80b85,CLASSIFIES
afbdc070-0940-5f44-8510-58deae7a4684,624a2a41-1491-5762-8202-f6e766fef263,CLASSIFIES
1619c5c2-e7db-56c2-82f4-e59feaa25c28,47115b5b-4968-5003-8e18-226834404218,CLASSIFIES
fd9b2db1-b6a6-51b3-8f9f-44685a5d45cb,18221757-43b2-5a1b-8e87-e119c35c81e6,CLASSIFIES
c17ef119-daa7-5d7c-8964-6bacc035f72c,b0b44e0a-8d49-55e6-8d34-a844bff9a223,CLASSIFIES
b74ebdbc-fc71-5983-84c5-0ee068c65393,7c44eecd-0c60-5f75-8ace-49e7984b3d73,CLASSIFIES
85947fad-506b-5b90-8c1f-f147696df7cf,a1957089-8bf9-5c54-892b-6cef8fe1521a,CLASSIFIES
bcc7d18c-432d-507e-84c1-62bd5927da50,951e7536-da67-5172-8696-76f82a021359,CLASSIFIES
afea48eb-9a4b-5173-8a0a-06004295ce05,a34b38f1-e9a2-5cc6-82eb-3404839f8bd0,CLASSIFIES
0232d7c2-9e1c-54af-8994-869cbcd89575,fb4e1465-6ab7-5f0f-8583-3d1bd1a703b6,CLASSIFIES
4ff2ac9e-f6f2-59f9-84b3-ffd5209743f6,5cf1b52a-5a32-5787-89da-228d07173504,CLASSIFIES
f1becbf3-35b8-5023-85dd-d8ce33645e75,d682834b-5893-5334-8c67-c6981e4c3cde,CLASSIFIES
78e188c4-60da-54f9-8d27-84fc5dd9ccf2,779e49f0-cb64-5418-8069-7748d3b7e8ca,CLASSIFIES
2ddbc351-f9b8-59b9-8b7d-0b00857e5771,368a93f2-6528-504f-8772-9a057b4ad38e,CLASSIFIES
528b0394-3fc7-5abb-84b9-09659577c46c,14eb8599-6e9e-5e7c-89ae-2c7b3920bdc8,CLASSIFIES
991c3a12-0bbd-5923-8de8-b9d68691a811,ead4ac66-d084-5e1d-8811-f2c43a0ee0fb,CLASSIFIES
cf2fa8b4-1fe8-52d0-84d3-e15d900e7780,3ffb17f3-03a7-5957-85e9-7c658b57d552,CLASSIFIES
6e1970bb-7c19-5daa-842d-917d1bfd001e,202f25cc-f508-5dad-87a4-ae0e83a2f527,CLASSIFIES
ef1b8a16-e0bb-51bc-8300-1fc7428ed9ee,f68e4a65-12de-52e6-8b90-fced33c9e63a,CLASSIFIES
242a0c9c-3d41-5a94-86e1-9ad6d0988fab,a8fd6adc-6559-5910-8ada-c0b90a7b1926,CLASSIFIES
003bee93-6353-564a-8c5a-a8ed0980ceb4,7060cd46-094e-58dd-81fa-dbf7e6c1e02c,CLASSIFIES
0e3ebdde-f716-5707-84de-5eed93dffd3b,c5ee36ed-eedc-5803-804b-c78233885eca,CLASSIFIES
72bf56e4-ffd2-53b9-8eca-0612641716e3,08c24b29-8c6e-5f21-82ba-eacf61d939cf,CLASSIFIES
2b23b5e0-873f-5fbb-82ea-4c40a1355d6f,f1b9e15e-8989-59f3-8070-d04e97e5e4a7,CLASSIFIES
dabd94dc-b209-5f57-8869-ccb9737e2fc6,b00e3a06-52bf-5012-8d03-b95d81abaafb,CLASSIFIES
88cae4bd-64b3-5cf5-8a75-8581c31e948b,2905c406-80de-5393-8643-5186aa6485e4,CLASSIFIES
641e292e-37e7-5137-8294-767a6a52ce8e,07fb4475-3c3e-5e88-8e5c-393d9a5976a3,CLASSIFIES
f0ee0c6e-a096-5811-8e48-2a1792f774e3,2ce229b7-02c9-5dfe-81e1-d85d458bb75b,CLASSIFIES
d6dfd6cf-e027-5911-87f0-a91782249459,0eb59b7b-9527-5fe7-8bbd-9f356ea67706,CLASSIFIES
9b24be1e-9b7f-510e-8940-51d11683017a,82685fb7-0179-5db7-84dd-20852025f1f4,CLASSIFIES
121db7d9-51eb-55c7-8caa-3772866c95bf,86577e81-6b20-5d7b-87a7-dd603b73bcbc,CLASSIFIES
aa7b15e6-ee4e-53a2-8e95-0a7ffbdb9811,1cfa0c43-ce9e-57b1-86b6-c8ff9bf5cb67,CLASSIFIES
8dbabf31-3cee-5fc1-86cd-871d07b69d9d,33afdb94-b21b-57b5-8e1d-b03030396790,CLASSIFIES
210c04a8-1792-5af6-8819-f2f7dff83be8,ba722940-45a2-51bc-8d6e-3ded6615ca02,CLASSIFIES
5d810976-ff0c-521e-8192-1dc599625351,0e01a3d9-435f-57e2-8006-d373ad1b1011,CLASSIFIES
6100523c-caa4-5086-8869-7e329b8f73c7,5cd15ccd-d46f-5480-8fa8-fec260a06868,CLASSIFIES
8fae0436-5187-5b2a-8c27-d432d3437f43,13eb2316-eb30-53ff-8170-f47f81258dda,CLASSIFIES
48bdcf0c-678e-5ce7-8a0f-0b4abbe93070,632d90c1-f8d5-51ad-8eca-d3594226eeb8,CLASSIFIES
6ab12e7f-a277-5cd1-8fa1-e4fa69a92e72,88ece9db-40de-5be0-894d-dfd492b20234,CLASSIFIES
5bae910d-3e37-5dc7-8d2d-6c476a8422cb,d905023b-9896-5d49-8609-900c47210290,CLASSIFIES
23164310-8146-5683-8c37-f07b9fbf7ae4,f5c0fe90-feb3-58b1-80ef-c536c4ff7b5a,CLASSIFIES
1e7846dd-df98-57f5-816a-be477dff6b55,04b93adc-6f85-5e33-839b-ca2ffb17bb3f,CLASSIFIES
6d180a7d-28be-5f35-875c-64d7aa453b9a,3fe89691-0ee0-5da1-8048-27a5df958e92,CLASSIFIES
e2a92504-c7ba-5b93-8835-790e4b6b475a,0cda1cf4-3d76-5f53-8e88-8c9b860bead0,CLASSIFIES
f572e718-eaa7-5b2d-8c9b-57d919c3bf1b,7f7074a9-f2d1-5480-81e9-2de251efe209,CLASSIFIES
ebb0356f-c5c4-5790-8d21-4b58650b5122,d8c4a546-68f6-57de-84da-e22946714e59,CLASSIFIES
645d712e-0210-595e-8bd0-e1ba2ecb8a5f,a6b63cfd-b6e0-5f1c-8f9c-bbe136bc8c32,CLASSIFIES
9cab48b4-391d-5d65-8a33-d2e27137a16d,5d0e8492-3624-5a28-8948-756591269f20,CLASSIFIES
f1fb59e1-54ce-5fb8-8865-c47599031f77,e7849a0d-84ca-52b7-84e0-fbac3c601bc2,CLASSIFIES
f9e909b9-200e-5db5-84cf-5940bc8be1cf,851ffed1-bd59-565d-83b2-eda67ccaf759,CLASSIFIES
c7dc699b-b73f-51aa-89dd-562763a0021d,587daab6-dfa3-551c-85de-7074e49149cf,CLASSIFIES
4ab78f9e-6d2d-5f0c-8f14-bfd221c66552,24751622-28e5-596f-8cb8-78dc399da107,CLASSIFIES
aad7d6ea-9cf3-5917-84c7-96bff2921a70,eb135d1b-aa4e-57ec-8c49-e401e28e2535,CLASSIFIES
c80eb9f5-4d98-5adf-8c1e-ef4c793c0f87,ce6c47a4-0e13-57c4-8854-6d76d980a565,CLASSIFIES
5c3f4623-14bf-5297-88e0-307aa7701c0c,7c905602-752e-5138-83d4-55e55af698e6,CLASSIFIES
8202f848-980b-5430-8d3b-1b1d53b4336f,d4cdb9ba-3812-54c8-8bfc-920804ebb4e2,CLASSIFIES
e28fb32b-b6d4-52d2-8f03-57d11cc41492,bd020d85-b319-562d-88de-91a698247e62,CLASSIFIES
3c49215a-21f1-5d04-8689-5249c0e88d16,94788875-112f-5eb1-8090-ae4681616e8d,CLASSIFIES
e6729646-2482-59b2-8728-c0977c41f3c1,f0860cdd-ef65-53a9-83fe-6c379bbeca90,CLASSIFIES
561c0918-6ae1-534a-8327-ceca58af8410,07608a8e-3860-5aad-88c3-7c237c3c7794,CLASSIFIES
7a90600d-47cf-58ec-85fd-aea022d57843,b058d23e-f0ae-55eb-838b-5f7d51b7f508,CLASSIFIES
4e85bf7f-a06d-58df-81d4-9b24518e0363,1b9da62b-962b-5090-8aad-c093061a5310,CLASSIFIES
1e01482d-8096-5f5e-89c9-210614231370,3bdabc71-819e-5f6b-8396-bfe189d414fb,CLASSIFIES
afad1c93-a89b-57fc-8ebd-53b1a1beabcf,66163fb6-3f7f-570a-8bbe-a6c9a23d1685,CLASSIFIES
0fd363eb-a05f-5240-8de0-a31deda5ed56,6bfdd55a-da2c-527f-878e-0bca22cddbf3,CLASSIFIES
8ca2d49a-23a1-52f2-8534-7891286ebf84,d3206ea9-6363-53d6-8348-62347444be3b,CLASSIFIES
a7e4a8c3-f3b8-5393-8a11-204094b712a1,62025612-0cb1-54df-8812-f0a98960204d,CLASSIFIES
0551d598-11b6-5214-82bd-71298ba7103b,34a63297-173f-5931-8a01-aca62b57050e,CLASSIFIES
2dc906f6-5b48-577e-8cc4-787f22dd89ed,85c8c21d-46eb-51cc-88c7-824b2f9e56a3,CLASSIFIES
d3ba5c45-4f59-5a60-847e-f56fd7425bd6,a88b1e02-d089-53b8-8eae-0622bcd6d0d7,CLASSIFIES
ba0f7a60-6ebd-50f9-8e6a-4bb4732d9bc5,5facb295-93bf-5561-8ae1-b2be7156b6bc,CLASSIFIES
24f1a23b-75f7-5720-85cf-dc1603c9b496,48b46bc0-059e-50b9-873f-5c8157be1f12,CLASSIFIES
afaa476d-c5e5-5fdb-8fd7-c11a27361318,5aa21846-7fe5-56fa-81ef-225671de9e00,CLASSIFIES
cba6c623-b458-54e0-8583-a5edd1444d46,737a5b94-ffe3-5701-8e48-2561f5b2110e,CLASSIFIES
5e361ced-6f63-5c00-8856-c0f69427da9a,f76fa8f9-220e-57ae-883b-62b1b906e23d,CLASSIFIES
1c2079b9-6897-53ec-8984-4efaceecaa1a,1745a1d2-e9ca-5ace-83ed-4dde6ee52591,CLASSIFIES
57ca09b5-a585-59b8-8b7c-5de0d6c368ac,8c3130c8-123d-5d83-8440-a8c1f1e40a8f,CLASSIFIES
3986d087-60f0-5030-81ce-a66762c15b57,1757a854-5439-5917-8bbd-d28ab3a04ef1,CLASSIFIES
d3a6455a-b7f6-5c05-8eab-fb0b80d4e2fb,cc3e8c5f-699b-57dc-8be1-c5e11000d0d4,CLASSIFIES
a341f465-b61e-5f83-8e8c-3cc2b41b34cc,daed40f9-7bd5-55bc-83c2-c35ebb5389ee,CLASSIFIES
5f338275-8227-5737-8ec8-063a992576f5,6a8c3d18-a2b3-542d-8444-b84836b83339,CLASSIFIES
99919afb-3960-5698-8df9-d8cd48415627,6d180f30-3081-53f6-8174-1389a7310892,CLASSIFIES
eee1b3cd-f3b2-56fd-8d5e-23febe8c7c38,00fcf5a1-395b-5850-8a92-e54280584ffb,CLASSIFIES
ccffc69c-1836-51d4-8437-1cf4d4f266d3,cd4b4c50-bf30-52f5-86bc-bd142eae356d,CLASSIFIES
79c8ce4b-5911-546f-8949-1f2c16386dd5,925d2caa-f3d1-5190-8e8a-b253f5753037,CLASSIFIES
935668e2-5e4e-577d-85c0-a331e84bb025,93800a2c-db37-5b68-8d96-5a750187ca67,CLASSIFIES
10008607-75a4-5e45-836f-80a40ef3dcdb,2e85833e-e333-51e0-87e7-5228f69e28d1,CLASSIFIES
2d26a585-cd91-54a5-8efe-eefb5457f867,4e1c2df3-24aa-5614-817e-1018d8eb0edf,CLASSIFIES
2c39ceab-70da-5eb1-8b6c-733a47656706,0ca05bb6-cb0a-5719-8a31-de2b5e9ce8a0,CLASSIFIES
7939b59d-1f4e-550f-8dae-d365c594f1fb,b144968f-7543-5fe0-86ba-c6b0720a54c2,CLASSIFIES
1619c820-1fbf-5708-8cbd-a07ffddc4dce,06af622b-e8e8-598f-8981-6f83c2b3b68a,CLASSIFIES
934eaa52-b8e3-5367-83e1-c51d7f5a6154,5fecd73d-da40-5827-8d8f-27c38961761f,CLASSIFIES
d0ee1ce4-fe17-55c0-84de-79052c376c58,3ff06024-ba96-5188-8e81-3a252faedb2e,CLASSIFIES
1cca0256-6065-5e39-8f9e-8bd977d297dd,b63120bc-10db-5a28-8e66-c461f4899a24,CLASSIFIES
8acf7e98-1d5a-568c-8f41-9ef2465855e1,b4c3dff3-cece-5ce0-8a72-3c674619f303,CLASSIFIES
6cdfb213-57e5-5ea7-8353-415008bd6d82,1985f6be-69ab-5426-8238-d71b07a52e51,CLASSIFIES
a2a891c8-29bc-5e69-8f32-530a9b060a2b,3f82db15-8ef6-5dd4-856e-397d3d12a52c,CLASSIFIES
1b3dddaf-f705-5c39-8674-205a228eae22,99fb1591-81b1-5650-8b8b-2b4a19d5f4b2,CLASSIFIES
df31bb53-b773-507f-88e1-1ca7dbfb2e77,b4a44076-d9c1-5ef6-8e98-dc4fedf33930,CLASSIFIES
7d14b19b-27d0-5ad0-8d5d-5631f09a2750,b543b9ad-5bfd-5ffc-8cce-9bf1264ec2c6,CLASSIFIES
880fc8db-18bb-5f55-85f8-e70728ee2862,024a47a3-4e26-5da4-86cf-75315ab2b893,CLASSIFIES
493b21f9-c125-5f7b-8198-876a833ca249,bb15efbd-4109-55e7-80ab-277d6ac0334f,CLASSIFIES
5ec17981-c37e-5558-8af7-14ece197401b,7de96686-4505-59d5-8947-71f1e0aebe8e,CLASSIFIES
d5a42894-7da1-56b5-8dd7-06be1eea46b9,c66863d3-2a30-5754-8f90-6401dcba9e9d,CLASSIFIES
33edea8c-a0ce-5d44-8eab-1b838c8af252,b56aed59-f371-52d3-8418-3621b6ac97c2,CLASSIFIES
6b6d0b17-f196-50a4-8fe2-1a98ceea11b2,bbaf1993-7347-564f-8ddd-3c508500fb36,CLASSIFIES
1bd919b8-ca69-5f1a-84a1-cdb53e9214c3,3e46500c-bcc2-5a9d-8aa9-b14abd808b93,CLASSIFIES
1516f088-4d76-5939-873e-e3036c96bde1,e92d7229-4804-58e6-856e-8c1bdb7b4a12,CLASSIFIES
bc33f4da-fe15-54c4-8399-a90753fa0920,a4436f08-a518-55b3-8ee2-6ed0633e2076,CLASSIFIES
34e0d258-1a56-59aa-8d50-8da7c2c9c530,b67ab59f-130a-5ee2-88a7-06701cde2703,CLASSIFIES
6298d6b5-86e9-5fee-8412-12f3d86a917c,75534da3-603b-5cb8-8d72-aebf6317a121,CLASSIFIES
79fdee02-12fa-52b3-8d6c-35c19daae28e,ac314e5e-94ad-5e29-805d-5f663b994e21,CLASSIFIES
dd1ca4e5-3a7b-5f2a-896f-693a718f4267,76330605-5fb7-5a57-80ea-faf45662e411,CLASSIFIES
4e1bbe0b-ae1d-50f6-8c3f-c6ff7e94d363,fab721e2-fa16-5205-81df-694829f804e7,CLASSIFIES
a1525c00-4aa8-5928-83f1-8f748968ea4a,79521e17-dbe6-59e8-8e2d-fc45e669319d,CLASSIFIES
77183e19-a16f-5356-88cb-69b2b7eb0492,08626a4c-2d32-5c36-8250-f110b012fd99,CLASSIFIES
348db3bb-dae5-5d8e-8fa0-9b641c970e1e,e3057d29-e0af-5b85-8a9b-2edb7bd5eacf,CLASSIFIES
1977c439-c132-589f-823e-63f236ad7093,1e077a7a-7103-5c5e-83c0-70d33ca5fe99,CLASSIFIES
4d0477ed-455f-5955-81ca-8ef3ddd3116c,d5a4441b-3cca-5de5-8ddf-131de2d289c3,CLASSIFIES
10a8c8e7-8527-5e0d-802e-4b401b8c38ab,a170f04e-bd09-5a7d-8644-d25ef9952917,CLASSIFIES
5dafdd1a-fb5c-51b8-8a97-9a777685757e,65e28139-bc21-5933-8d10-720dde8ca08d,CLASSIFIES
4d919dda-9326-53e4-8cb7-fd36e3469be2,5a502dc8-b666-53c1-8bfe-f2f9b9c2f3bb,CLASSIFIES
2faa6402-457f-5abc-86d0-9e1b2cbf3133,5b150bd8-ec9c-548a-89fc-c5d66a8aee22,CLASSIFIES
45bf925c-9c2b-5620-8ebc-03382127bea9,f4ffde27-1272-537e-87d3-324979d398a2,CLASSIFIES
f4704c05-c181-56be-8fcc-b0e4eeb271eb,1f16345f-5e4d-5ae4-80f3-cd1eeb01f052,CLASSIFIES
d71eeb3a-5b5f-5a7f-8d24-c1d693d7c588,8198765e-cd77-555c-8b28-5a45219c41b7,CLASSIFIES
3ec9bc99-60c0-546d-8da2-070b4ca28068,6b33fc80-cda6-5d45-8506-2d1785080846,CLASSIFIES
6ba91c68-721f-5f24-8461-228cc5019996,94e19e01-28be-5849-8f2a-348096a79a1e,CLASSIFIES
ac6b92b9-a64b-514c-89e7-379a78e88b68,5f0fea0f-ecf7-520d-879c-1a46eab05284,CLASSIFIES
d8d8b655-a849-5025-8af2-81d2cb5e885e,199e0995-91d8-5aa7-84ad-af93cc98d9e5,CLASSIFIES
10daedb7-99e4-5ccc-8b5f-3a4c98d44c59,02e56ba9-6091-5732-8784-a8049eabfe2b,CLASSIFIES
79ba1740-492d-5fd5-818d-cf87e53e14f9,4caf964d-7078-5cac-8c3a-fe55d69f09c6,CLASSIFIES
a4b62fc8-8fce-5618-8685-a587bffbb94c,ed9d6333-e7e2-58dc-8289-1870016e4853,CLASSIFIES
68b0e139-ff35-54fc-8681-3d64e5b925a9,c9c9e81e-4961-5876-8f76-ca39b8a67923,CLASSIFIES
278cbc31-de17-52e7-86fd-98588a81d0a9,c5753905-aae5-50bb-8b29-0f0f782c431d,CLASSIFIES
24422852-22e4-50c2-8f37-8163a85163b9,14d0777f-1c98-55e5-8574-3904471b2a66,CLASSIFIES
c1b923da-7b95-5598-8c51-bf38e2ac6ed5,03871518-4c2b-5828-80d4-9507b75a18a9,CLASSIFIES
1255e99d-615e-52a3-8456-11a1d4f2c46d,e842932b-0f33-55b2-8991-c8625f2fc42c,CLASSIFIES
351103dc-c3ba-5368-8bfd-9f7ac4ece07b,ab8c5cc6-baea-5ac0-820d-a3f95beaddb5,CLASSIFIES
0aba2ac8-71f3-5c85-8822-99020ccefd5b,4ce17eb7-5ad8-5ea6-807f-8a55e0c27ed3,CLASSIFIES
60a3298f-3323-5f81-85bf-a1c094d2e597,2ac81625-035c-5ae7-86d2-93f0e7294b14,CLASSIFIES
ca7f8171-c6f4-5be7-8342-43ee65096d99,c596bad3-c0bc-5310-86a1-78c3cd342f4d,CLASSIFIES
4520d328-75ca-5be7-8bc7-76f1f4c062fa,c68a7c61-48cb-5216-85f0-81c9422f9648,CLASSIFIES
529db2b2-2723-5a27-8176-977f88986d85,fe3c8d84-c109-553e-8bf4-8c2b65e6bde5,CLASSIFIES
c22ecd49-2dd5-5146-8c72-b57ac1826297,c2d05edb-9ff8-5362-80bc-bdc8e877f8a3,CLASSIFIES
f92aafba-9b84-5688-8b1a-67ddd12e95c6,9ca0a50e-30a7-5729-8026-0e8f307d9e0e,CLASSIFIES
a65b3538-e65e-56f4-82c2-21489374bc6a,9f813b12-ba20-53d2-81f1-1b35acedcbc5,CLASSIFIES
2934af4e-2aeb-59b0-80ba-87a595280020,95a38e0c-6fc0-579b-8e97-7ed2c0a281c4,CLASSIFIES
beeb3efa-222e-57d6-87c6-0e0a3d109385,9d92b137-714f-5bdc-8bf0-c869367a1f8b,CLASSIFIES
d4ad4af4-b4ac-572b-86ff-48b96d903dba,c082176a-4189-59f4-8d3f-f8103b55f8e0,CLASSIFIES
7b061646-0523-58fe-80bf-73b6db3e00be,4d461cc8-fe12-5278-8b12-fb50869a8d8c,CLASSIFIES
5e969652-0a78-518d-866a-ddf3c93192be,a65dec99-8870-5d14-8553-749b88a4cf96,CLASSIFIES
48159cdd-0b9f-5e22-8357-05d92afdbcfa,8577b761-cd05-500d-81c5-fd686d9ad1d7,CLASSIFIES
a541ae9f-b34b-580c-8dd5-fa1873da877c,f0c988de-f44b-5313-830d-d9b03fbe0592,CLASSIFIES
99ddd858-12cf-5432-8bd1-b7b1d6e12249,cea603b8-ba2f-5d03-8933-85cc93396d70,CLASSIFIES
b43cb154-e759-5d28-89db-503c9714fae8,a8a76656-6a42-57dc-83f7-247f17c5026f,CLASSIFIES
be4d169f-056b-5772-8707-d008345339c1,3f4d272c-23c6-51b3-8fee-95a2c4a51623,CLASSIFIES
f9f9d42a-8160-533d-8f57-cf43b1ef8d45,5ac9bed7-1ca4-5adb-833d-0c176a72df6a,CLASSIFIES
38039166-2275-5023-8473-8a9ad236dfd2,b286f9c7-ce76-5939-80ac-5dd1cbcc56d4,CLASSIFIES
7dc2b33e-33d7-595e-8d88-bd8978cc52a7,16b9f769-83c9-5f88-883b-bd65e360cad0,CLASSIFIES
6e28a9a7-7158-5ac3-867a-efa06bd4dfdb,5dfe946a-71c3-583b-89bd-9b73f64600ed,CLASSIFIES
35647dc8-cef4-5c3b-85dd-04798b755eab,dc41c1b2-a424-5e94-833d-3515f5a15721,CLASSIFIES
bd67da6b-27bf-52c1-83e3-9d44e78ca6cc,2de36bdb-4156-56da-8381-480d09d24e16,CLASSIFIES
9f5add5d-deaa-5ae8-8dae-2f2131aeac86,18a56a21-2a2b-5a4d-87e1-07cc02b1cb94,CLASSIFIES
efbd4b0d-1592-5da2-8bfc-80fb5df2faa4,72705b57-64d3-568f-8776-1d5a9d4ada58,CLASSIFIES
16716bc0-79b5-56ba-85b5-cc137c903700,39dc9873-4e59-53d9-8916-c68fd5af68b7,CLASSIFIES
a91bac3b-2ed2-50a5-85e0-72310281ed7c,814ae4e0-dca7-5891-8b92-d384da9fc13e,CLASSIFIES
8c4d3fbb-6f0d-5fc9-8492-fe0272661007,90b94b60-d293-5434-86b6-65001df133fa,CLASSIFIES
07107436-01eb-50e4-86cd-ad1b95e5854f,ba82f690-97f3-5154-8951-7f27c3d552c8,CLASSIFIES
adc465fe-fa08-5ce5-8a6d-748fed68a75a,32b2fedf-7f01-55f5-80c7-237bbd9d6d03,CLASSIFIES
fdab6116-f6a5-5f38-81c1-19ee911324d9,508dd25a-9b28-5b84-829d-fe837c77c827,CLASSIFIES
b4c3c5be-1b80-5a64-83a3-7249d99a5f26,b606adbb-15bb-5774-8434-79d692ff0bfc,CLASSIFIES
f88a9bd3-8b9a-5851-885c-831b91fecfb6,4865fd73-180d-582d-89bc-ba5e8ed65417,CLASSIFIES
3c4bb5ce-cc71-51c2-84fd-316f24f596d0,5049672b-7643-521f-8f32-979c3c46a742,CLASSIFIES
20c13a20-fc07-5455-84af-a7aebeab62d4,3dd62346-acaf-5251-8e97-6420d45ee7c7,CLASSIFIES
e9b80429-a0b3-507b-8200-99f0416a6503,aa711402-ad7e-57d9-881a-b7810ca4f9b0,CLASSIFIES
7b509554-5ba1-5c9d-8c93-e9ba3628782e,49cd1aac-d971-57fc-8f01-c1f2512736e6,CLASSIFIES
b8ebea01-0e82-512f-8e46-8df45e7849d3,792d7b30-a714-5d8c-8fa6-ca1c997ae6b8,SOURCED_FROM
fa590ae5-b838-5305-8699-d76c6fe46a0e,792d7b30-a714-5d8c-8fa6-ca1c997ae6b8,SOURCED_FROM
55561669-86bb-5bbc-807d-d328a9f18671,792d7b30-a714-5d8c-8fa6-ca1c997ae6b8,SOURCED_FROM
8fe7c7b4-a699-5760-83a7-5781ba8d5499,792d7b30-a714-5d8c-8fa6-ca1c997ae6b8,SOURCED_FROM
45ea34b3-228f-5e82-8fe3-4512fd8aa953,792d7b30-a714-5d8c-8fa6-ca1c997ae6b8,SOURCED_FROM
78c17ccf-2850-5864-879e-91ea93844c3b,792d7b30-a714-5d8c-8fa6-ca1c997ae6b8,SOURCED_FROM
8ef7c4b0-9fb4-563f-81b5-f65910b92ac5,792d7b30-a714-5d8c-8fa6-ca1c997ae6b8,SOURCED_FROM
c4f3153a-ec1a-5cb1-8cf9-015d37094b0a,792d7b30-a714-5d8c-8fa6-ca1c997ae6b8,SOURCED_FROM
74c67d07-c25b-5ea0-894d-684f9d216ce2,792d7b30-a714-5d8c-8fa6-ca1c997ae6b8,SOURCED_FROM
0d85ace5-7c82-50e9-8ca4-371a1f0f91c7,792d7b30-a714-5d8c-8fa6-ca1c997ae6b8,SOURCED_FROM
60911681-85ef-55bf-8a1f-d8e23a86613d,792d7b30-a714-5d8c-8fa6-ca1c997ae6b8,SOURCED_FROM
c1049703-5280-512e-8681-64d809fc45e2,792d7b30-a714-5d8c-8fa6-ca1c997ae6b8,SOURCED_FROM
75fc86c8-4f32-53c8-84fc-b23a38dd5b31,792d7b30-a714-5d8c-8fa6-ca1c997ae6b8,SOURCED_FROM
8b7539ca-d0b0-5db3-81f4-4b640eaf75ba,792d7b30-a714-5d8c-8fa6-ca1c997ae6b8,SOURCED_FROM
1108290e-2e78-5dcf-8162-4f3a530438e4,792d7b30-a714-5d8c-8fa6-ca1c997ae6b8,SOURCED_FROM
3341a0af-8fc3-5d28-884d-5266c67368b2,792d7b30-a714-5d8c-8fa6-ca1c997ae6b8,SOURCED_FROM
a37be1f1-e13a-5efd-8ccd-2bdf7ccb6903,792d7b30-a714-5d8c-8fa6-ca1c997ae6b8,SOURCED_FROM
753884f4-ee9a-59b5-8e08-6675f360fdb8,792d7b30-a714-5d8c-8fa6-ca1c997ae6b8,SOURCED_FROM
5ed1695d-51d4-5a38-844c-01bcb6c053fd,792d7b30-a714-5d8c-8fa6-ca1c997ae6b8,SOURCED_FROM
74db4675-8f0f-566a-8113-ecca74acce1b,792d7b30-a714-5d8c-8fa6-ca1c997ae6b8,SOURCED_FROM
4dbfc2c7-4e3a-53a5-8958-e20330cc9d16,792d7b30-a714-5d8c-8fa6-ca1c997ae6b8,SOURCED_FROM
f1949b2a-4a51-552f-88a9-7bcce3d72996,792d7b30-a714-5d8c-8fa6-ca1c997ae6b8,SOURCED_FROM
5c0607e9-c10d-55ce-84c9-6f58bcced5b3,792d7b30-a714-5d8c-8fa6-ca1c997ae6b8,SOURCED_FROM
f6f3a49d-d175-5395-89ec-4b54ca950ee4,792d7b30-a714-5d8c-8fa6-ca1c997ae6b8,SOURCED_FROM
7a772269-11b4-5354-8872-4668248c2ddc,792d7b30-a714-5d8c-8fa6-ca1c997ae6b8,SOURCED_FROM
b0fd1d8c-19b0-5207-87b6-751f40751f1b,792d7b30-a714-5d8c-8fa6-ca1c997ae6b8,SOURCED_FROM
2ef60ee6-90d8-5058-8d97-41312dcec43d,792d7b30-a714-5d8c-8fa6-ca1c997ae6b8,SOURCED_FROM
fca2b708-b199-505e-8599-024908a02b67,792d7b30-a714-5d8c-8fa6-ca1c997ae6b8,SOURCED_FROM
e2c28f80-cd2c-57be-843d-13282cbb40e2,792d7b30-a714-5d8c-8fa6-ca1c997ae6b8,SOURCED_FROM
47229883-eac8-5240-80a7-f85eee5286e0,792d7b30-a714-5d8c-8fa6-ca1c997ae6b8,SOURCED_FROM
af20884e-e4ca-5d06-8a0e-9163264c5c31,792d7b30-a714-5d8c-8fa6-ca1c997ae6b8,SOURCED_FROM
4b35a654-8efa-50f1-82ce-cc39213a24d1,792d7b30-a714-5d8c-8fa6-ca1c997ae6b8,SOURCED_FROM
87b6f395-f523-5a63-88e3-6e23122815dd,792d7b30-a714-5d8c-8fa6-ca1c997ae6b8,SOURCED_FROM
4f7c7821-ebae-59eb-8c95-418f0b67dc74,792d7b30-a714-5d8c-8fa6-ca1c997ae6b8,SOURCED_FROM
e2bea036-77f8-5b51-8d05-952e6ac26d98,792d7b30-a714-5d8c-8fa6-ca1c997ae6b8,SOURCED_FROM
95a1dcf6-69c0-532d-83b3-737f7b204441,792d7b30-a714-5d8c-8fa6-ca1c997ae6b8,SOURCED_FROM
93275720-eb78-5015-8efe-e859df19baee,792d7b30-a714-5d8c-8fa6-ca1c997ae6b8,SOURCED_FROM
f9c660f1-c73e-5c86-81e8-e8616647b905,792d7b30-a714-5d8c-8fa6-ca1c997ae6b8,SOURCED_FROM
515453a7-d82d-54b8-8d9a-0d19e37d756b,792d7b30-a714-5d8c-8fa6-ca1c997ae6b8,SOURCED_FROM
7176de54-2d1d-5506-89ff-7a969327c1f0,792d7b30-a714-5d8c-8fa6-ca1c997ae6b8,SOURCED_FROM
6d67d9ac-921e-5fd4-8dae-326b00eadc4b,792d7b30-a714-5d8c-8fa6-ca1c997ae6b8,SOURCED_FROM
8d51c114-dc7f-52f3-8da0-411064e66625,792d7b30-a714-5d8c-8fa6-ca1c997ae6b8,SOURCED_FROM
2404ff93-bc01-5208-89cc-26a96d8c9590,792d7b30-a714-5d8c-8fa6-ca1c997ae6b8,SOURCED_FROM
52e674a1-5dbe-5df7-8b94-e58497b98935,792d7b30-a714-5d8c-8fa6-ca1c997ae6b8,SOURCED_FROM
17d635d7-44b6-5692-84ef-0a5d4e5db5e3,792d7b30-a714-5d8c-8fa6-ca1c997ae6b8,SOURCED_FROM
8863c62f-f19f-572c-8178-8450fcb67a73,792d7b30-a714-5d8c-8fa6-ca1c997ae6b8,SOURCED_FROM
d4ea21d2-9fc8-50d6-88eb-3201cf901d7b,792d7b30-a714-5d8c-8fa6-ca1c997ae6b8,SOURCED_FROM
0a6acf68-f261-5bd0-85e3-bd76eaecd583,792d7b30-a714-5d8c-8fa6-ca1c997ae6b8,SOURCED_FROM
8127a740-001a-5254-8a5c-cdea2d0e9237,792d7b30-a714-5d8c-8fa6-ca1c997ae6b8,SOURCED_FROM
10774bdc-6b93-504a-86f2-03d17fd2bdea,792d7b30-a714-5d8c-8fa6-ca1c997ae6b8,SOURCED_FROM
1da00191-efc6-5bf8-8dfb-3d2760ff3163,792d7b30-a714-5d8c-8fa6-ca1c997ae6b8,SOURCED_FROM
522419bd-4729-58f2-84a0-5ed8709cca9c,792d7b30-a714-5d8c-8fa6-ca1c997ae6b8,SOURCED_FROM
0c6c6c9a-4330-58c9-8525-836d8dd65345,792d7b30-a714-5d8c-8fa6-ca1c997ae6b8,SOURCED_FROM
202259b3-e707-590e-851a-01368f5b96d1,792d7b30-a714-5d8c-8fa6-ca1c997ae6b8,SOURCED_FROM
dea46cd7-a540-53c4-82f7-80b8291fca12,792d7b30-a714-5d8c-8fa6-ca1c997ae6b8,SOURCED_FROM
ff6b65a9-45b1-5469-87b2-56159bf5c03f,792d7b30-a714-5d8c-8fa6-ca1c997ae6b8,SOURCED_FROM
b57c969a-e823-52a8-88a5-c0846f8dd625,792d7b30-a714-5d8c-8fa6-ca1c997ae6b8,SOURCED_FROM
9491c009-cadf-5dd6-838d-35bac1d5fae6,792d7b30-a714-5d8c-8fa6-ca1c997ae6b8,SOURCED_FROM
c0cd451a-915e-55f8-8b1d-3811b76e8c00,792d7b30-a714-5d8c-8fa6-ca1c997ae6b8,SOURCED_FROM
7fa58f16-f6ad-5db0-808e-8c93f3bc8ffe,792d7b30-a714-5d8c-8fa6-ca1c997ae6b8,SOURCED_FROM
c0e3486a-b82a-57e9-8349-0d5787ce9959,792d7b30-a714-5d8c-8fa6-ca1c997ae6b8,SOURCED_FROM
aee054ac-5cd4-5c10-8461-6675cd0b43cf,792d7b30-a714-5d8c-8fa6-ca1c997ae6b8,SOURCED_FROM
c83cb745-8c55-5a4d-8501-716d222dd043,792d7b30-a714-5d8c-8fa6-ca1c997ae6b8,SOURCED_FROM
a09c2b2c-c968-5726-86db-47ead51305b3,792d7b30-a714-5d8c-8fa6-ca1c997ae6b8,SOURCED_FROM
187e81ed-1add-5b3e-81da-3bb0d386f613,792d7b30-a714-5d8c-8fa6-ca1c997ae6b8,SOURCED_FROM
46d7ebf8-f5ab-55d7-8fab-575922932f7b,792d7b30-a714-5d8c-8fa6-ca1c997ae6b8,SOURCED_FROM
9bfb3295-9492-5d7e-8fda-a0cac84c9810,792d7b30-a714-5d8c-8fa6-ca1c997ae6b8,SOURCED_FROM
e74a1193-8549-574c-84ff-e856d5aec6da,792d7b30-a714-5d8c-8fa6-ca1c997ae6b8,SOURCED_FROM
f9673127-6037-580e-808b-232d9f28dfa2,792d7b30-a714-5d8c-8fa6-ca1c997ae6b8,SOURCED_FROM
fc984140-dcb5-54ff-81e8-86e0dd5c4d49,792d7b30-a714-5d8c-8fa6-ca1c997ae6b8,SOURCED_FROM
ce8a23fe-8993-5bb2-84a0-4bcf72a75f76,792d7b30-a714-5d8c-8fa6-ca1c997ae6b8,SOURCED_FROM
32f98f95-05b0-5436-83d9-4040b2fdbac2,792d7b30-a714-5d8c-8fa6-ca1c997ae6b8,SOURCED_FROM
39fe114d-772f-5d4b-8a4e-66935a114503,792d7b30-a714-5d8c-8fa6-ca1c997ae6b8,SOURCED_FROM
054c0623-4cb0-5f3d-8414-e4d0179c3fa4,792d7b30-a714-5d8c-8fa6-ca1c997ae6b8,SOURCED_FROM
88a0c7b6-5694-58e8-8a81-e4fd3e4ca8cb,792d7b30-a714-5d8c-8fa6-ca1c997ae6b8,SOURCED_FROM
8d21e2a9-3449-5410-8534-29b9e20859cb,792d7b30-a714-5d8c-8fa6-ca1c997ae6b8,SOURCED_FROM
b66782be-4050-53da-8bd7-1f8b5a6a0b66,792d7b30-a714-5d8c-8fa6-ca1c997ae6b8,SOURCED_FROM
cd0652fa-3c4f-5898-8630-53f599a0f03f,792d7b30-a714-5d8c-8fa6-ca1c997ae6b8,SOURCED_FROM
64383324-afb4-58f0-8276-e607e7e7ac0a,792d7b30-a714-5d8c-8fa6-ca1c997ae6b8,SOURCED_FROM
2d475db2-3e2a-54bd-864f-c9db908f95c1,792d7b30-a714-5d8c-8fa6-ca1c997ae6b8,SOURCED_FROM
30f6d7e1-f654-5fb6-898f-ef7b149d836b,792d7b30-a714-5d8c-8fa6-ca1c997ae6b8,SOURCED_FROM
3e395436-eab3-5cbf-8cbe-b5160178249f,792d7b30-a714-5d8c-8fa6-ca1c997ae6b8,SOURCED_FROM
abb72280-3c9e-5a5e-8a23-d0721ec05120,792d7b30-a714-5d8c-8fa6-ca1c997ae6b8,SOURCED_FROM
ed9dd488-c9de-52e5-88e3-34533ab3bc5d,792d7b30-a714-5d8c-8fa6-ca1c997ae6b8,SOURCED_FROM
872fc018-3c3b-5958-8f43-fe0ccebf108a,792d7b30-a714-5d8c-8fa6-ca1c997ae6b8,SOURCED_FROM
b3007b7d-dd17-50f1-8bc2-8e2c88c4438b,792d7b30-a714-5d8c-8fa6-ca1c997ae6b8,SOURCED_FROM
cea603b8-ba2f-5d03-8933-85cc93396d70,792d7b30-a714-5d8c-8fa6-ca1c997ae6b8,SOURCED_FROM
fe3c8d84-c109-553e-8bf4-8c2b65e6bde5,792d7b30-a714-5d8c-8fa6-ca1c997ae6b8,SOURCED_FROM
7654abcf-7804-5af0-8ceb-1bf34e082b4d,792d7b30-a714-5d8c-8fa6-ca1c997ae6b8,SOURCED_FROM
c80a2820-f76c-589e-8a48-29d9087370e4,792d7b30-a714-5d8c-8fa6-ca1c997ae6b8,SOURCED_FROM
791e7df7-dd41-5fb1-89db-7a5bf5f1152c,792d7b30-a714-5d8c-8fa6-ca1c997ae6b8,SOURCED_FROM
fb606213-4527-5afb-804d-21921c21fa65,792d7b30-a714-5d8c-8fa6-ca1c997ae6b8,SOURCED_FROM
7e181d92-06b3-526e-8f6a-0caa3e163bfb,792d7b30-a714-5d8c-8fa6-ca1c997ae6b8,SOURCED_FROM
369cf84f-4627-50a6-85e9-9917d0164b48,792d7b30-a714-5d8c-8fa6-ca1c997ae6b8,SOURCED_FROM
238a2d55-fbbd-51e9-8009-14e74ee2c39e,792d7b30-a714-5d8c-8fa6-ca1c997ae6b8,SOURCED_FROM
d5905d2f-ae5e-537c-8a0b-6baa7352374f,792d7b30-a714-5d8c-8fa6-ca1c997ae6b8,SOURCED_FROM
7d0cc0fd-f823-5ee2-8faa-491e28abfc59,792d7b30-a714-5d8c-8fa6-ca1c997ae6b8,SOURCED_FROM
cc00668b-ea06-5f22-8c0c-9ddd4a0a8707,792d7b30-a714-5d8c-8fa6-ca1c997ae6b8,SOURCED_FROM
9d2bfa33-a0cd-5235-8de8-171c423bbc4a,792d7b30-a714-5d8c-8fa6-ca1c997ae6b8,SOURCED_FROM
92356491-a921-59a1-809d-361b45be3d91,792d7b30-a714-5d8c-8fa6-ca1c997ae6b8,SOURCED_FROM
d4debe0a-0095-598c-8441-36e47c7c29c1,792d7b30-a714-5d8c-8fa6-ca1c997ae6b8,SOURCED_FROM
31e083c0-b971-5f05-8386-03d07d257ac4,792d7b30-a714-5d8c-8fa6-ca1c997ae6b8,SOURCED_FROM
a1b17cfd-4d75-5676-841a-3fb8ccbd4e1c,792d7b30-a714-5d8c-8fa6-ca1c997ae6b8,SOURCED_FROM
46759408-781a-55e6-8f29-2459567f3d3b,792d7b30-a714-5d8c-8fa6-ca1c997ae6b8,SOURCED_FROM
bd1ef86f-884e-55fc-8a17-fea44bb1007e,792d7b30-a714-5d8c-8fa6-ca1c997ae6b8,SOURCED_FROM
8e3a0302-d291-5823-8cf6-b6b67c283d24,792d7b30-a714-5d8c-8fa6-ca1c997ae6b8,SOURCED_FROM
4b3cb59d-32a5-5be2-8b19-597c99b82c56,792d7b30-a714-5d8c-8fa6-ca1c997ae6b8,SOURCED_FROM
b012f88a-66c8-582f-80f8-844404a701d7,792d7b30-a714-5d8c-8fa6-ca1c997ae6b8,SOURCED_FROM
16fb354f-3cce-5f4b-8b86-e7495b13124d,792d7b30-a714-5d8c-8fa6-ca1c997ae6b8,SOURCED_FROM
df502d05-2cae-5b9b-889a-10cd915c8292,792d7b30-a714-5d8c-8fa6-ca1c997ae6b8,SOURCED_FROM
74e0695d-8d6b-5763-8529-064f5c1c398e,792d7b30-a714-5d8c-8fa6-ca1c997ae6b8,SOURCED_FROM
7048d9c4-4c59-54e5-84cb-7a8df67bfe42,792d7b30-a714-5d8c-8fa6-ca1c997ae6b8,SOURCED_FROM
ee150f12-f038-5431-8077-7f1ffb8cda53,792d7b30-a714-5d8c-8fa6-ca1c997ae6b8,SOURCED_FROM
dbdafdc7-5814-585c-86d8-f8ba836d9adc,792d7b30-a714-5d8c-8fa6-ca1c997ae6b8,SOURCED_FROM
a5e313c3-b8fe-5a92-8b64-2e72935ff34d,792d7b30-a714-5d8c-8fa6-ca1c997ae6b8,SOURCED_FROM
89d0f727-a85a-59c7-8ac0-918aa89a999e,792d7b30-a714-5d8c-8fa6-ca1c997ae6b8,SOURCED_FROM
3bfe33b9-23d8-5122-8c6c-4f9b4ad2cdce,792d7b30-a714-5d8c-8fa6-ca1c997ae6b8,SOURCED_FROM
18b14937-e7a1-5230-8daf-e5d93901a89a,792d7b30-a714-5d8c-8fa6-ca1c997ae6b8,SOURCED_FROM
c4907425-0761-513a-8263-6421ad9492aa,792d7b30-a714-5d8c-8fa6-ca1c997ae6b8,SOURCED_FROM
e2c038f2-c045-5286-8fff-c842260dced5,792d7b30-a714-5d8c-8fa6-ca1c997ae6b8,SOURCED_FROM
89c00131-0ce5-58dd-8326-3fe48cbaa53f,792d7b30-a714-5d8c-8fa6-ca1c997ae6b8,SOURCED_FROM
77cb5fd4-df6a-5281-8b87-e1668a5e6599,792d7b30-a714-5d8c-8fa6-ca1c997ae6b8,SOURCED_FROM
4be0f9ae-ab15-5ce0-8998-99ce17fbfd4b,792d7b30-a714-5d8c-8fa6-ca1c997ae6b8,SOURCED_FROM
d3dc0ecf-5caf-565a-8ae1-c9bfb2ebb439,792d7b30-a714-5d8c-8fa6-ca1c997ae6b8,SOURCED_FROM
20582ff4-00dc-511c-8260-fabeb8a23ff4,792d7b30-a714-5d8c-8fa6-ca1c997ae6b8,SOURCED_FROM
6de184c4-4921-5d11-8ed2-8595d8a2b984,792d7b30-a714-5d8c-8fa6-ca1c997ae6b8,SOURCED_FROM
7c98d99e-32ee-5769-82f7-ea0dba04aadf,792d7b30-a714-5d8c-8fa6-ca1c997ae6b8,SOURCED_FROM
c2ced205-2c4b-542b-846b-e8017ff0fb8f,792d7b30-a714-5d8c-8fa6-ca1c997ae6b8,SOURCED_FROM
40f0ffd6-0fbc-5387-81ac-e46f54faab96,792d7b30-a714-5d8c-8fa6-ca1c997ae6b8,SOURCED_FROM
b054c9ba-c1ec-5729-86a7-de0441337976,792d7b30-a714-5d8c-8fa6-ca1c997ae6b8,SOURCED_FROM
373219ba-3072-5824-8c61-87d40579b249,792d7b30-a714-5d8c-8fa6-ca1c997ae6b8,SOURCED_FROM
fdd9c89c-be4d-51b1-85fd-41d9c59bf87d,792d7b30-a714-5d8c-8fa6-ca1c997ae6b8,SOURCED_FROM
61bfb47f-43ac-5bef-8479-1aeede79eb47,792d7b30-a714-5d8c-8fa6-ca1c997ae6b8,SOURCED_FROM
91e74896-45dc-5e92-8924-9f32b7113565,792d7b30-a714-5d8c-8fa6-ca1c997ae6b8,SOURCED_FROM
02522da1-2b57-55e3-8bc0-06580f2e3f05,792d7b30-a714-5d8c-8fa6-ca1c997ae6b8,SOURCED_FROM
76468f35-f2ab-57d1-8e41-735e5e60d93f,792d7b30-a714-5d8c-8fa6-ca1c997ae6b8,SOURCED_FROM
01e50fe7-92b6-5a19-8f5b-e09a0b174b77,792d7b30-a714-5d8c-8fa6-ca1c997ae6b8,SOURCED_FROM
5f941f23-8ce3-5464-8c06-b9f1bf06cc2c,792d7b30-a714-5d8c-8fa6-ca1c997ae6b8,SOURCED_FROM
7872822b-4725-5671-8292-cd9cdf037105,792d7b30-a714-5d8c-8fa6-ca1c997ae6b8,SOURCED_FROM
de7eb427-76aa-5505-88a4-61fb26cdcb73,792d7b30-a714-5d8c-8fa6-ca1c997ae6b8,SOURCED_FROM
80fd3121-f2a3-5d0c-86ab-df876aa80353,792d7b30-a714-5d8c-8fa6-ca1c997ae6b8,SOURCED_FROM
9ab114cc-7914-553f-895f-6c39e15ed495,792d7b30-a714-5d8c-8fa6-ca1c997ae6b8,SOURCED_FROM
9d7505e9-6112-5f73-8587-79b7109a70bc,792d7b30-a714-5d8c-8fa6-ca1c997ae6b8,SOURCED_FROM
0054a16d-3f17-5f46-823c-2b4a051d8c8f,792d7b30-a714-5d8c-8fa6-ca1c997ae6b8,SOURCED_FROM
45b7ca97-35fd-59fb-8dc5-8eb26bdf4c7f,792d7b30-a714-5d8c-8fa6-ca1c997ae6b8,SOURCED_FROM
18db2b76-29cc-5d2a-820d-f53630c0752d,792d7b30-a714-5d8c-8fa6-ca1c997ae6b8,SOURCED_FROM
ad358f0f-02a6-593a-8e41-79d5656339c5,792d7b30-a714-5d8c-8fa6-ca1c997ae6b8,SOURCED_FROM
7c13b172-e82f-568b-8a92-754cc48fff29,792d7b30-a714-5d8c-8fa6-ca1c997ae6b8,SOURCED_FROM
09c247cd-23b5-510b-8c33-a598b728bbcc,792d7b30-a714-5d8c-8fa6-ca1c997ae6b8,SOURCED_FROM
a97d7165-aca8-54a8-8c27-ebe5b71391af,792d7b30-a714-5d8c-8fa6-ca1c997ae6b8,SOURCED_FROM
d9cc57a5-94fb-5803-8b72-c02767d3cfa1,792d7b30-a714-5d8c-8fa6-ca1c997ae6b8,SOURCED_FROM
96d1f176-d4cf-5c7a-8b07-b738d51a81a2,792d7b30-a714-5d8c-8fa6-ca1c997ae6b8,SOURCED_FROM
194e691a-7901-591a-886b-c3106535ab33,792d7b30-a714-5d8c-8fa6-ca1c997ae6b8,SOURCED_FROM
bd964cad-6c60-5998-827d-024ec1859ef3,792d7b30-a714-5d8c-8fa6-ca1c997ae6b8,SOURCED_FROM
aae93e70-b7ae-59ef-8f99-f0e2a12c6ba1,792d7b30-a714-5d8c-8fa6-ca1c997ae6b8,SOURCED_FROM
79d8fbac-1bff-5798-8120-c962949e670d,792d7b30-a714-5d8c-8fa6-ca1c997ae6b8,SOURCED_FROM
0dc9ea9d-2412-5757-8296-71d036a4ec37,792d7b30-a714-5d8c-8fa6-ca1c997ae6b8,SOURCED_FROM
7cfcab80-cdf8-586f-88af-4ba4b3f72285,792d7b30-a714-5d8c-8fa6-ca1c997ae6b8,SOURCED_FROM
5e95e135-a42c-5d2d-881a-33ab94d33316,792d7b30-a714-5d8c-8fa6-ca1c997ae6b8,SOURCED_FROM
880dd8fa-ae1f-50ee-837c-585509d7de0a,792d7b30-a714-5d8c-8fa6-ca1c997ae6b8,SOURCED_FROM
f38a4fa4-185c-5ba9-8b67-c5444ea24bb0,792d7b30-a714-5d8c-8fa6-ca1c997ae6b8,SOURCED_FROM
23945e32-3296-5a11-8b26-a43e3f3e4927,792d7b30-a714-5d8c-8fa6-ca1c997ae6b8,SOURCED_FROM
4a6d72b7-3b74-51fc-8475-06f0cb925d80,792d7b30-a714-5d8c-8fa6-ca1c997ae6b8,SOURCED_FROM
49af944e-e872-54d2-8963-46bfdc697c2b,792d7b30-a714-5d8c-8fa6-ca1c997ae6b8,SOURCED_FROM
35711a17-2a58-5782-8e9a-c0107d79c082,792d7b30-a714-5d8c-8fa6-ca1c997ae6b8,SOURCED_FROM
e1024e07-3a2f-50df-847f-76e2103856b9,792d7b30-a714-5d8c-8fa6-ca1c997ae6b8,SOURCED_FROM
4ae5a5a1-5b22-5fe2-8e7a-927793fd8eda,792d7b30-a714-5d8c-8fa6-ca1c997ae6b8,SOURCED_FROM
e619022a-0d2a-59de-87ed-536345e152a4,792d7b30-a714-5d8c-8fa6-ca1c997ae6b8,SOURCED_FROM
ba83cc8d-3d5f-5111-8209-90c241d8da6b,792d7b30-a714-5d8c-8fa6-ca1c997ae6b8,SOURCED_FROM
0c051118-8893-5aa7-8cfe-7b122515b4d0,792d7b30-a714-5d8c-8fa6-ca1c997ae6b8,SOURCED_FROM
b5f248c1-44a6-5667-88ef-fc5456f67e2d,792d7b30-a714-5d8c-8fa6-ca1c997ae6b8,SOURCED_FROM
945cded7-9a7c-5c1a-851c-f4858f25c0b6,792d7b30-a714-5d8c-8fa6-ca1c997ae6b8,SOURCED_FROM
1ab24f45-19ed-5822-8dd9-e2ee31667d43,792d7b30-a714-5d8c-8fa6-ca1c997ae6b8,SOURCED_FROM
62c6a1ae-934c-52f3-852a-97992efd82bf,792d7b30-a714-5d8c-8fa6-ca1c997ae6b8,SOURCED_FROM
1caaca84-3171-5322-80b6-82ca4038a342,792d7b30-a714-5d8c-8fa6-ca1c997ae6b8,SOURCED_FROM
951492c4-3a10-5ef9-8f54-e220995cc72f,792d7b30-a714-5d8c-8fa6-ca1c997ae6b8,SOURCED_FROM
950713ae-e97a-5a43-86cf-ee2bd1fe9005,792d7b30-a714-5d8c-8fa6-ca1c997ae6b8,SOURCED_FROM
e5179f4a-4ac7-528e-84e6-80ccb83bbf71,792d7b30-a714-5d8c-8fa6-ca1c997ae6b8,SOURCED_FROM
3e136dbc-6564-523d-8b1f-a48043bdc3bf,792d7b30-a714-5d8c-8fa6-ca1c997ae6b8,SOURCED_FROM
5042b99c-392c-520b-8487-88dd9312d4bc,792d7b30-a714-5d8c-8fa6-ca1c997ae6b8,SOURCED_FROM
6bf100c9-939c-5603-8d58-a4d71a74601a,792d7b30-a714-5d8c-8fa6-ca1c997ae6b8,SOURCED_FROM
b18f3f22-ea59-5229-8f08-4e805469f6c9,792d7b30-a714-5d8c-8fa6-ca1c997ae6b8,SOURCED_FROM
82a6ba9c-2f61-570f-8280-92f750f6791d,792d7b30-a714-5d8c-8fa6-ca1c997ae6b8,SOURCED_FROM
c17e17cd-d24c-5fe3-8e62-5b7c113baf09,792d7b30-a714-5d8c-8fa6-ca1c997ae6b8,SOURCED_FROM
5de0c3a9-7d26-513b-83a1-6264ac9615ee,792d7b30-a714-5d8c-8fa6-ca1c997ae6b8,SOURCED_FROM
b83e4b4e-e032-5f2a-8ee8-1c63bea1b714,792d7b30-a714-5d8c-8fa6-ca1c997ae6b8,SOURCED_FROM
44ce575e-9ece-5376-8c91-ab1ae6184651,792d7b30-a714-5d8c-8fa6-ca1c997ae6b8,SOURCED_FROM
57782253-4289-5b7e-8a8d-5402f1166c9f,792d7b30-a714-5d8c-8fa6-ca1c997ae6b8,SOURCED_FROM
594405c3-4693-5185-8faf-83abe41598fa,792d7b30-a714-5d8c-8fa6-ca1c997ae6b8,SOURCED_FROM
0fa44829-ce2f-5c27-81bc-ef8e70c27377,792d7b30-a714-5d8c-8fa6-ca1c997ae6b8,SOURCED_FROM
336deb9e-66d2-5e5a-8bc7-16b0f93f2bc0,792d7b30-a714-5d8c-8fa6-ca1c997ae6b8,SOURCED_FROM
17a2fedc-4e7c-5154-8e12-ef3905d835b5,792d7b30-a714-5d8c-8fa6-ca1c997ae6b8,SOURCED_FROM
d9922899-f1f6-57c2-8835-0886448e6e25,792d7b30-a714-5d8c-8fa6-ca1c997ae6b8,SOURCED_FROM
39b0c144-918f-5456-8f53-769dbfa40720,792d7b30-a714-5d8c-8fa6-ca1c997ae6b8,SOURCED_FROM
cf7f4447-bff9-5de5-8a4b-a0204d44bbe3,792d7b30-a714-5d8c-8fa6-ca1c997ae6b8,SOURCED_FROM
520de1c7-1bc1-53cf-8ad1-af396960e6e8,792d7b30-a714-5d8c-8fa6-ca1c997ae6b8,SOURCED_FROM
2dd4d7f1-f7d6-5b1d-8b5a-be3b8db4fb0c,792d7b30-a714-5d8c-8fa6-ca1c997ae6b8,SOURCED_FROM
1ed0eca4-58d9-55d0-8806-24b9e72a20d2,792d7b30-a714-5d8c-8fa6-ca1c997ae6b8,SOURCED_FROM
5a85f7bf-3aac-5537-8ac7-098d6edb9d94,792d7b30-a714-5d8c-8fa6-ca1c997ae6b8,SOURCED_FROM
63cf7eea-7912-5f43-88da-4525488ebd1e,792d7b30-a714-5d8c-8fa6-ca1c997ae6b8,SOURCED_FROM
61781b8d-c767-5cd0-8ae9-1a2ca0388269,792d7b30-a714-5d8c-8fa6-ca1c997ae6b8,SOURCED_FROM
8633dda8-5043-53fe-8c04-293b5d3c0dab,792d7b30-a714-5d8c-8fa6-ca1c997ae6b8,SOURCED_FROM
4ee62215-024b-5df7-8c93-7328dda41fe7,792d7b30-a714-5d8c-8fa6-ca1c997ae6b8,SOURCED_FROM
d11c04b4-f806-5b01-87a8-d9c349b4a076,792d7b30-a714-5d8c-8fa6-ca1c997ae6b8,SOURCED_FROM
284206cb-180f-5107-812a-7e2da3c55412,792d7b30-a714-5d8c-8fa6-ca1c997ae6b8,SOURCED_FROM
4bbbe511-695d-53cb-8211-201f3122414e,792d7b30-a714-5d8c-8fa6-ca1c997ae6b8,SOURCED_FROM
776b43e7-d7ce-52ed-8d7b-8ba2b56f24d7,792d7b30-a714-5d8c-8fa6-ca1c997ae6b8,SOURCED_FROM
b43878cf-dbd4-519b-8cf3-832264bb56e4,792d7b30-a714-5d8c-8fa6-ca1c997ae6b8,SOURCED_FROM
956f52f6-6ba8-5908-8cb8-4ccecedcff52,792d7b30-a714-5d8c-8fa6-ca1c997ae6b8,SOURCED_FROM
b7d21c66-e1ad-5637-863a-fbef44ff2ba8,792d7b30-a714-5d8c-8fa6-ca1c997ae6b8,SOURCED_FROM
8443126b-6c22-51ad-8d20-03637043e810,792d7b30-a714-5d8c-8fa6-ca1c997ae6b8,SOURCED_FROM
5327120e-427e-525c-8f03-275268aa5abc,792d7b30-a714-5d8c-8fa6-ca1c997ae6b8,SOURCED_FROM
0118f990-2cca-5b5e-8eb5-a86a7a571c9d,792d7b30-a714-5d8c-8fa6-ca1c997ae6b8,SOURCED_FROM
e0da169e-a3eb-5de1-8d19-b4c898a23f5e,792d7b30-a714-5d8c-8fa6-ca1c997ae6b8,SOURCED_FROM
054a03aa-f43e-51c4-8660-dd77d7f553fe,792d7b30-a714-5d8c-8fa6-ca1c997ae6b8,SOURCED_FROM
99499c0b-5e4c-5063-8f7f-f96ff24fb604,792d7b30-a714-5d8c-8fa6-ca1c997ae6b8,SOURCED_FROM
cf04f234-5512-5cc8-84ee-984cba506a52,792d7b30-a714-5d8c-8fa6-ca1c997ae6b8,SOURCED_FROM
70acadee-7489-5dbf-8e5f-3cdeafda19f6,792d7b30-a714-5d8c-8fa6-ca1c997ae6b8,SOURCED_FROM
b69e2a5c-44db-5690-8fa7-e254bb0397da,792d7b30-a714-5d8c-8fa6-ca1c997ae6b8,SOURCED_FROM
1bbf2a97-64d0-5aa9-8e27-99fb6a747be0,792d7b30-a714-5d8c-8fa6-ca1c997ae6b8,SOURCED_FROM
f934fc3b-cb4f-5d68-8032-af8fbd6b32be,792d7b30-a714-5d8c-8fa6-ca1c997ae6b8,SOURCED_FROM
e78b626c-49dc-59e6-864b-5e6e38d6490c,792d7b30-a714-5d8c-8fa6-ca1c997ae6b8,SOURCED_FROM
a5b28849-6d9a-5f21-8519-246f1c371074,792d7b30-a714-5d8c-8fa6-ca1c997ae6b8,SOURCED_FROM
a28a25a8-fac0-5fee-8e2a-1bc12718bc21,792d7b30-a714-5d8c-8fa6-ca1c997ae6b8,SOURCED_FROM
ac2800dd-1f6f-53db-8c08-9cac67e4e32d,792d7b30-a714-5d8c-8fa6-ca1c997ae6b8,SOURCED_FROM
70eb43a2-2113-5ced-8fbe-1c9f95fe5ea6,792d7b30-a714-5d8c-8fa6-ca1c997ae6b8,SOURCED_FROM
6ba9af9f-e1c4-5a79-8771-5872281d4b21,792d7b30-a714-5d8c-8fa6-ca1c997ae6b8,SOURCED_FROM
eb64591b-4e38-537b-8e1a-cd8dee1e87ac,792d7b30-a714-5d8c-8fa6-ca1c997ae6b8,SOURCED_FROM
fb8b589d-68eb-54ac-8fc7-0677f3468732,792d7b30-a714-5d8c-8fa6-ca1c997ae6b8,SOURCED_FROM
823089f1-d13a-5f47-819a-e5fc21651bc7,792d7b30-a714-5d8c-8fa6-ca1c997ae6b8,SOURCED_FROM
26813213-8705-5ea9-89ab-7bd28a7c772c,792d7b30-a714-5d8c-8fa6-ca1c997ae6b8,SOURCED_FROM
5fb849dc-775e-5505-8817-090d3b59a624,792d7b30-a714-5d8c-8fa6-ca1c997ae6b8,SOURCED_FROM
1150e737-d94a-5ee3-8b53-25aecaaec029,792d7b30-a714-5d8c-8fa6-ca1c997ae6b8,SOURCED_FROM
ad0d1ea6-2470-544a-8c36-81fde5b6878b,792d7b30-a714-5d8c-8fa6-ca1c997ae6b8,SOURCED_FROM
31c68649-7caa-5ce9-8e0d-5e765a0f2df5,792d7b30-a714-5d8c-8fa6-ca1c997ae6b8,SOURCED_FROM
9591e114-f19c-545e-8613-245437e4f050,792d7b30-a714-5d8c-8fa6-ca1c997ae6b8,SOURCED_FROM
08d427f9-1924-5717-825d-60c3c1a4f307,792d7b30-a714-5d8c-8fa6-ca1c997ae6b8,SOURCED_FROM
a44fb9e9-3073-574d-84da-beca2d7e46ae,792d7b30-a714-5d8c-8fa6-ca1c997ae6b8,SOURCED_FROM
3ed08f53-4fff-5d44-8fe6-b6092fd45842,792d7b30-a714-5d8c-8fa6-ca1c997ae6b8,SOURCED_FROM
7f72d02f-7290-5a99-86c8-9adba9d745f7,792d7b30-a714-5d8c-8fa6-ca1c997ae6b8,SOURCED_FROM
8bcee825-f6bc-567c-8216-815f7fee3515,792d7b30-a714-5d8c-8fa6-ca1c997ae6b8,SOURCED_FROM
5fb92b68-d78b-5466-8fe3-49c8e0da6461,792d7b30-a714-5d8c-8fa6-ca1c997ae6b8,SOURCED_FROM
bc7e9364-b4d1-522c-8e95-442e7057755e,792d7b30-a714-5d8c-8fa6-ca1c997ae6b8,SOURCED_FROM
3e186d2d-a658-5965-8eea-c7a048fc6bf9,792d7b30-a714-5d8c-8fa6-ca1c997ae6b8,SOURCED_FROM
aeb80ee4-25e0-59d5-8123-19d63f738e3b,792d7b30-a714-5d8c-8fa6-ca1c997ae6b8,SOURCED_FROM
16cfff01-a768-547a-81b3-016c4aa3020a,792d7b30-a714-5d8c-8fa6-ca1c997ae6b8,SOURCED_FROM
05dc073d-907f-51a4-8ad2-b18648e5175c,792d7b30-a714-5d8c-8fa6-ca1c997ae6b8,SOURCED_FROM
e33ede15-30eb-5012-87be-e4398848427e,792d7b30-a714-5d8c-8fa6-ca1c997ae6b8,SOURCED_FROM
079c1d60-821e-5024-80a4-6274a7cbd324,792d7b30-a714-5d8c-8fa6-ca1c997ae6b8,SOURCED_FROM
594f377b-9148-5f93-8254-20ca15cb7a0c,792d7b30-a714-5d8c-8fa6-ca1c997ae6b8,SOURCED_FROM
e1c1f272-5c3c-5487-8d56-0a412b0f3dbf,792d7b30-a714-5d8c-8fa6-ca1c997ae6b8,SOURCED_FROM
6ade57ee-0471-5137-8f32-1dc88150dfb3,792d7b30-a714-5d8c-8fa6-ca1c997ae6b8,SOURCED_FROM
fdebc429-fd4d-5934-83e2-fba8df99db2b,792d7b30-a714-5d8c-8fa6-ca1c997ae6b8,SOURCED_FROM
93c90adf-ddde-5c9f-8d87-c277ffcbbe32,792d7b30-a714-5d8c-8fa6-ca1c997ae6b8,SOURCED_FROM
4216f098-8fbd-5490-8390-0d719ba1184a,792d7b30-a714-5d8c-8fa6-ca1c997ae6b8,SOURCED_FROM
658b2753-a328-5bd5-8d9b-3d9552a435c9,792d7b30-a714-5d8c-8fa6-ca1c997ae6b8,SOURCED_FROM
94d2e120-5e54-5e77-87c1-d1db576fe84f,792d7b30-a714-5d8c-8fa6-ca1c997ae6b8,SOURCED_FROM
e1b0b354-6f9a-50e6-8f3b-2ba7b170ad23,792d7b30-a714-5d8c-8fa6-ca1c997ae6b8,SOURCED_FROM
9cbbf7fb-536d-57f1-8a1c-91f07c866788,792d7b30-a714-5d8c-8fa6-ca1c997ae6b8,SOURCED_FROM
60e807e3-726b-5022-877f-4b32240304ae,792d7b30-a714-5d8c-8fa6-ca1c997ae6b8,SOURCED_FROM
d7a7392f-1ae0-54a5-8767-00129f0b3f4c,792d7b30-a714-5d8c-8fa6-ca1c997ae6b8,SOURCED_FROM
89a82dc0-c889-5c50-87ec-20a01739126e,792d7b30-a714-5d8c-8fa6-ca1c997ae6b8,SOURCED_FROM
0be64bfd-6bd6-57d4-8bc0-93b8d5d8665a,792d7b30-a714-5d8c-8fa6-ca1c997ae6b8,SOURCED_FROM
35d50aea-c95f-5292-8e55-8725103cb0c0,792d7b30-a714-5d8c-8fa6-ca1c997ae6b8,SOURCED_FROM
bbfac751-37f6-5903-87d8-2a6322950257,792d7b30-a714-5d8c-8fa6-ca1c997ae6b8,SOURCED_FROM
a1cd73e5-6595-5264-8c7f-26e5c594fbcc,792d7b30-a714-5d8c-8fa6-ca1c997ae6b8,SOURCED_FROM
f21e2c31-155b-5814-8882-8eddaeeffce9,792d7b30-a714-5d8c-8fa6-ca1c997ae6b8,SOURCED_FROM
1445b582-352f-5ad5-8aeb-df89d869626c,792d7b30-a714-5d8c-8fa6-ca1c997ae6b8,SOURCED_FROM
adac1990-f5e8-5cff-89d5-17b25c6c5a33,792d7b30-a714-5d8c-8fa6-ca1c997ae6b8,SOURCED_FROM
2e3e9118-2b6d-5fd8-8801-5410303ef451,792d7b30-a714-5d8c-8fa6-ca1c997ae6b8,SOURCED_FROM
202273f3-ce64-565c-824c-f927d4756f38,792d7b30-a714-5d8c-8fa6-ca1c997ae6b8,SOURCED_FROM
e543af04-0641-56df-8921-cbdf1f858599,792d7b30-a714-5d8c-8fa6-ca1c997ae6b8,SOURCED_FROM
52caa29f-32a9-525a-8ba3-fb696dd758c7,792d7b30-a714-5d8c-8fa6-ca1c997ae6b8,SOURCED_FROM
9094c514-6b34-5ad1-86e5-667e7d59380f,792d7b30-a714-5d8c-8fa6-ca1c997ae6b8,SOURCED_FROM
88bba4e6-3a62-56b3-8a8d-ee1a0f16e016,792d7b30-a714-5d8c-8fa6-ca1c997ae6b8,SOURCED_FROM
7ef81ea3-634c-5923-80d4-2bdf7c6f9741,792d7b30-a714-5d8c-8fa6-ca1c997ae6b8,SOURCED_FROM
9a03358f-afd5-505d-8a68-71a3fd81f3ed,792d7b30-a714-5d8c-8fa6-ca1c997ae6b8,SOURCED_FROM
f878c7e0-a105-591f-8726-af5116780d49,792d7b30-a714-5d8c-8fa6-ca1c997ae6b8,SOURCED_FROM
c9dddca2-f2ef-5c4b-8d3f-925a4cf8e75a,792d7b30-a714-5d8c-8fa6-ca1c997ae6b8,SOURCED_FROM
8bb4a8b8-c9f8-52e0-89b0-736376421c7f,792d7b30-a714-5d8c-8fa6-ca1c997ae6b8,SOURCED_FROM
e0d421cf-f612-57ba-890c-d905669b974c,792d7b30-a714-5d8c-8fa6-ca1c997ae6b8,SOURCED_FROM
c1016caf-8c5f-5f23-806f-75759c2be9e6,792d7b30-a714-5d8c-8fa6-ca1c997ae6b8,SOURCED_FROM
36219d35-be97-5f44-8896-830d688c35aa,792d7b30-a714-5d8c-8fa6-ca1c997ae6b8,SOURCED_FROM
a5a5aed1-d596-550f-8476-ce555915cc4a,792d7b30-a714-5d8c-8fa6-ca1c997ae6b8,SOURCED_FROM
231f9259-b146-5d87-8fad-2eb821db5908,792d7b30-a714-5d8c-8fa6-ca1c997ae6b8,SOURCED_FROM
6ac68143-5ed9-56bd-811e-f255c63174bf,792d7b30-a714-5d8c-8fa6-ca1c997ae6b8,SOURCED_FROM
df761186-57ec-5576-8834-ba0ff704c7fd,792d7b30-a714-5d8c-8fa6-ca1c997ae6b8,SOURCED_FROM
1b66973b-2628-5120-886f-6622324ebc47,792d7b30-a714-5d8c-8fa6-ca1c997ae6b8,SOURCED_FROM
7773d624-379e-5482-8528-415f592e78c7,792d7b30-a714-5d8c-8fa6-ca1c997ae6b8,SOURCED_FROM
2b76122c-1348-5ece-8990-3bafaa938359,792d7b30-a714-5d8c-8fa6-ca1c997ae6b8,SOURCED_FROM
22f0da75-599c-5422-8cc0-b8e64fd448d0,792d7b30-a714-5d8c-8fa6-ca1c997ae6b8,SOURCED_FROM
e8d625d0-df93-5f58-8086-1b979959cc4d,792d7b30-a714-5d8c-8fa6-ca1c997ae6b8,SOURCED_FROM
a3cd4cff-2c2e-5370-8c3c-b6f72cc74940,792d7b30-a714-5d8c-8fa6-ca1c997ae6b8,SOURCED_FROM
0d737e68-56e3-5f83-8d35-8debc9664769,792d7b30-a714-5d8c-8fa6-ca1c997ae6b8,SOURCED_FROM
ae521245-b4d6-58d8-8137-49ecedc4579e,792d7b30-a714-5d8c-8fa6-ca1c997ae6b8,SOURCED_FROM
c3f8b71a-1f30-537d-8081-641d85c25284,792d7b30-a714-5d8c-8fa6-ca1c997ae6b8,SOURCED_FROM
7bf4e288-af9c-5690-8a35-f8e241dab8e4,792d7b30-a714-5d8c-8fa6-ca1c997ae6b8,SOURCED_FROM
1aeab1fc-4406-5c88-85be-786f4837e466,792d7b30-a714-5d8c-8fa6-ca1c997ae6b8,SOURCED_FROM
103b6d85-0a56-577d-846e-31070b8351e6,792d7b30-a714-5d8c-8fa6-ca1c997ae6b8,SOURCED_FROM
5ebbfae4-d14c-5c4d-8d39-8617d320596d,792d7b30-a714-5d8c-8fa6-ca1c997ae6b8,SOURCED_FROM
7892b056-2ec1-5c42-83c5-47154f62bcd9,792d7b30-a714-5d8c-8fa6-ca1c997ae6b8,SOURCED_FROM
d272aa3f-3d6f-5550-8241-f2b1b50abe89,792d7b30-a714-5d8c-8fa6-ca1c997ae6b8,SOURCED_FROM
beea924d-7f51-5b17-8bcc-4192c2eaf60e,792d7b30-a714-5d8c-8fa6-ca1c997ae6b8,SOURCED_FROM
676496ce-cc08-51ad-8ff4-0e6c69494708,792d7b30-a714-5d8c-8fa6-ca1c997ae6b8,SOURCED_FROM
197650b3-8190-5682-8367-9e616e500a9b,792d7b30-a714-5d8c-8fa6-ca1c997ae6b8,SOURCED_FROM
5b0430b8-a235-51a1-8b37-1d28b977c542,792d7b30-a714-5d8c-8fa6-ca1c997ae6b8,SOURCED_FROM
42859d2b-7d40-51f2-8f26-687b104b80f3,792d7b30-a714-5d8c-8fa6-ca1c997ae6b8,SOURCED_FROM
63719628-2e81-5775-8b66-9b9545f069ed,792d7b30-a714-5d8c-8fa6-ca1c997ae6b8,SOURCED_FROM
9f601a42-f06f-52f3-880f-fec897029446,792d7b30-a714-5d8c-8fa6-ca1c997ae6b8,SOURCED_FROM
86bfc6d5-0c91-5520-852d-0bcb448e8001,792d7b30-a714-5d8c-8fa6-ca1c997ae6b8,SOURCED_FROM
fd42b321-0212-5ae6-8fb6-ea38711760fc,792d7b30-a714-5d8c-8fa6-ca1c997ae6b8,SOURCED_FROM
0e7664ba-55e6-5c8a-8b45-0a840198a3e3,792d7b30-a714-5d8c-8fa6-ca1c997ae6b8,SOURCED_FROM
65439e1e-5d2c-5773-8088-34d5e1e90f7a,792d7b30-a714-5d8c-8fa6-ca1c997ae6b8,SOURCED_FROM
7da84db0-0028-5d62-89a6-0dbe568e307d,792d7b30-a714-5d8c-8fa6-ca1c997ae6b8,SOURCED_FROM
3e733f8b-2dfa-52e4-8395-60dd8b0f3740,792d7b30-a714-5d8c-8fa6-ca1c997ae6b8,SOURCED_FROM
3c0ffef2-2a05-5923-808d-6ccac9f50813,792d7b30-a714-5d8c-8fa6-ca1c997ae6b8,SOURCED_FROM
67744bd5-d2e5-5c4f-88b0-c66dbb10eaae,792d7b30-a714-5d8c-8fa6-ca1c997ae6b8,SOURCED_FROM
c9869cb2-50e0-55e0-865c-46e3289e1826,792d7b30-a714-5d8c-8fa6-ca1c997ae6b8,SOURCED_FROM
08976aca-5b28-5c2f-8558-ce4186afbbff,792d7b30-a714-5d8c-8fa6-ca1c997ae6b8,SOURCED_FROM
f2eeb47e-288b-5462-8a24-be174cb44463,792d7b30-a714-5d8c-8fa6-ca1c997ae6b8,SOURCED_FROM
095270e3-a467-5e7f-896b-0ab25e8acd44,792d7b30-a714-5d8c-8fa6-ca1c997ae6b8,SOURCED_FROM
df2e8eb2-be21-5837-8139-b2c7ae6502d1,792d7b30-a714-5d8c-8fa6-ca1c997ae6b8,SOURCED_FROM
b5e6516c-aafe-5935-84cc-dc6f7a8c8121,792d7b30-a714-5d8c-8fa6-ca1c997ae6b8,SOURCED_FROM
8c7e37f6-b489-5224-82cd-32f20bf8e4bc,792d7b30-a714-5d8c-8fa6-ca1c997ae6b8,SOURCED_FROM
68495c0a-c4e1-5161-8e69-e2ab68d7c939,792d7b30-a714-5d8c-8fa6-ca1c997ae6b8,SOURCED_FROM
fae917b6-1e3b-5220-8c38-6e1678b3d77a,792d7b30-a714-5d8c-8fa6-ca1c997ae6b8,SOURCED_FROM
26069abf-28e9-5ccf-89ac-8ed4c89f161f,792d7b30-a714-5d8c-8fa6-ca1c997ae6b8,SOURCED_FROM
8ad0e8a0-ad14-5e51-80c3-4f2199d4e3b4,792d7b30-a714-5d8c-8fa6-ca1c997ae6b8,SOURCED_FROM
f0562e86-7dad-515a-84d6-e97cf888939b,792d7b30-a714-5d8c-8fa6-ca1c997ae6b8,SOURCED_FROM
89e7dcca-adb4-59e3-8527-29617b88b2dd,792d7b30-a714-5d8c-8fa6-ca1c997ae6b8,SOURCED_FROM
0ae5d400-d077-5e77-858b-37bc689be8d2,792d7b30-a714-5d8c-8fa6-ca1c997ae6b8,SOURCED_FROM
545acaf1-7e1a-5647-8fe6-533e556918d3,792d7b30-a714-5d8c-8fa6-ca1c997ae6b8,SOURCED_FROM
d64a580d-2f9a-5d36-85e2-9dbca8157a4f,792d7b30-a714-5d8c-8fa6-ca1c997ae6b8,SOURCED_FROM
eff86cc6-4456-5062-8a20-4f052c2a3c8c,792d7b30-a714-5d8c-8fa6-ca1c997ae6b8,SOURCED_FROM
59aa29b4-ec21-5926-8309-e9eb6b2d310b,792d7b30-a714-5d8c-8fa6-ca1c997ae6b8,SOURCED_FROM
3f3e83d1-4f14-5742-83f1-bed5aca90e48,792d7b30-a714-5d8c-8fa6-ca1c997ae6b8,SOURCED_FROM
2d795aae-ad89-5f0d-83dd-6d56be12fe86,792d7b30-a714-5d8c-8fa6-ca1c997ae6b8,SOURCED_FROM
bdb69429-c026-533a-8c10-cc71b34e47e6,792d7b30-a714-5d8c-8fa6-ca1c997ae6b8,SOURCED_FROM
a75a51cf-52a5-5224-8c8b-7ab63c57c7fa,792d7b30-a714-5d8c-8fa6-ca1c997ae6b8,SOURCED_FROM
14382a8b-983b-5734-8c2d-3c59f27eddfe,792d7b30-a714-5d8c-8fa6-ca1c997ae6b8,SOURCED_FROM
581c91a2-ff52-5a17-8e21-112b000e7b4e,792d7b30-a714-5d8c-8fa6-ca1c997ae6b8,SOURCED_FROM
0aaaa332-ce55-597f-846e-6fbc597def68,792d7b30-a714-5d8c-8fa6-ca1c997ae6b8,SOURCED_FROM
f2885e76-9681-56b5-8308-612f99fff82a,792d7b30-a714-5d8c-8fa6-ca1c997ae6b8,SOURCED_FROM
e8b7b343-19df-58d5-8f84-e15950de5c97,792d7b30-a714-5d8c-8fa6-ca1c997ae6b8,SOURCED_FROM
6bb270c8-8a55-5caf-8862-882261a732ea,792d7b30-a714-5d8c-8fa6-ca1c997ae6b8,SOURCED_FROM
dcdb43ad-d4d4-5b6f-8768-2e9991f67de3,792d7b30-a714-5d8c-8fa6-ca1c997ae6b8,SOURCED_FROM
7c06f219-b628-5622-8a4a-5114c06481f1,792d7b30-a714-5d8c-8fa6-ca1c997ae6b8,SOURCED_FROM
2c0701cb-cc0a-5a11-843a-fcf88f748f54,792d7b30-a714-5d8c-8fa6-ca1c997ae6b8,SOURCED_FROM
b430b543-aa78-5fee-80c3-a8c3ba588ba0,792d7b30-a714-5d8c-8fa6-ca1c997ae6b8,SOURCED_FROM
540cd16e-4e36-519f-86af-519272f1abdc,792d7b30-a714-5d8c-8fa6-ca1c997ae6b8,SOURCED_FROM
2bb7e4b2-3a30-5cd3-807f-95c9dd00547b,792d7b30-a714-5d8c-8fa6-ca1c997ae6b8,SOURCED_FROM
3ee12c57-67b8-507f-8729-b6e853bc3e09,792d7b30-a714-5d8c-8fa6-ca1c997ae6b8,SOURCED_FROM
6e4625ea-b7cc-5639-859b-c13f3e5178b2,792d7b30-a714-5d8c-8fa6-ca1c997ae6b8,SOURCED_FROM
22f2c95f-d44a-5caa-8314-75979010208c,792d7b30-a714-5d8c-8fa6-ca1c997ae6b8,SOURCED_FROM
294921a2-547c-50fe-8a7c-5641607d98ce,792d7b30-a714-5d8c-8fa6-ca1c997ae6b8,SOURCED_FROM
0d609b5d-e77b-5905-8315-1bad0b1822aa,792d7b30-a714-5d8c-8fa6-ca1c997ae6b8,SOURCED_FROM
6ae88d65-37d5-5491-8209-5350656699e3,792d7b30-a714-5d8c-8fa6-ca1c997ae6b8,SOURCED_FROM
f9b099d2-e9a7-5682-856d-d41d4b2ab38e,792d7b30-a714-5d8c-8fa6-ca1c997ae6b8,SOURCED_FROM
190c7c68-3681-588a-8fb1-a965fa358dc0,792d7b30-a714-5d8c-8fa6-ca1c997ae6b8,SOURCED_FROM
6b7fe513-66eb-52a6-88c4-5269ff6f3de8,792d7b30-a714-5d8c-8fa6-ca1c997ae6b8,SOURCED_FROM
f9cf7a01-d7e7-5a65-8cae-66e14b1c48d2,792d7b30-a714-5d8c-8fa6-ca1c997ae6b8,SOURCED_FROM
52af8752-b19c-5421-85f4-0a7ea915e513,792d7b30-a714-5d8c-8fa6-ca1c997ae6b8,SOURCED_FROM
345a9ff2-81c5-533a-8d28-2c5299d06fc6,792d7b30-a714-5d8c-8fa6-ca1c997ae6b8,SOURCED_FROM
d7d86cca-4acc-52f7-8457-fdadad6e64b1,792d7b30-a714-5d8c-8fa6-ca1c997ae6b8,SOURCED_FROM
eb78072f-d37b-51a4-81a8-5effb07fde58,792d7b30-a714-5d8c-8fa6-ca1c997ae6b8,SOURCED_FROM
3c9f1a73-b935-5c89-80d9-4b6c09cd7c99,792d7b30-a714-5d8c-8fa6-ca1c997ae6b8,SOURCED_FROM
9f43c500-1a18-5dd6-8298-12838fb1bd97,792d7b30-a714-5d8c-8fa6-ca1c997ae6b8,SOURCED_FROM
12d1bf2a-65b9-5d49-8c9c-9b451085fd85,792d7b30-a714-5d8c-8fa6-ca1c997ae6b8,SOURCED_FROM
37be46b6-50b2-50de-85a1-b6457b2ac93b,792d7b30-a714-5d8c-8fa6-ca1c997ae6b8,SOURCED_FROM
35bf4437-def9-5ea4-8946-5eb9ba717eaa,792d7b30-a714-5d8c-8fa6-ca1c997ae6b8,SOURCED_FROM
7c55d63b-8850-5592-8b97-407703de73b4,792d7b30-a714-5d8c-8fa6-ca1c997ae6b8,SOURCED_FROM
093b0b9b-4bff-50b8-8688-f89e30bd244c,792d7b30-a714-5d8c-8fa6-ca1c997ae6b8,SOURCED_FROM
669e9e54-b347-5c30-8037-50201d7e4434,792d7b30-a714-5d8c-8fa6-ca1c997ae6b8,SOURCED_FROM
d1841cf0-0b53-5a6e-8f75-6df235b44054,792d7b30-a714-5d8c-8fa6-ca1c997ae6b8,SOURCED_FROM
1e1f8853-8be8-54e0-8184-97ca2dbf5c78,792d7b30-a714-5d8c-8fa6-ca1c997ae6b8,SOURCED_FROM
9f6367c9-3cbf-51c9-83a9-a884dd101906,792d7b30-a714-5d8c-8fa6-ca1c997ae6b8,SOURCED_FROM
5b2a7604-4f5a-5732-8c1c-6b4f026fa296,792d7b30-a714-5d8c-8fa6-ca1c997ae6b8,SOURCED_FROM
77198c69-b2ed-5401-8196-a8d470181075,792d7b30-a714-5d8c-8fa6-ca1c997ae6b8,SOURCED_FROM
4e97cfd4-c300-5579-8a8e-93f1f53ff062,792d7b30-a714-5d8c-8fa6-ca1c997ae6b8,SOURCED_FROM
09b917c6-9568-5c8f-82a3-a1d05a706580,792d7b30-a714-5d8c-8fa6-ca1c997ae6b8,SOURCED_FROM
49a9290b-2560-5e6a-868b-12dc822e024f,792d7b30-a714-5d8c-8fa6-ca1c997ae6b8,SOURCED_FROM
5e6d6323-36de-5c02-809c-e4198a5ed699,792d7b30-a714-5d8c-8fa6-ca1c997ae6b8,SOURCED_FROM
1c0ae6a8-5fb7-5184-8fd6-f1f1e941db1f,792d7b30-a714-5d8c-8fa6-ca1c997ae6b8,SOURCED_FROM
f6378588-75a4-59b9-808d-718f00abfc13,792d7b30-a714-5d8c-8fa6-ca1c997ae6b8,SOURCED_FROM
a8ad60d7-ac55-591c-827f-2e5e229a495d,792d7b30-a714-5d8c-8fa6-ca1c997ae6b8,SOURCED_FROM
141bab14-c931-59bd-8070-dfbb9464cfad,792d7b30-a714-5d8c-8fa6-ca1c997ae6b8,SOURCED_FROM
7344b6a2-5e4a-5437-8fc9-2f70cd80613b,792d7b30-a714-5d8c-8fa6-ca1c997ae6b8,SOURCED_FROM
55deac60-ce4e-5491-8189-75106572a0c3,792d7b30-a714-5d8c-8fa6-ca1c997ae6b8,SOURCED_FROM
1fcca151-6d6b-5134-8f83-76dafa5c10be,792d7b30-a714-5d8c-8fa6-ca1c997ae6b8,SOURCED_FROM
55b55e9d-13e3-5a72-8e04-1378bc5fec00,792d7b30-a714-5d8c-8fa6-ca1c997ae6b8,SOURCED_FROM
e938a356-b2ac-5a4f-8683-9616a83f77b2,792d7b30-a714-5d8c-8fa6-ca1c997ae6b8,SOURCED_FROM
89893273-cefa-5112-8378-1f810ba2df6f,792d7b30-a714-5d8c-8fa6-ca1c997ae6b8,SOURCED_FROM
55278cfd-03fb-5e39-8824-664ff1ae5868,792d7b30-a714-5d8c-8fa6-ca1c997ae6b8,SOURCED_FROM
f2bd5697-192d-5121-83d3-0ccec9d2e9d3,792d7b30-a714-5d8c-8fa6-ca1c997ae6b8,SOURCED_FROM
852e7a38-1bdd-5ad0-8ead-8e3837180bf2,792d7b30-a714-5d8c-8fa6-ca1c997ae6b8,SOURCED_FROM
68837c1e-800c-5c1f-80a1-7ddc94430d13,792d7b30-a714-5d8c-8fa6-ca1c997ae6b8,SOURCED_FROM
1eeebdc8-903f-5609-846a-6cffdc42e393,792d7b30-a714-5d8c-8fa6-ca1c997ae6b8,SOURCED_FROM
65dda864-271a-5b91-8869-34ab3da756a1,792d7b30-a714-5d8c-8fa6-ca1c997ae6b8,SOURCED_FROM
30ab831a-71dd-5ddd-8960-dc532ad21dff,792d7b30-a714-5d8c-8fa6-ca1c997ae6b8,SOURCED_FROM
2e11c891-9302-5a25-83e4-fb5623db8bc6,792d7b30-a714-5d8c-8fa6-ca1c997ae6b8,SOURCED_FROM
5a5b62f0-c3ae-5b87-84b2-22a1e911e866,792d7b30-a714-5d8c-8fa6-ca1c997ae6b8,SOURCED_FROM
d0136878-38b6-50fd-8e35-f39b000eb111,792d7b30-a714-5d8c-8fa6-ca1c997ae6b8,SOURCED_FROM
596d1ca9-f4b1-51f9-8373-19a451c44db0,792d7b30-a714-5d8c-8fa6-ca1c997ae6b8,SOURCED_FROM
08a5e560-bdcf-55c0-8253-df6afec0598e,792d7b30-a714-5d8c-8fa6-ca1c997ae6b8,SOURCED_FROM
0b25cf98-0d2b-5faa-82b2-cf02109dbc65,792d7b30-a714-5d8c-8fa6-ca1c997ae6b8,SOURCED_FROM
b0bbdf75-e1bf-58ad-8b51-2c4e4ee04289,792d7b30-a714-5d8c-8fa6-ca1c997ae6b8,SOURCED_FROM
06f3332d-2551-5e14-897e-71c5ac52f014,792d7b30-a714-5d8c-8fa6-ca1c997ae6b8,SOURCED_FROM
c0d6bf04-2e83-5a65-81bf-c1973063894b,792d7b30-a714-5d8c-8fa6-ca1c997ae6b8,SOURCED_FROM
4feb7240-ff37-5030-89e7-ffe43c12fd39,792d7b30-a714-5d8c-8fa6-ca1c997ae6b8,SOURCED_FROM
4a23e58b-0cf8-5579-8e1d-75bb130ef275,792d7b30-a714-5d8c-8fa6-ca1c997ae6b8,SOURCED_FROM
22a05faf-d31a-53be-84f1-33d413582ff6,792d7b30-a714-5d8c-8fa6-ca1c997ae6b8,SOURCED_FROM
7236a6dd-e2e7-5c73-82ed-cabbacf6ec49,792d7b30-a714-5d8c-8fa6-ca1c997ae6b8,SOURCED_FROM
52bf37ad-408b-55e1-8e42-78af231c2d8c,792d7b30-a714-5d8c-8fa6-ca1c997ae6b8,SOURCED_FROM
e1c3a070-70e8-56f0-8710-19dec48749dd,792d7b30-a714-5d8c-8fa6-ca1c997ae6b8,SOURCED_FROM
b2466bcb-8965-5534-8e0c-3983ebf1a7fd,792d7b30-a714-5d8c-8fa6-ca1c997ae6b8,SOURCED_FROM
7ced1b70-a1b0-533e-8327-200d43edaad9,792d7b30-a714-5d8c-8fa6-ca1c997ae6b8,SOURCED_FROM
9857cac6-e892-5e99-8624-ac6dff8f24e0,792d7b30-a714-5d8c-8fa6-ca1c997ae6b8,SOURCED_FROM
dfbb0bf8-f20f-50bb-8a45-7e7f7b2c6d06,792d7b30-a714-5d8c-8fa6-ca1c997ae6b8,SOURCED_FROM
9e484ad7-421c-5190-8929-caef214df3e8,792d7b30-a714-5d8c-8fa6-ca1c997ae6b8,SOURCED_FROM
c29fa3be-1324-5c3a-8cae-3cb6cac30b95,792d7b30-a714-5d8c-8fa6-ca1c997ae6b8,SOURCED_FROM
3a901ba5-a243-57fe-8cef-70a97e73c9db,792d7b30-a714-5d8c-8fa6-ca1c997ae6b8,SOURCED_FROM
ea0f5bf4-15c6-5fca-8eff-73339b575904,792d7b30-a714-5d8c-8fa6-ca1c997ae6b8,SOURCED_FROM
f193b016-0cf4-5018-8656-fc3a440a8183,792d7b30-a714-5d8c-8fa6-ca1c997ae6b8,SOURCED_FROM
12455c64-d1cb-5e72-84ad-fa24d41b96d7,792d7b30-a714-5d8c-8fa6-ca1c997ae6b8,SOURCED_FROM
239d4200-187c-5ab9-85b3-6cfd68c9e234,792d7b30-a714-5d8c-8fa6-ca1c997ae6b8,SOURCED_FROM
39fedabb-f63b-562b-8c89-41d07bd01bcd,792d7b30-a714-5d8c-8fa6-ca1c997ae6b8,SOURCED_FROM
bf734ade-b3b9-5dc4-8b62-7a476069261e,792d7b30-a714-5d8c-8fa6-ca1c997ae6b8,SOURCED_FROM
79576798-32db-5a11-8585-9628df8ee10e,792d7b30-a714-5d8c-8fa6-ca1c997ae6b8,SOURCED_FROM
e368d855-6244-5393-8d78-e0448e569a48,792d7b30-a714-5d8c-8fa6-ca1c997ae6b8,SOURCED_FROM
f972a265-1259-5f69-83da-9030be0d281e,792d7b30-a714-5d8c-8fa6-ca1c997ae6b8,SOURCED_FROM
6ededeb7-bc3b-52cb-8c3f-8faac692ea50,792d7b30-a714-5d8c-8fa6-ca1c997ae6b8,SOURCED_FROM
eac7b554-abaf-5674-857c-08b908717d8d,792d7b30-a714-5d8c-8fa6-ca1c997ae6b8,SOURCED_FROM
7d53c137-59e8-585b-8f3d-f186987f17f5,792d7b30-a714-5d8c-8fa6-ca1c997ae6b8,SOURCED_FROM
31bfa22e-2c91-59a3-8328-5ac82788f358,792d7b30-a714-5d8c-8fa6-ca1c997ae6b8,SOURCED_FROM
2be4cb1f-5814-58e3-8af0-07ceec714a84,792d7b30-a714-5d8c-8fa6-ca1c997ae6b8,SOURCED_FROM
535977ce-c55c-51b5-85e3-36bd932ac1d2,792d7b30-a714-5d8c-8fa6-ca1c997ae6b8,SOURCED_FROM
2b2ca25e-0991-5cd8-8400-6f7cad021d55,792d7b30-a714-5d8c-8fa6-ca1c997ae6b8,SOURCED_FROM
07f93e63-3803-5634-8769-8a59e552d9a8,792d7b30-a714-5d8c-8fa6-ca1c997ae6b8,SOURCED_FROM
fb9477c2-a35c-5083-83f4-0970dad62589,792d7b30-a714-5d8c-8fa6-ca1c997ae6b8,SOURCED_FROM
bc18b8d7-c80b-503d-80d7-2917df0ffcf6,792d7b30-a714-5d8c-8fa6-ca1c997ae6b8,SOURCED_FROM
55c00a0e-41b1-5e04-8e40-535bfbbf21c5,792d7b30-a714-5d8c-8fa6-ca1c997ae6b8,SOURCED_FROM
fd875318-fb90-5635-8bd2-dd4409e4137f,792d7b30-a714-5d8c-8fa6-ca1c997ae6b8,SOURCED_FROM
faca2bf0-3fdf-55c9-8079-73617864c12c,792d7b30-a714-5d8c-8fa6-ca1c997ae6b8,SOURCED_FROM
4e425a49-2633-5e4e-8372-fc3a3e1e08e3,792d7b30-a714-5d8c-8fa6-ca1c997ae6b8,SOURCED_FROM
bc8580c9-100f-546d-8a8f-9f27ec8b1046,792d7b30-a714-5d8c-8fa6-ca1c997ae6b8,SOURCED_FROM
44eff164-18c9-5e06-8637-e5db21a10f2d,792d7b30-a714-5d8c-8fa6-ca1c997ae6b8,SOURCED_FROM
a3325a7e-0ab9-5fb2-88e5-a20dcb1ddd95,792d7b30-a714-5d8c-8fa6-ca1c997ae6b8,SOURCED_FROM
a9f556ad-6984-5bb2-86e8-5a1512f30518,792d7b30-a714-5d8c-8fa6-ca1c997ae6b8,SOURCED_FROM
054b6242-ed6b-5b90-8bf0-48365b2216f6,792d7b30-a714-5d8c-8fa6-ca1c997ae6b8,SOURCED_FROM
827d8dc4-3cc5-5be1-8d51-06727a46ddf9,792d7b30-a714-5d8c-8fa6-ca1c997ae6b8,SOURCED_FROM
cb0e29ea-8a18-5cf6-8bde-2f04234607ff,792d7b30-a714-5d8c-8fa6-ca1c997ae6b8,SOURCED_FROM
cb1cd39a-c750-586f-8d44-81a906d4ac6b,792d7b30-a714-5d8c-8fa6-ca1c997ae6b8,SOURCED_FROM
b1c1721a-6188-5091-8a96-5c93bbeea666,792d7b30-a714-5d8c-8fa6-ca1c997ae6b8,SOURCED_FROM
5d47ec0d-f064-53c6-856b-33f7e226a574,792d7b30-a714-5d8c-8fa6-ca1c997ae6b8,SOURCED_FROM
28639f18-b886-5f83-8c87-01617f1575b9,792d7b30-a714-5d8c-8fa6-ca1c997ae6b8,SOURCED_FROM
3a100722-eaec-5633-881b-cdd3a56f4fea,792d7b30-a714-5d8c-8fa6-ca1c997ae6b8,SOURCED_FROM
bc4efec3-6519-5079-8b5e-32f0f88f2522,792d7b30-a714-5d8c-8fa6-ca1c997ae6b8,SOURCED_FROM
9ae84aa5-5cb9-5fff-8a60-1fea10c4e306,792d7b30-a714-5d8c-8fa6-ca1c997ae6b8,SOURCED_FROM
6bcecd19-bbaf-5509-8b57-cd846b7def1a,792d7b30-a714-5d8c-8fa6-ca1c997ae6b8,SOURCED_FROM
8747c763-deb7-58ed-8b59-46c3d84e4240,792d7b30-a714-5d8c-8fa6-ca1c997ae6b8,SOURCED_FROM
34a070ca-4853-5322-80d9-2501d44f5b7d,792d7b30-a714-5d8c-8fa6-ca1c997ae6b8,SOURCED_FROM
2cd67268-86a8-52d0-8139-d471707fe8bc,792d7b30-a714-5d8c-8fa6-ca1c997ae6b8,SOURCED_FROM
c8c7c092-f0be-54d8-8549-532eccc46ad8,792d7b30-a714-5d8c-8fa6-ca1c997ae6b8,SOURCED_FROM
cd15409f-7323-5b6e-88f1-36793ee67eaa,792d7b30-a714-5d8c-8fa6-ca1c997ae6b8,SOURCED_FROM
19154fee-1c31-51a0-8fca-9e83261a41e6,792d7b30-a714-5d8c-8fa6-ca1c997ae6b8,SOURCED_FROM
7d130a4b-258b-5b36-83e2-f51229bc020f,792d7b30-a714-5d8c-8fa6-ca1c997ae6b8,SOURCED_FROM
dcaef382-6710-5053-806f-d241fa35a656,792d7b30-a714-5d8c-8fa6-ca1c997ae6b8,SOURCED_FROM
270355fa-860e-5cf8-8117-a0070ee44869,792d7b30-a714-5d8c-8fa6-ca1c997ae6b8,SOURCED_FROM
8e2e0d14-87ad-5eda-8bee-f44f837daa3b,792d7b30-a714-5d8c-8fa6-ca1c997ae6b8,SOURCED_FROM
3a18f8e3-4e4e-5503-87de-5ab39ff601fe,792d7b30-a714-5d8c-8fa6-ca1c997ae6b8,SOURCED_FROM
bc3461c8-ce52-5330-8445-3d64f0c460bb,792d7b30-a714-5d8c-8fa6-ca1c997ae6b8,SOURCED_FROM
954c6c39-4caf-5c94-8474-5d652cba6728,792d7b30-a714-5d8c-8fa6-ca1c997ae6b8,SOURCED_FROM
c1b75d0d-c522-5657-80aa-bae9c3a53876,792d7b30-a714-5d8c-8fa6-ca1c997ae6b8,SOURCED_FROM
da11f96b-c1e5-58d8-817a-4e86b5d4d554,792d7b30-a714-5d8c-8fa6-ca1c997ae6b8,SOURCED_FROM
08a31368-1b35-5f18-844e-799ee7867cec,792d7b30-a714-5d8c-8fa6-ca1c997ae6b8,SOURCED_FROM
6fa3822a-00aa-5a2a-8761-47f184f57aab,792d7b30-a714-5d8c-8fa6-ca1c997ae6b8,SOURCED_FROM
af5b3b37-00c2-56a5-80aa-38051d499982,792d7b30-a714-5d8c-8fa6-ca1c997ae6b8,SOURCED_FROM
2cded46c-dafb-5994-8eaf-0ad851bf1d8e,792d7b30-a714-5d8c-8fa6-ca1c997ae6b8,SOURCED_FROM
b9bf53cc-a117-5392-88e8-c70dd365a88a,792d7b30-a714-5d8c-8fa6-ca1c997ae6b8,SOURCED_FROM
12c73b79-f4eb-57a3-820a-94b02c242b5b,792d7b30-a714-5d8c-8fa6-ca1c997ae6b8,SOURCED_FROM
80979fb0-ff0d-5812-87b1-38e2ca728fa4,792d7b30-a714-5d8c-8fa6-ca1c997ae6b8,SOURCED_FROM
969eb69c-7c9f-5b0c-869a-38a0c42841c8,792d7b30-a714-5d8c-8fa6-ca1c997ae6b8,SOURCED_FROM
559b8a43-5869-53db-87d5-bda02c8ddde7,792d7b30-a714-5d8c-8fa6-ca1c997ae6b8,SOURCED_FROM
5537cdae-afab-5ea3-80ef-27edb7179352,792d7b30-a714-5d8c-8fa6-ca1c997ae6b8,SOURCED_FROM
dc0ddc14-6e1e-52ad-820e-fc7561fb8c2d,792d7b30-a714-5d8c-8fa6-ca1c997ae6b8,SOURCED_FROM
ac3c91bb-af8d-5a63-8f0e-fb9e24e25697,792d7b30-a714-5d8c-8fa6-ca1c997ae6b8,SOURCED_FROM
5abf4161-d704-5f63-8722-951f72081496,792d7b30-a714-5d8c-8fa6-ca1c997ae6b8,SOURCED_FROM
85112f9d-2439-5df8-82bc-9e0cf3eef9cb,792d7b30-a714-5d8c-8fa6-ca1c997ae6b8,SOURCED_FROM
b05f76b2-8ed3-5e81-8e1d-c8924f4fc178,792d7b30-a714-5d8c-8fa6-ca1c997ae6b8,SOURCED_FROM
7927aff4-926b-5426-8395-0d8806dec80b,792d7b30-a714-5d8c-8fa6-ca1c997ae6b8,SOURCED_FROM
03db7e7a-16f8-58d4-8fb2-0affe86eaa5c,792d7b30-a714-5d8c-8fa6-ca1c997ae6b8,SOURCED_FROM
d08dd5ae-7374-502b-86c3-aa46f405f447,792d7b30-a714-5d8c-8fa6-ca1c997ae6b8,SOURCED_FROM
4982f0d1-be26-559b-8a56-d2bdd7558a4c,792d7b30-a714-5d8c-8fa6-ca1c997ae6b8,SOURCED_FROM
2928173a-c164-5da1-88bf-b76457080d07,792d7b30-a714-5d8c-8fa6-ca1c997ae6b8,SOURCED_FROM
492ce801-5bd3-5b99-821e-a7a1fef6e0da,792d7b30-a714-5d8c-8fa6-ca1c997ae6b8,SOURCED_FROM
636ea46e-c6f6-5e9d-8d7a-d53ed6422542,792d7b30-a714-5d8c-8fa6-ca1c997ae6b8,SOURCED_FROM
086a71a4-3c65-5f9b-887f-cafc8f919d3f,792d7b30-a714-5d8c-8fa6-ca1c997ae6b8,SOURCED_FROM
62ed2b9d-cd8f-5073-83e9-6e7b78982790,792d7b30-a714-5d8c-8fa6-ca1c997ae6b8,SOURCED_FROM
2aad57e9-06b7-51f6-886f-726198a8aa25,792d7b30-a714-5d8c-8fa6-ca1c997ae6b8,SOURCED_FROM
a2cc9d25-66cb-516d-8eb4-71ad82ed5ade,792d7b30-a714-5d8c-8fa6-ca1c997ae6b8,SOURCED_FROM
9fe0776f-6b36-5847-8c52-262c76a75a32,792d7b30-a714-5d8c-8fa6-ca1c997ae6b8,SOURCED_FROM
bb7d66a0-655f-5307-8e18-b34c0e251bd5,792d7b30-a714-5d8c-8fa6-ca1c997ae6b8,SOURCED_FROM
bdb8d6ae-0590-5977-8a2e-b798582c0327,792d7b30-a714-5d8c-8fa6-ca1c997ae6b8,SOURCED_FROM
e8d75f35-20a5-59a2-8c7d-fbd1db41edcc,792d7b30-a714-5d8c-8fa6-ca1c997ae6b8,SOURCED_FROM
4593b4bd-049e-581d-8a9a-7a28ac12c039,792d7b30-a714-5d8c-8fa6-ca1c997ae6b8,SOURCED_FROM
4cd0e37f-9420-58f1-83b9-fcf24f1c9824,792d7b30-a714-5d8c-8fa6-ca1c997ae6b8,SOURCED_FROM
bd1b4806-d5ad-536f-82d9-426f631e6279,792d7b30-a714-5d8c-8fa6-ca1c997ae6b8,SOURCED_FROM
61835e62-d7bf-59e3-8cb4-acc9e42d6357,792d7b30-a714-5d8c-8fa6-ca1c997ae6b8,SOURCED_FROM
7581cd10-9300-50e9-8fe3-1f118304c0fb,792d7b30-a714-5d8c-8fa6-ca1c997ae6b8,SOURCED_FROM
244b4dd9-9414-514b-8331-005912b21aa8,792d7b30-a714-5d8c-8fa6-ca1c997ae6b8,SOURCED_FROM
cb92cff5-9029-5193-87dd-6bc8d79ef927,792d7b30-a714-5d8c-8fa6-ca1c997ae6b8,SOURCED_FROM
0e773804-f0d2-5be6-8419-1c7228c82089,792d7b30-a714-5d8c-8fa6-ca1c997ae6b8,SOURCED_FROM
4034b1a0-bc20-5978-8dcc-30b26d2cfbb7,792d7b30-a714-5d8c-8fa6-ca1c997ae6b8,SOURCED_FROM
4d4cb321-35e3-57a6-80fe-1c008efb2ef7,792d7b30-a714-5d8c-8fa6-ca1c997ae6b8,SOURCED_FROM
fc345e95-40d9-50cc-8037-570defd68537,792d7b30-a714-5d8c-8fa6-ca1c997ae6b8,SOURCED_FROM
7cf1740d-2132-5330-863d-dfc405ba9a27,792d7b30-a714-5d8c-8fa6-ca1c997ae6b8,SOURCED_FROM
55d38a34-984f-55c5-8336-c66c7c594ab5,792d7b30-a714-5d8c-8fa6-ca1c997ae6b8,SOURCED_FROM
3209b2b1-b2df-5ea6-806d-de8592b2f88b,792d7b30-a714-5d8c-8fa6-ca1c997ae6b8,SOURCED_FROM
1adb1116-f9e1-59f8-844b-b30aaaba705a,792d7b30-a714-5d8c-8fa6-ca1c997ae6b8,SOURCED_FROM
8ea1f706-cde9-56ae-8265-cbcfeaeb1bb4,792d7b30-a714-5d8c-8fa6-ca1c997ae6b8,SOURCED_FROM
b70d7a79-0754-5c41-850f-875d35fbf230,792d7b30-a714-5d8c-8fa6-ca1c997ae6b8,SOURCED_FROM
862b2feb-eef6-5eb1-8c22-88df1b744bc5,792d7b30-a714-5d8c-8fa6-ca1c997ae6b8,SOURCED_FROM
ecad2463-e89a-51fb-8039-86b1d1a41dd7,792d7b30-a714-5d8c-8fa6-ca1c997ae6b8,SOURCED_FROM
6961c3fa-5faf-53ae-8122-d6c65bdd88be,792d7b30-a714-5d8c-8fa6-ca1c997ae6b8,SOURCED_FROM
17c2b472-78bd-519e-86a5-6a271a0e2a8b,792d7b30-a714-5d8c-8fa6-ca1c997ae6b8,SOURCED_FROM
599908ed-5085-5a9f-827d-7db8191174c6,792d7b30-a714-5d8c-8fa6-ca1c997ae6b8,SOURCED_FROM
9571a238-a7f3-5412-8108-99db649f5849,792d7b30-a714-5d8c-8fa6-ca1c997ae6b8,SOURCED_FROM
ff31ab32-1046-5480-8891-3f7944ac9240,792d7b30-a714-5d8c-8fa6-ca1c997ae6b8,SOURCED_FROM
87787660-890e-5fbd-8af6-12bdd7dcf3cc,792d7b30-a714-5d8c-8fa6-ca1c997ae6b8,SOURCED_FROM
dce37b84-6209-5dd2-880f-a7b0f814aaca,792d7b30-a714-5d8c-8fa6-ca1c997ae6b8,SOURCED_FROM
30db93e0-aafa-5b78-8644-130c3bc42948,792d7b30-a714-5d8c-8fa6-ca1c997ae6b8,SOURCED_FROM
d72c5a20-5188-55df-89f1-08dfafa2594a,792d7b30-a714-5d8c-8fa6-ca1c997ae6b8,SOURCED_FROM
f886502c-e1d7-514f-8423-bfb5501faa8a,792d7b30-a714-5d8c-8fa6-ca1c997ae6b8,SOURCED_FROM
c5907030-8180-5550-8489-638c5df92e91,792d7b30-a714-5d8c-8fa6-ca1c997ae6b8,SOURCED_FROM
92cb0060-0321-5e5f-8e5c-67df021d863e,792d7b30-a714-5d8c-8fa6-ca1c997ae6b8,SOURCED_FROM
41b0b5b6-9d91-543d-872c-0cd9dea719f6,792d7b30-a714-5d8c-8fa6-ca1c997ae6b8,SOURCED_FROM
adbf0620-c1d3-509a-856e-234b78f264ac,792d7b30-a714-5d8c-8fa6-ca1c997ae6b8,SOURCED_FROM
ca0a92ab-c8f0-5a19-8d9a-42363904a569,792d7b30-a714-5d8c-8fa6-ca1c997ae6b8,SOURCED_FROM
ba584624-8ff2-55fb-8d0c-a9f675ad3593,792d7b30-a714-5d8c-8fa6-ca1c997ae6b8,SOURCED_FROM
c2be3ead-2f21-5eb3-8af2-e9494795727d,792d7b30-a714-5d8c-8fa6-ca1c997ae6b8,SOURCED_FROM
47888761-cc26-517c-883b-7cc258ccf68a,792d7b30-a714-5d8c-8fa6-ca1c997ae6b8,SOURCED_FROM
6d05c613-115b-52a5-8301-6b4a5e31443e,792d7b30-a714-5d8c-8fa6-ca1c997ae6b8,SOURCED_FROM
6e8111db-1bc0-5621-8971-7ba9a798c87f,792d7b30-a714-5d8c-8fa6-ca1c997ae6b8,SOURCED_FROM
ce43e901-9c05-58e6-8001-b86f4345f2e3,792d7b30-a714-5d8c-8fa6-ca1c997ae6b8,SOURCED_FROM
7ad60180-64bf-5ee5-8df2-c0dfea3f02a1,792d7b30-a714-5d8c-8fa6-ca1c997ae6b8,SOURCED_FROM
a3be9464-2e2a-5698-811e-83752e3109aa,792d7b30-a714-5d8c-8fa6-ca1c997ae6b8,SOURCED_FROM
3618ac75-fafe-532e-8c47-344d28e14229,792d7b30-a714-5d8c-8fa6-ca1c997ae6b8,SOURCED_FROM
3b3de92a-531b-526c-8d96-c9835b3c1db1,792d7b30-a714-5d8c-8fa6-ca1c997ae6b8,SOURCED_FROM
c9ada3c6-3829-550a-8498-914c705711f4,792d7b30-a714-5d8c-8fa6-ca1c997ae6b8,SOURCED_FROM
166a8a43-5b89-5691-86b2-231a66a1b433,792d7b30-a714-5d8c-8fa6-ca1c997ae6b8,SOURCED_FROM
93ea6bee-cbc8-5c60-8da0-f637474bebea,792d7b30-a714-5d8c-8fa6-ca1c997ae6b8,SOURCED_FROM
c63d03e0-a3f5-5bef-8fe4-e972bf7aa1ea,792d7b30-a714-5d8c-8fa6-ca1c997ae6b8,SOURCED_FROM
18a0073b-8962-551b-89f4-4920b4d2dcb6,792d7b30-a714-5d8c-8fa6-ca1c997ae6b8,SOURCED_FROM
3ecef291-6ad7-5571-8404-7650a2120afa,792d7b30-a714-5d8c-8fa6-ca1c997ae6b8,SOURCED_FROM
8b324458-33e1-5da9-83f5-57412932ffa5,792d7b30-a714-5d8c-8fa6-ca1c997ae6b8,SOURCED_FROM
c6ee9913-b6dc-55ae-8378-6e9249ec28b1,792d7b30-a714-5d8c-8fa6-ca1c997ae6b8,SOURCED_FROM
e805fe3a-c9ed-5ee0-8445-34a31931946c,792d7b30-a714-5d8c-8fa6-ca1c997ae6b8,SOURCED_FROM
86b8acf5-dc3f-5b9a-83ca-61c88db5481c,792d7b30-a714-5d8c-8fa6-ca1c997ae6b8,SOURCED_FROM
e1630e24-60a2-5a73-8412-b67f52e0b04a,792d7b30-a714-5d8c-8fa6-ca1c997ae6b8,SOURCED_FROM
8621a672-5d73-55d9-8ed4-d0b9e2b6796e,792d7b30-a714-5d8c-8fa6-ca1c997ae6b8,SOURCED_FROM
ebb568eb-78bd-57db-8e80-3ca58e4a68e1,792d7b30-a714-5d8c-8fa6-ca1c997ae6b8,SOURCED_FROM
110c3bd8-de4e-5f6b-86e3-af2b858369e5,792d7b30-a714-5d8c-8fa6-ca1c997ae6b8,SOURCED_FROM
8b8a2cad-636e-5d4c-85d6-cee5864c4191,792d7b30-a714-5d8c-8fa6-ca1c997ae6b8,SOURCED_FROM
d438a9a1-3bab-5a5a-86ca-1163c17be020,792d7b30-a714-5d8c-8fa6-ca1c997ae6b8,SOURCED_FROM
c9c88388-1169-5e1c-807d-bf91fe6959b4,792d7b30-a714-5d8c-8fa6-ca1c997ae6b8,SOURCED_FROM
27c00f9a-8639-5a3a-84f3-2e5354d821bf,792d7b30-a714-5d8c-8fa6-ca1c997ae6b8,SOURCED_FROM
090622e5-198a-5822-8836-6654100a50d5,792d7b30-a714-5d8c-8fa6-ca1c997ae6b8,SOURCED_FROM
1bc9a001-2fb8-5374-8908-f1ab4ddf89f1,792d7b30-a714-5d8c-8fa6-ca1c997ae6b8,SOURCED_FROM
1b62b8aa-4e5d-5b19-81ac-0e603b84cee9,792d7b30-a714-5d8c-8fa6-ca1c997ae6b8,SOURCED_FROM
1a645cc5-b491-5b18-8d20-50650a7de4fc,792d7b30-a714-5d8c-8fa6-ca1c997ae6b8,SOURCED_FROM
d86ac237-0dd9-5faf-8ead-def2fa6e59d6,792d7b30-a714-5d8c-8fa6-ca1c997ae6b8,SOURCED_FROM
951354fd-d365-5517-8d03-91a7de19e382,792d7b30-a714-5d8c-8fa6-ca1c997ae6b8,SOURCED_FROM
edd554aa-f1e4-51c6-853f-29420d9218a7,792d7b30-a714-5d8c-8fa6-ca1c997ae6b8,SOURCED_FROM
e99ccdce-73f1-557c-8ae0-52989fcd8042,792d7b30-a714-5d8c-8fa6-ca1c997ae6b8,SOURCED_FROM
91177358-cbbc-51d3-8e43-9e4f474e771b,792d7b30-a714-5d8c-8fa6-ca1c997ae6b8,SOURCED_FROM
a1fe4731-c5e5-55dd-8106-d9f3668f24e5,792d7b30-a714-5d8c-8fa6-ca1c997ae6b8,SOURCED_FROM
8e1be982-c011-5600-86db-182f1226fc16,792d7b30-a714-5d8c-8fa6-ca1c997ae6b8,SOURCED_FROM
798823b8-fc68-5e65-8175-bd2a1cbccf18,792d7b30-a714-5d8c-8fa6-ca1c997ae6b8,SOURCED_FROM
33c22419-6511-5d57-8e52-fa010785f2b4,792d7b30-a714-5d8c-8fa6-ca1c997ae6b8,SOURCED_FROM
41abf51e-b872-5a93-874a-293e07ff99c9,792d7b30-a714-5d8c-8fa6-ca1c997ae6b8,SOURCED_FROM
751df6dc-6e2c-56ce-89f5-2c4f6eef32e3,792d7b30-a714-5d8c-8fa6-ca1c997ae6b8,SOURCED_FROM
7e583e43-007e-5af8-8ddb-479fcdf5208e,792d7b30-a714-5d8c-8fa6-ca1c997ae6b8,SOURCED_FROM
4948ba1c-a063-5907-8d4e-60d4ca3e166c,792d7b30-a714-5d8c-8fa6-ca1c997ae6b8,SOURCED_FROM
fc57928e-e32b-59dc-846a-5fb4ea77359f,792d7b30-a714-5d8c-8fa6-ca1c997ae6b8,SOURCED_FROM
393ec1b8-a565-5c87-8024-2d1efa7ce5cc,792d7b30-a714-5d8c-8fa6-ca1c997ae6b8,SOURCED_FROM
f2ab5121-b8c0-5c51-8678-d38c8ffbaab2,792d7b30-a714-5d8c-8fa6-ca1c997ae6b8,SOURCED_FROM
78267b58-fc53-5a98-8f03-45afbce88143,792d7b30-a714-5d8c-8fa6-ca1c997ae6b8,SOURCED_FROM
3e5be036-3b82-583f-80f8-6dd5923653a3,792d7b30-a714-5d8c-8fa6-ca1c997ae6b8,SOURCED_FROM
be268804-7f56-5df5-85ac-b857686058b2,792d7b30-a714-5d8c-8fa6-ca1c997ae6b8,SOURCED_FROM
ee665de3-d053-511b-821d-ced5600d4aa2,792d7b30-a714-5d8c-8fa6-ca1c997ae6b8,SOURCED_FROM
49cff0fd-cdaa-5d55-8b73-315f6bb74cbf,792d7b30-a714-5d8c-8fa6-ca1c997ae6b8,SOURCED_FROM
207d1bcd-1aa2-5c6b-8e8e-ce0b89f18d1c,792d7b30-a714-5d8c-8fa6-ca1c997ae6b8,SOURCED_FROM
52112ac6-8c45-579b-876b-686caee5ec90,792d7b30-a714-5d8c-8fa6-ca1c997ae6b8,SOURCED_FROM
514aad35-106b-5cb4-8931-3a638bcd7288,792d7b30-a714-5d8c-8fa6-ca1c997ae6b8,SOURCED_FROM
2826210f-d1cb-57c3-853a-175017bfceaa,792d7b30-a714-5d8c-8fa6-ca1c997ae6b8,SOURCED_FROM
46abda2d-ef47-52e8-87ee-26ec95c03362,792d7b30-a714-5d8c-8fa6-ca1c997ae6b8,SOURCED_FROM
1797712c-4962-56e9-8b67-7cad567cf499,792d7b30-a714-5d8c-8fa6-ca1c997ae6b8,SOURCED_FROM
491c6172-d0c9-5953-800c-ed7f037ef017,792d7b30-a714-5d8c-8fa6-ca1c997ae6b8,SOURCED_FROM
a8c0b6e5-44e8-53e8-8f97-a8b0ddf43914,792d7b30-a714-5d8c-8fa6-ca1c997ae6b8,SOURCED_FROM
e675f02b-3c4f-58c3-866c-458f2f27f239,792d7b30-a714-5d8c-8fa6-ca1c997ae6b8,SOURCED_FROM
4bd664d7-0abd-5e2a-8f93-d311e23b8fab,792d7b30-a714-5d8c-8fa6-ca1c997ae6b8,SOURCED_FROM
f4afc361-925e-51f1-8abe-44ebbcedc01a,792d7b30-a714-5d8c-8fa6-ca1c997ae6b8,SOURCED_FROM
0b710dd9-703c-5cac-8f7c-52440a3d5915,792d7b30-a714-5d8c-8fa6-ca1c997ae6b8,SOURCED_FROM
a7b3b87b-72e0-5d26-8493-52aeda3f292b,792d7b30-a714-5d8c-8fa6-ca1c997ae6b8,SOURCED_FROM
a30843ab-f6e5-543a-8c04-8a90c59ef30e,792d7b30-a714-5d8c-8fa6-ca1c997ae6b8,SOURCED_FROM
2961ee77-cee3-56de-8137-10ea1a94fed5,792d7b30-a714-5d8c-8fa6-ca1c997ae6b8,SOURCED_FROM
26682fe0-2732-50da-85bb-6f398a67e322,792d7b30-a714-5d8c-8fa6-ca1c997ae6b8,SOURCED_FROM
d8096c82-cea4-57f7-80d3-e39080569dcc,792d7b30-a714-5d8c-8fa6-ca1c997ae6b8,SOURCED_FROM
366c712f-72d5-5484-8ef6-d6048dc9619d,792d7b30-a714-5d8c-8fa6-ca1c997ae6b8,SOURCED_FROM
31432489-8395-53aa-8ac0-4d2b7c6dd160,792d7b30-a714-5d8c-8fa6-ca1c997ae6b8,SOURCED_FROM
a3500b47-9b29-5139-86ea-f0cc4aee809e,792d7b30-a714-5d8c-8fa6-ca1c997ae6b8,SOURCED_FROM
2b769d80-7c07-53a8-82d7-80c83a1dd2e5,792d7b30-a714-5d8c-8fa6-ca1c997ae6b8,SOURCED_FROM
b661c2b4-e608-5a8f-838a-7cf65d23dd99,792d7b30-a714-5d8c-8fa6-ca1c997ae6b8,SOURCED_FROM
552ccd28-18f1-59c1-8639-fc5d12a2fb07,792d7b30-a714-5d8c-8fa6-ca1c997ae6b8,SOURCED_FROM
c50f427d-09c3-5b7f-8c5f-b435d9e0b457,792d7b30-a714-5d8c-8fa6-ca1c997ae6b8,SOURCED_FROM
77511533-3b0e-57f1-8263-556bbffca1bb,792d7b30-a714-5d8c-8fa6-ca1c997ae6b8,SOURCED_FROM
3a1b1ab3-bd43-55f7-80fb-6b680151c2e5,792d7b30-a714-5d8c-8fa6-ca1c997ae6b8,SOURCED_FROM
3a61418c-218a-5331-8804-6c818d6df5c2,792d7b30-a714-5d8c-8fa6-ca1c997ae6b8,SOURCED_FROM
7e4bd868-9a8e-5577-81bb-e084a3b5ef2a,792d7b30-a714-5d8c-8fa6-ca1c997ae6b8,SOURCED_FROM
55a0eb0e-a587-5808-882b-8fdee446740f,792d7b30-a714-5d8c-8fa6-ca1c997ae6b8,SOURCED_FROM
168e92e9-5fcc-5ce0-8263-fad116c5287c,792d7b30-a714-5d8c-8fa6-ca1c997ae6b8,SOURCED_FROM
2c2c42ca-3852-50d4-8b4c-82d7558b7c5b,792d7b30-a714-5d8c-8fa6-ca1c997ae6b8,SOURCED_FROM
351ca186-0ad5-5737-8504-70a5d4eea21a,792d7b30-a714-5d8c-8fa6-ca1c997ae6b8,SOURCED_FROM
c5b2c00f-ffb0-559e-845c-bc8b92b0e962,792d7b30-a714-5d8c-8fa6-ca1c997ae6b8,SOURCED_FROM
94a2d4d5-28d0-55b6-8de7-ace6508f2724,792d7b30-a714-5d8c-8fa6-ca1c997ae6b8,SOURCED_FROM
7269e6d7-a0c3-5a9a-8884-71afa670267c,792d7b30-a714-5d8c-8fa6-ca1c997ae6b8,SOURCED_FROM
e638da1c-b393-5dcf-877f-4aca147e35d1,792d7b30-a714-5d8c-8fa6-ca1c997ae6b8,SOURCED_FROM
b905412f-3a0a-558a-8f5f-4657339aa8a3,792d7b30-a714-5d8c-8fa6-ca1c997ae6b8,SOURCED_FROM
afdb5d17-ce9a-5488-88a2-bf2ec0ac4042,792d7b30-a714-5d8c-8fa6-ca1c997ae6b8,SOURCED_FROM
bb29a8b7-c31a-553b-86c0-f9d5be796aa1,792d7b30-a714-5d8c-8fa6-ca1c997ae6b8,SOURCED_FROM
57a9c194-ea04-57c7-80f6-8536aaeb02d1,792d7b30-a714-5d8c-8fa6-ca1c997ae6b8,SOURCED_FROM
14112e97-2bc4-58dd-8155-03fbb5c08e59,792d7b30-a714-5d8c-8fa6-ca1c997ae6b8,SOURCED_FROM
da30a3d3-1d52-5990-8f2d-56fa9bba739e,792d7b30-a714-5d8c-8fa6-ca1c997ae6b8,SOURCED_FROM
5e6a8b5c-cef5-57fb-8e33-d243d6a28a21,792d7b30-a714-5d8c-8fa6-ca1c997ae6b8,SOURCED_FROM
9b9fa25a-7beb-514f-8fa1-02bdc242add5,792d7b30-a714-5d8c-8fa6-ca1c997ae6b8,SOURCED_FROM
10780efb-bd3b-5d3e-8b4b-97cb6bf8fe95,792d7b30-a714-5d8c-8fa6-ca1c997ae6b8,SOURCED_FROM
1ca1c023-55d3-51e9-82d0-622435b94125,792d7b30-a714-5d8c-8fa6-ca1c997ae6b8,SOURCED_FROM
b80da7ae-c6a5-55dd-890d-576be9c82880,792d7b30-a714-5d8c-8fa6-ca1c997ae6b8,SOURCED_FROM
f0a07ae2-cf9a-55f5-8d62-ce9ccdee435c,792d7b30-a714-5d8c-8fa6-ca1c997ae6b8,SOURCED_FROM
dbf2c8e5-f1dc-5b8f-8d12-813a10a598c5,792d7b30-a714-5d8c-8fa6-ca1c997ae6b8,SOURCED_FROM
5118cd96-5929-5c73-8662-e9d2db16529b,792d7b30-a714-5d8c-8fa6-ca1c997ae6b8,SOURCED_FROM
6a3ae62d-54a1-562f-8a50-463453f80b85,792d7b30-a714-5d8c-8fa6-ca1c997ae6b8,SOURCED_FROM
624a2a41-1491-5762-8202-f6e766fef263,792d7b30-a714-5d8c-8fa6-ca1c997ae6b8,SOURCED_FROM
47115b5b-4968-5003-8e18-226834404218,792d7b30-a714-5d8c-8fa6-ca1c997ae6b8,SOURCED_FROM
18221757-43b2-5a1b-8e87-e119c35c81e6,792d7b30-a714-5d8c-8fa6-ca1c997ae6b8,SOURCED_FROM
b0b44e0a-8d49-55e6-8d34-a844bff9a223,792d7b30-a714-5d8c-8fa6-ca1c997ae6b8,SOURCED_FROM
7c44eecd-0c60-5f75-8ace-49e7984b3d73,792d7b30-a714-5d8c-8fa6-ca1c997ae6b8,SOURCED_FROM
a1957089-8bf9-5c54-892b-6cef8fe1521a,792d7b30-a714-5d8c-8fa6-ca1c997ae6b8,SOURCED_FROM
951e7536-da67-5172-8696-76f82a021359,792d7b30-a714-5d8c-8fa6-ca1c997ae6b8,SOURCED_FROM
a34b38f1-e9a2-5cc6-82eb-3404839f8bd0,792d7b30-a714-5d8c-8fa6-ca1c997ae6b8,SOURCED_FROM
fb4e1465-6ab7-5f0f-8583-3d1bd1a703b6,792d7b30-a714-5d8c-8fa6-ca1c997ae6b8,SOURCED_FROM
5cf1b52a-5a32-5787-89da-228d07173504,792d7b30-a714-5d8c-8fa6-ca1c997ae6b8,SOURCED_FROM
d682834b-5893-5334-8c67-c6981e4c3cde,792d7b30-a714-5d8c-8fa6-ca1c997ae6b8,SOURCED_FROM
779e49f0-cb64-5418-8069-7748d3b7e8ca,792d7b30-a714-5d8c-8fa6-ca1c997ae6b8,SOURCED_FROM
368a93f2-6528-504f-8772-9a057b4ad38e,792d7b30-a714-5d8c-8fa6-ca1c997ae6b8,SOURCED_FROM
14eb8599-6e9e-5e7c-89ae-2c7b3920bdc8,792d7b30-a714-5d8c-8fa6-ca1c997ae6b8,SOURCED_FROM
ead4ac66-d084-5e1d-8811-f2c43a0ee0fb,792d7b30-a714-5d8c-8fa6-ca1c997ae6b8,SOURCED_FROM
3ffb17f3-03a7-5957-85e9-7c658b57d552,792d7b30-a714-5d8c-8fa6-ca1c997ae6b8,SOURCED_FROM
202f25cc-f508-5dad-87a4-ae0e83a2f527,792d7b30-a714-5d8c-8fa6-ca1c997ae6b8,SOURCED_FROM
f68e4a65-12de-52e6-8b90-fced33c9e63a,792d7b30-a714-5d8c-8fa6-ca1c997ae6b8,SOURCED_FROM
a8fd6adc-6559-5910-8ada-c0b90a7b1926,792d7b30-a714-5d8c-8fa6-ca1c997ae6b8,SOURCED_FROM
7060cd46-094e-58dd-81fa-dbf7e6c1e02c,792d7b30-a714-5d8c-8fa6-ca1c997ae6b8,SOURCED_FROM
c5ee36ed-eedc-5803-804b-c78233885eca,792d7b30-a714-5d8c-8fa6-ca1c997ae6b8,SOURCED_FROM
08c24b29-8c6e-5f21-82ba-eacf61d939cf,792d7b30-a714-5d8c-8fa6-ca1c997ae6b8,SOURCED_FROM
f1b9e15e-8989-59f3-8070-d04e97e5e4a7,792d7b30-a714-5d8c-8fa6-ca1c997ae6b8,SOURCED_FROM
b00e3a06-52bf-5012-8d03-b95d81abaafb,792d7b30-a714-5d8c-8fa6-ca1c997ae6b8,SOURCED_FROM
2905c406-80de-5393-8643-5186aa6485e4,792d7b30-a714-5d8c-8fa6-ca1c997ae6b8,SOURCED_FROM
07fb4475-3c3e-5e88-8e5c-393d9a5976a3,792d7b30-a714-5d8c-8fa6-ca1c997ae6b8,SOURCED_FROM
2ce229b7-02c9-5dfe-81e1-d85d458bb75b,792d7b30-a714-5d8c-8fa6-ca1c997ae6b8,SOURCED_FROM
0eb59b7b-9527-5fe7-8bbd-9f356ea67706,792d7b30-a714-5d8c-8fa6-ca1c997ae6b8,SOURCED_FROM
82685fb7-0179-5db7-84dd-20852025f1f4,792d7b30-a714-5d8c-8fa6-ca1c997ae6b8,SOURCED_FROM
86577e81-6b20-5d7b-87a7-dd603b73bcbc,792d7b30-a714-5d8c-8fa6-ca1c997ae6b8,SOURCED_FROM
1cfa0c43-ce9e-57b1-86b6-c8ff9bf5cb67,792d7b30-a714-5d8c-8fa6-ca1c997ae6b8,SOURCED_FROM
33afdb94-b21b-57b5-8e1d-b03030396790,792d7b30-a714-5d8c-8fa6-ca1c997ae6b8,SOURCED_FROM
ba722940-45a2-51bc-8d6e-3ded6615ca02,792d7b30-a714-5d8c-8fa6-ca1c997ae6b8,SOURCED_FROM
0e01a3d9-435f-57e2-8006-d373ad1b1011,792d7b30-a714-5d8c-8fa6-ca1c997ae6b8,SOURCED_FROM
5cd15ccd-d46f-5480-8fa8-fec260a06868,792d7b30-a714-5d8c-8fa6-ca1c997ae6b8,SOURCED_FROM
13eb2316-eb30-53ff-8170-f47f81258dda,792d7b30-a714-5d8c-8fa6-ca1c997ae6b8,SOURCED_FROM
632d90c1-f8d5-51ad-8eca-d3594226eeb8,792d7b30-a714-5d8c-8fa6-ca1c997ae6b8,SOURCED_FROM
88ece9db-40de-5be0-894d-dfd492b20234,792d7b30-a714-5d8c-8fa6-ca1c997ae6b8,SOURCED_FROM
d905023b-9896-5d49-8609-900c47210290,792d7b30-a714-5d8c-8fa6-ca1c997ae6b8,SOURCED_FROM
f5c0fe90-feb3-58b1-80ef-c536c4ff7b5a,792d7b30-a714-5d8c-8fa6-ca1c997ae6b8,SOURCED_FROM
04b93adc-6f85-5e33-839b-ca2ffb17bb3f,792d7b30-a714-5d8c-8fa6-ca1c997ae6b8,SOURCED_FROM
3fe89691-0ee0-5da1-8048-27a5df958e92,792d7b30-a714-5d8c-8fa6-ca1c997ae6b8,SOURCED_FROM
0cda1cf4-3d76-5f53-8e88-8c9b860bead0,792d7b30-a714-5d8c-8fa6-ca1c997ae6b8,SOURCED_FROM
7f7074a9-f2d1-5480-81e9-2de251efe209,792d7b30-a714-5d8c-8fa6-ca1c997ae6b8,SOURCED_FROM
d8c4a546-68f6-57de-84da-e22946714e59,792d7b30-a714-5d8c-8fa6-ca1c997ae6b8,SOURCED_FROM
a6b63cfd-b6e0-5f1c-8f9c-bbe136bc8c32,792d7b30-a714-5d8c-8fa6-ca1c997ae6b8,SOURCED_FROM
5d0e8492-3624-5a28-8948-756591269f20,792d7b30-a714-5d8c-8fa6-ca1c997ae6b8,SOURCED_FROM
e7849a0d-84ca-52b7-84e0-fbac3c601bc2,792d7b30-a714-5d8c-8fa6-ca1c997ae6b8,SOURCED_FROM
851ffed1-bd59-565d-83b2-eda67ccaf759,792d7b30-a714-5d8c-8fa6-ca1c997ae6b8,SOURCED_FROM
587daab6-dfa3-551c-85de-7074e49149cf,792d7b30-a714-5d8c-8fa6-ca1c997ae6b8,SOURCED_FROM
24751622-28e5-596f-8cb8-78dc399da107,792d7b30-a714-5d8c-8fa6-ca1c997ae6b8,SOURCED_FROM
eb135d1b-aa4e-57ec-8c49-e401e28e2535,792d7b30-a714-5d8c-8fa6-ca1c997ae6b8,SOURCED_FROM
ce6c47a4-0e13-57c4-8854-6d76d980a565,792d7b30-a714-5d8c-8fa6-ca1c997ae6b8,SOURCED_FROM
7c905602-752e-5138-83d4-55e55af698e6,792d7b30-a714-5d8c-8fa6-ca1c997ae6b8,SOURCED_FROM
d4cdb9ba-3812-54c8-8bfc-920804ebb4e2,792d7b30-a714-5d8c-8fa6-ca1c997ae6b8,SOURCED_FROM
bd020d85-b319-562d-88de-91a698247e62,792d7b30-a714-5d8c-8fa6-ca1c997ae6b8,SOURCED_FROM
94788875-112f-5eb1-8090-ae4681616e8d,792d7b30-a714-5d8c-8fa6-ca1c997ae6b8,SOURCED_FROM
f0860cdd-ef65-53a9-83fe-6c379bbeca90,792d7b30-a714-5d8c-8fa6-ca1c997ae6b8,SOURCED_FROM
07608a8e-3860-5aad-88c3-7c237c3c7794,792d7b30-a714-5d8c-8fa6-ca1c997ae6b8,SOURCED_FROM
b058d23e-f0ae-55eb-838b-5f7d51b7f508,792d7b30-a714-5d8c-8fa6-ca1c997ae6b8,SOURCED_FROM
1b9da62b-962b-5090-8aad-c093061a5310,792d7b30-a714-5d8c-8fa6-ca1c997ae6b8,SOURCED_FROM
3bdabc71-819e-5f6b-8396-bfe189d414fb,792d7b30-a714-5d8c-8fa6-ca1c997ae6b8,SOURCED_FROM
66163fb6-3f7f-570a-8bbe-a6c9a23d1685,792d7b30-a714-5d8c-8fa6-ca1c997ae6b8,SOURCED_FROM
6bfdd55a-da2c-527f-878e-0bca22cddbf3,792d7b30-a714-5d8c-8fa6-ca1c997ae6b8,SOURCED_FROM
d3206ea9-6363-53d6-8348-62347444be3b,792d7b30-a714-5d8c-8fa6-ca1c997ae6b8,SOURCED_FROM
62025612-0cb1-54df-8812-f0a98960204d,792d7b30-a714-5d8c-8fa6-ca1c997ae6b8,SOURCED_FROM
34a63297-173f-5931-8a01-aca62b57050e,792d7b30-a714-5d8c-8fa6-ca1c997ae6b8,SOURCED_FROM
85c8c21d-46eb-51cc-88c7-824b2f9e56a3,792d7b30-a714-5d8c-8fa6-ca1c997ae6b8,SOURCED_FROM
a88b1e02-d089-53b8-8eae-0622bcd6d0d7,792d7b30-a714-5d8c-8fa6-ca1c997ae6b8,SOURCED_FROM
5facb295-93bf-5561-8ae1-b2be7156b6bc,792d7b30-a714-5d8c-8fa6-ca1c997ae6b8,SOURCED_FROM
48b46bc0-059e-50b9-873f-5c8157be1f12,792d7b30-a714-5d8c-8fa6-ca1c997ae6b8,SOURCED_FROM
5aa21846-7fe5-56fa-81ef-225671de9e00,792d7b30-a714-5d8c-8fa6-ca1c997ae6b8,SOURCED_FROM
737a5b94-ffe3-5701-8e48-2561f5b2110e,792d7b30-a714-5d8c-8fa6-ca1c997ae6b8,SOURCED_FROM
f76fa8f9-220e-57ae-883b-62b1b906e23d,792d7b30-a714-5d8c-8fa6-ca1c997ae6b8,SOURCED_FROM
1745a1d2-e9ca-5ace-83ed-4dde6ee52591,792d7b30-a714-5d8c-8fa6-ca1c997ae6b8,SOURCED_FROM
8c3130c8-123d-5d83-8440-a8c1f1e40a8f,792d7b30-a714-5d8c-8fa6-ca1c997ae6b8,SOURCED_FROM
1757a854-5439-5917-8bbd-d28ab3a04ef1,792d7b30-a714-5d8c-8fa6-ca1c997ae6b8,SOURCED_FROM
cc3e8c5f-699b-57dc-8be1-c5e11000d0d4,792d7b30-a714-5d8c-8fa6-ca1c997ae6b8,SOURCED_FROM
daed40f9-7bd5-55bc-83c2-c35ebb5389ee,792d7b30-a714-5d8c-8fa6-ca1c997ae6b8,SOURCED_FROM
6a8c3d18-a2b3-542d-8444-b84836b83339,792d7b30-a714-5d8c-8fa6-ca1c997ae6b8,SOURCED_FROM
6d180f30-3081-53f6-8174-1389a7310892,792d7b30-a714-5d8c-8fa6-ca1c997ae6b8,SOURCED_FROM
00fcf5a1-395b-5850-8a92-e54280584ffb,792d7b30-a714-5d8c-8fa6-ca1c997ae6b8,SOURCED_FROM
cd4b4c50-bf30-52f5-86bc-bd142eae356d,792d7b30-a714-5d8c-8fa6-ca1c997ae6b8,SOURCED_FROM
925d2caa-f3d1-5190-8e8a-b253f5753037,792d7b30-a714-5d8c-8fa6-ca1c997ae6b8,SOURCED_FROM
93800a2c-db37-5b68-8d96-5a750187ca67,792d7b30-a714-5d8c-8fa6-ca1c997ae6b8,SOURCED_FROM
2e85833e-e333-51e0-87e7-5228f69e28d1,792d7b30-a714-5d8c-8fa6-ca1c997ae6b8,SOURCED_FROM
4e1c2df3-24aa-5614-817e-1018d8eb0edf,792d7b30-a714-5d8c-8fa6-ca1c997ae6b8,SOURCED_FROM
0ca05bb6-cb0a-5719-8a31-de2b5e9ce8a0,792d7b30-a714-5d8c-8fa6-ca1c997ae6b8,SOURCED_FROM
b144968f-7543-5fe0-86ba-c6b0720a54c2,792d7b30-a714-5d8c-8fa6-ca1c997ae6b8,SOURCED_FROM
06af622b-e8e8-598f-8981-6f83c2b3b68a,792d7b30-a714-5d8c-8fa6-ca1c997ae6b8,SOURCED_FROM
5fecd73d-da40-5827-8d8f-27c38961761f,792d7b30-a714-5d8c-8fa6-ca1c997ae6b8,SOURCED_FROM
3ff06024-ba96-5188-8e81-3a252faedb2e,792d7b30-a714-5d8c-8fa6-ca1c997ae6b8,SOURCED_FROM
b63120bc-10db-5a28-8e66-c461f4899a24,792d7b30-a714-5d8c-8fa6-ca1c997ae6b8,SOURCED_FROM
b4c3dff3-cece-5ce0-8a72-3c674619f303,792d7b30-a714-5d8c-8fa6-ca1c997ae6b8,SOURCED_FROM
1985f6be-69ab-5426-8238-d71b07a52e51,792d7b30-a714-5d8c-8fa6-ca1c997ae6b8,SOURCED_FROM
3f82db15-8ef6-5dd4-856e-397d3d12a52c,792d7b30-a714-5d8c-8fa6-ca1c997ae6b8,SOURCED_FROM
99fb1591-81b1-5650-8b8b-2b4a19d5f4b2,792d7b30-a714-5d8c-8fa6-ca1c997ae6b8,SOURCED_FROM
b4a44076-d9c1-5ef6-8e98-dc4fedf33930,792d7b30-a714-5d8c-8fa6-ca1c997ae6b8,SOURCED_FROM
b543b9ad-5bfd-5ffc-8cce-9bf1264ec2c6,792d7b30-a714-5d8c-8fa6-ca1c997ae6b8,SOURCED_FROM
024a47a3-4e26-5da4-86cf-75315ab2b893,792d7b30-a714-5d8c-8fa6-ca1c997ae6b8,SOURCED_FROM
bb15efbd-4109-55e7-80ab-277d6ac0334f,792d7b30-a714-5d8c-8fa6-ca1c997ae6b8,SOURCED_FROM
7de96686-4505-59d5-8947-71f1e0aebe8e,792d7b30-a714-5d8c-8fa6-ca1c997ae6b8,SOURCED_FROM
c66863d3-2a30-5754-8f90-6401dcba9e9d,792d7b30-a714-5d8c-8fa6-ca1c997ae6b8,SOURCED_FROM
b56aed59-f371-52d3-8418-3621b6ac97c2,792d7b30-a714-5d8c-8fa6-ca1c997ae6b8,SOURCED_FROM
bbaf1993-7347-564f-8ddd-3c508500fb36,792d7b30-a714-5d8c-8fa6-ca1c997ae6b8,SOURCED_FROM
3e46500c-bcc2-5a9d-8aa9-b14abd808b93,792d7b30-a714-5d8c-8fa6-ca1c997ae6b8,SOURCED_FROM
e92d7229-4804-58e6-856e-8c1bdb7b4a12,792d7b30-a714-5d8c-8fa6-ca1c997ae6b8,SOURCED_FROM
a4436f08-a518-55b3-8ee2-6ed0633e2076,792d7b30-a714-5d8c-8fa6-ca1c997ae6b8,SOURCED_FROM
b67ab59f-130a-5ee2-88a7-06701cde2703,792d7b30-a714-5d8c-8fa6-ca1c997ae6b8,SOURCED_FROM
75534da3-603b-5cb8-8d72-aebf6317a121,792d7b30-a714-5d8c-8fa6-ca1c997ae6b8,SOURCED_FROM
ac314e5e-94ad-5e29-805d-5f663b994e21,792d7b30-a714-5d8c-8fa6-ca1c997ae6b8,SOURCED_FROM
76330605-5fb7-5a57-80ea-faf45662e411,792d7b30-a714-5d8c-8fa6-ca1c997ae6b8,SOURCED_FROM
fab721e2-fa16-5205-81df-694829f804e7,792d7b30-a714-5d8c-8fa6-ca1c997ae6b8,SOURCED_FROM
79521e17-dbe6-59e8-8e2d-fc45e669319d,792d7b30-a714-5d8c-8fa6-ca1c997ae6b8,SOURCED_FROM
08626a4c-2d32-5c36-8250-f110b012fd99,792d7b30-a714-5d8c-8fa6-ca1c997ae6b8,SOURCED_FROM
e3057d29-e0af-5b85-8a9b-2edb7bd5eacf,792d7b30-a714-5d8c-8fa6-ca1c997ae6b8,SOURCED_FROM
1e077a7a-7103-5c5e-83c0-70d33ca5fe99,792d7b30-a714-5d8c-8fa6-ca1c997ae6b8,SOURCED_FROM
d5a4441b-3cca-5de5-8ddf-131de2d289c3,792d7b30-a714-5d8c-8fa6-ca1c997ae6b8,SOURCED_FROM
c2d05edb-9ff8-5362-80bc-bdc8e877f8a3,792d7b30-a714-5d8c-8fa6-ca1c997ae6b8,SOURCED_FROM
9ca0a50e-30a7-5729-8026-0e8f307d9e0e,792d7b30-a714-5d8c-8fa6-ca1c997ae6b8,SOURCED_FROM
9f813b12-ba20-53d2-81f1-1b35acedcbc5,792d7b30-a714-5d8c-8fa6-ca1c997ae6b8,SOURCED_FROM
95a38e0c-6fc0-579b-8e97-7ed2c0a281c4,792d7b30-a714-5d8c-8fa6-ca1c997ae6b8,SOURCED_FROM
9d92b137-714f-5bdc-8bf0-c869367a1f8b,792d7b30-a714-5d8c-8fa6-ca1c997ae6b8,SOURCED_FROM
c082176a-4189-59f4-8d3f-f8103b55f8e0,792d7b30-a714-5d8c-8fa6-ca1c997ae6b8,SOURCED_FROM
4d461cc8-fe12-5278-8b12-fb50869a8d8c,792d7b30-a714-5d8c-8fa6-ca1c997ae6b8,SOURCED_FROM
a65dec99-8870-5d14-8553-749b88a4cf96,792d7b30-a714-5d8c-8fa6-ca1c997ae6b8,SOURCED_FROM
8577b761-cd05-500d-81c5-fd686d9ad1d7,792d7b30-a714-5d8c-8fa6-ca1c997ae6b8,SOURCED_FROM
f0c988de-f44b-5313-830d-d9b03fbe0592,792d7b30-a714-5d8c-8fa6-ca1c997ae6b8,SOURCED_FROM
a8a76656-6a42-57dc-83f7-247f17c5026f,792d7b30-a714-5d8c-8fa6-ca1c997ae6b8,SOURCED_FROM
3f4d272c-23c6-51b3-8fee-95a2c4a51623,792d7b30-a714-5d8c-8fa6-ca1c997ae6b8,SOURCED_FROM
5ac9bed7-1ca4-5adb-833d-0c176a72df6a,792d7b30-a714-5d8c-8fa6-ca1c997ae6b8,SOURCED_FROM
b286f9c7-ce76-5939-80ac-5dd1cbcc56d4,792d7b30-a714-5d8c-8fa6-ca1c997ae6b8,SOURCED_FROM
16b9f769-83c9-5f88-883b-bd65e360cad0,792d7b30-a714-5d8c-8fa6-ca1c997ae6b8,SOURCED_FROM
5dfe946a-71c3-583b-89bd-9b73f64600ed,792d7b30-a714-5d8c-8fa6-ca1c997ae6b8,SOURCED_FROM
a170f04e-bd09-5a7d-8644-d25ef9952917,792d7b30-a714-5d8c-8fa6-ca1c997ae6b8,SOURCED_FROM
65e28139-bc21-5933-8d10-720dde8ca08d,792d7b30-a714-5d8c-8fa6-ca1c997ae6b8,SOURCED_FROM
5a502dc8-b666-53c1-8bfe-f2f9b9c2f3bb,792d7b30-a714-5d8c-8fa6-ca1c997ae6b8,SOURCED_FROM
5b150bd8-ec9c-548a-89fc-c5d66a8aee22,792d7b30-a714-5d8c-8fa6-ca1c997ae6b8,SOURCED_FROM
f4ffde27-1272-537e-87d3-324979d398a2,792d7b30-a714-5d8c-8fa6-ca1c997ae6b8,SOURCED_FROM
1f16345f-5e4d-5ae4-80f3-cd1eeb01f052,792d7b30-a714-5d8c-8fa6-ca1c997ae6b8,SOURCED_FROM
8198765e-cd77-555c-8b28-5a45219c41b7,792d7b30-a714-5d8c-8fa6-ca1c997ae6b8,SOURCED_FROM
6b33fc80-cda6-5d45-8506-2d1785080846,792d7b30-a714-5d8c-8fa6-ca1c997ae6b8,SOURCED_FROM
94e19e01-28be-5849-8f2a-348096a79a1e,792d7b30-a714-5d8c-8fa6-ca1c997ae6b8,SOURCED_FROM
5f0fea0f-ecf7-520d-879c-1a46eab05284,792d7b30-a714-5d8c-8fa6-ca1c997ae6b8,SOURCED_FROM
199e0995-91d8-5aa7-84ad-af93cc98d9e5,792d7b30-a714-5d8c-8fa6-ca1c997ae6b8,SOURCED_FROM
02e56ba9-6091-5732-8784-a8049eabfe2b,792d7b30-a714-5d8c-8fa6-ca1c997ae6b8,SOURCED_FROM
4caf964d-7078-5cac-8c3a-fe55d69f09c6,792d7b30-a714-5d8c-8fa6-ca1c997ae6b8,SOURCED_FROM
ed9d6333-e7e2-58dc-8289-1870016e4853,792d7b30-a714-5d8c-8fa6-ca1c997ae6b8,SOURCED_FROM
c9c9e81e-4961-5876-8f76-ca39b8a67923,792d7b30-a714-5d8c-8fa6-ca1c997ae6b8,SOURCED_FROM
c5753905-aae5-50bb-8b29-0f0f782c431d,792d7b30-a714-5d8c-8fa6-ca1c997ae6b8,SOURCED_FROM
14d0777f-1c98-55e5-8574-3904471b2a66,792d7b30-a714-5d8c-8fa6-ca1c997ae6b8,SOURCED_FROM
03871518-4c2b-5828-80d4-9507b75a18a9,792d7b30-a714-5d8c-8fa6-ca1c997ae6b8,SOURCED_FROM
e842932b-0f33-55b2-8991-c8625f2fc42c,792d7b30-a714-5d8c-8fa6-ca1c997ae6b8,SOURCED_FROM
ab8c5cc6-baea-5ac0-820d-a3f95beaddb5,792d7b30-a714-5d8c-8fa6-ca1c997ae6b8,SOURCED_FROM
4ce17eb7-5ad8-5ea6-807f-8a55e0c27ed3,792d7b30-a714-5d8c-8fa6-ca1c997ae6b8,SOURCED_FROM
2ac81625-035c-5ae7-86d2-93f0e7294b14,792d7b30-a714-5d8c-8fa6-ca1c997ae6b8,SOURCED_FROM
c596bad3-c0bc-5310-86a1-78c3cd342f4d,792d7b30-a714-5d8c-8fa6-ca1c997ae6b8,SOURCED_FROM
c68a7c61-48cb-5216-85f0-81c9422f9648,792d7b30-a714-5d8c-8fa6-ca1c997ae6b8,SOURCED_FROM
2de36bdb-4156-56da-8381-480d09d24e16,792d7b30-a714-5d8c-8fa6-ca1c997ae6b8,SOURCED_FROM
18a56a21-2a2b-5a4d-87e1-07cc02b1cb94,792d7b30-a714-5d8c-8fa6-ca1c997ae6b8,SOURCED_FROM
72705b57-64d3-568f-8776-1d5a9d4ada58,792d7b30-a714-5d8c-8fa6-ca1c997ae6b8,SOURCED_FROM
39dc9873-4e59-53d9-8916-c68fd5af68b7,792d7b30-a714-5d8c-8fa6-ca1c997ae6b8,SOURCED_FROM
814ae4e0-dca7-5891-8b92-d384da9fc13e,792d7b30-a714-5d8c-8fa6-ca1c997ae6b8,SOURCED_FROM
90b94b60-d293-5434-86b6-65001df133fa,792d7b30-a714-5d8c-8fa6-ca1c997ae6b8,SOURCED_FROM
ba82f690-97f3-5154-8951-7f27c3d552c8,792d7b30-a714-5d8c-8fa6-ca1c997ae6b8,SOURCED_FROM
32b2fedf-7f01-55f5-80c7-237bbd9d6d03,792d7b30-a714-5d8c-8fa6-ca1c997ae6b8,SOURCED_FROM
508dd25a-9b28-5b84-829d-fe837c77c827,792d7b30-a714-5d8c-8fa6-ca1c997ae6b8,SOURCED_FROM
b606adbb-15bb-5774-8434-79d692ff0bfc,792d7b30-a714-5d8c-8fa6-ca1c997ae6b8,SOURCED_FROM
4865fd73-180d-582d-89bc-ba5e8ed65417,792d7b30-a714-5d8c-8fa6-ca1c997ae6b8,SOURCED_FROM
5049672b-7643-521f-8f32-979c3c46a742,792d7b30-a714-5d8c-8fa6-ca1c997ae6b8,SOURCED_FROM
3dd62346-acaf-5251-8e97-6420d45ee7c7,792d7b30-a714-5d8c-8fa6-ca1c997ae6b8,SOURCED_FROM
aa711402-ad7e-57d9-881a-b7810ca4f9b0,792d7b30-a714-5d8c-8fa6-ca1c997ae6b8,SOURCED_FROM
49cd1aac-d971-57fc-8f01-c1f2512736e6,792d7b30-a714-5d8c-8fa6-ca1c997ae6b8,SOURCED_FROM
dc41c1b2-a424-5e94-833d-3515f5a15721,792d7b30-a714-5d8c-8fa6-ca1c997ae6b8,SOURCED_FROM
e25ead12-cee7-5155-8215-a151e98a0611,792d7b30-a714-5d8c-8fa6-ca1c997ae6b8,SOURCED_FROM
2b9c28ca-e5d9-594f-8ee2-9105821b827a,792d7b30-a714-5d8c-8fa6-ca1c997ae6b8,SOURCED_FROM
9592d6af-25b5-5797-82f2-c72f9725dac8,792d7b30-a714-5d8c-8fa6-ca1c997ae6b8,SOURCED_FROM
c3bdfcf1-1087-5d6c-8701-f944b20ab434,792d7b30-a714-5d8c-8fa6-ca1c997ae6b8,SOURCED_FROM
077f9854-16d4-5fa0-89b8-1998b9591896,792d7b30-a714-5d8c-8fa6-ca1c997ae6b8,SOURCED_FROM
824a036d-b071-59d0-80d1-6ff21447f4f4,792d7b30-a714-5d8c-8fa6-ca1c997ae6b8,SOURCED_FROM
a22930b7-dddf-5b3b-8f25-dac03017c85b,792d7b30-a714-5d8c-8fa6-ca1c997ae6b8,SOURCED_FROM
99915fe2-2e9d-54c3-8fac-4a584bbdb0b6,792d7b30-a714-5d8c-8fa6-ca1c997ae6b8,SOURCED_FROM
056d6dad-35f6-5b28-8968-496a76e12b84,792d7b30-a714-5d8c-8fa6-ca1c997ae6b8,SOURCED_FROM
5df8c656-6287-5d3c-8a45-232b55cfa833,792d7b30-a714-5d8c-8fa6-ca1c997ae6b8,SOURCED_FROM
52cdb592-3fa7-5917-8bc8-6ab7b928a89c,792d7b30-a714-5d8c-8fa6-ca1c997ae6b8,SOURCED_FROM
ed4da5af-d72c-5904-87b6-a9a851df0e86,792d7b30-a714-5d8c-8fa6-ca1c997ae6b8,SOURCED_FROM
701f8137-0272-5a40-86d1-56ce7b30145f,792d7b30-a714-5d8c-8fa6-ca1c997ae6b8,SOURCED_FROM
2d930034-aff5-5617-8c36-c03715ed45ae,792d7b30-a714-5d8c-8fa6-ca1c997ae6b8,SOURCED_FROM
a71c62fa-b855-5794-854b-f5939537cf96,792d7b30-a714-5d8c-8fa6-ca1c997ae6b8,SOURCED_FROM
3d9d1eed-bb0f-5444-84ef-1d256aaf0965,792d7b30-a714-5d8c-8fa6-ca1c997ae6b8,SOURCED_FROM
68f0882c-c285-5578-883c-eb70fdb80973,792d7b30-a714-5d8c-8fa6-ca1c997ae6b8,SOURCED_FROM
e759ce29-88a4-5cf1-8f79-333fc78ddb91,792d7b30-a714-5d8c-8fa6-ca1c997ae6b8,SOURCED_FROM
37722173-b6f3-5b9f-8612-745490974646,792d7b30-a714-5d8c-8fa6-ca1c997ae6b8,SOURCED_FROM
2f047cf8-03dc-57cc-89c7-a40c7cb25e82,792d7b30-a714-5d8c-8fa6-ca1c997ae6b8,SOURCED_FROM
70e5aa64-c48b-56c0-8ab0-8fede60e7f53,792d7b30-a714-5d8c-8fa6-ca1c997ae6b8,SOURCED_FROM
7141039f-cbe6-5e10-8ba8-5662e64bd160,792d7b30-a714-5d8c-8fa6-ca1c997ae6b8,SOURCED_FROM
fb41c3d3-080d-595e-8f86-d35e4fc3d085,792d7b30-a714-5d8c-8fa6-ca1c997ae6b8,SOURCED_FROM
1ff436a7-8a87-58aa-8967-ac8b4e8175cc,792d7b30-a714-5d8c-8fa6-ca1c997ae6b8,SOURCED_FROM
6c9dcff0-18ee-5bce-825d-ff305125c318,792d7b30-a714-5d8c-8fa6-ca1c997ae6b8,SOURCED_FROM
88258a4f-76b0-57fa-8e34-3e4f0b3e3bcb,792d7b30-a714-5d8c-8fa6-ca1c997ae6b8,SOURCED_FROM
7d0e662f-5be3-5447-8078-5511b520009d,792d7b30-a714-5d8c-8fa6-ca1c997ae6b8,SOURCED_FROM
1acbe576-bada-590a-8d3e-37d2a1ef3a7a,792d7b30-a714-5d8c-8fa6-ca1c997ae6b8,SOURCED_FROM
e709c0a0-7587-5aae-88a4-e214d2317eb3,792d7b30-a714-5d8c-8fa6-ca1c997ae6b8,SOURCED_FROM
ed4569aa-3b59-5378-87b9-c7bd29db6971,792d7b30-a714-5d8c-8fa6-ca1c997ae6b8,SOURCED_FROM
bfe84ce8-b11f-524c-85a7-9ef61c14e290,792d7b30-a714-5d8c-8fa6-ca1c997ae6b8,SOURCED_FROM
0fc14e77-e9a6-514d-8181-58d12f4145b2,792d7b30-a714-5d8c-8fa6-ca1c997ae6b8,SOURCED_FROM
d7208928-6522-5d55-8b43-7c62bf47fbd4,792d7b30-a714-5d8c-8fa6-ca1c997ae6b8,SOURCED_FROM
4b095984-f9f2-54c0-89ae-05d8fc092d21,792d7b30-a714-5d8c-8fa6-ca1c997ae6b8,SOURCED_FROM
952668c5-c6b2-50b1-825d-26180c0adbe8,792d7b30-a714-5d8c-8fa6-ca1c997ae6b8,SOURCED_FROM
9c7bdaf9-574a-53d6-84b5-44d38a2a2edf,792d7b30-a714-5d8c-8fa6-ca1c997ae6b8,SOURCED_FROM
cb2fcdf5-ecda-5efb-861d-a834a8f84ae0,792d7b30-a714-5d8c-8fa6-ca1c997ae6b8,SOURCED_FROM
fbafd01e-f099-5d6e-8f88-236e5071d1ac,792d7b30-a714-5d8c-8fa6-ca1c997ae6b8,SOURCED_FROM
efd72874-48ba-5d4a-8a25-4b8a43f3cbda,792d7b30-a714-5d8c-8fa6-ca1c997ae6b8,SOURCED_FROM
0206784b-d203-53bd-8806-115cd30aa7f9,792d7b30-a714-5d8c-8fa6-ca1c997ae6b8,SOURCED_FROM
ac112170-2a6c-5445-8384-9774eedb6a29,792d7b30-a714-5d8c-8fa6-ca1c997ae6b8,SOURCED_FROM
ec92ec76-bfcb-53c0-877f-5c9574e1f59f,792d7b30-a714-5d8c-8fa6-ca1c997ae6b8,SOURCED_FROM
d9839ca7-6c8c-5494-8a42-d1e76ff5002b,792d7b30-a714-5d8c-8fa6-ca1c997ae6b8,SOURCED_FROM
302674c5-1571-56ac-8cfc-cb965e146a24,792d7b30-a714-5d8c-8fa6-ca1c997ae6b8,SOURCED_FROM
8e6f56ee-5bd1-5663-8573-358049e62a36,792d7b30-a714-5d8c-8fa6-ca1c997ae6b8,SOURCED_FROM
fe069948-6ae9-5053-8518-7b3639afd29a,792d7b30-a714-5d8c-8fa6-ca1c997ae6b8,SOURCED_FROM
19e3425a-ff4b-55f9-87c7-7f94bdeb8a56,792d7b30-a714-5d8c-8fa6-ca1c997ae6b8,SOURCED_FROM
f398e805-70ae-5628-8082-e10f1eaadd4d,792d7b30-a714-5d8c-8fa6-ca1c997ae6b8,SOURCED_FROM
c4b4e8f4-1713-5291-8a63-99aad5ea8ca5,792d7b30-a714-5d8c-8fa6-ca1c997ae6b8,SOURCED_FROM
0b739b7e-fd1f-58cf-80b3-738f58e4cc8f,792d7b30-a714-5d8c-8fa6-ca1c997ae6b8,SOURCED_FROM
42354637-512b-5e9e-8c2b-082e7a8fbf8e,792d7b30-a714-5d8c-8fa6-ca1c997ae6b8,SOURCED_FROM
be61a5ab-94ba-527b-8f7a-5438bdcaf49e,792d7b30-a714-5d8c-8fa6-ca1c997ae6b8,SOURCED_FROM
12152ded-235a-521d-8fe2-fa7c00240bdc,792d7b30-a714-5d8c-8fa6-ca1c997ae6b8,SOURCED_FROM
825c29c7-970d-518e-8c80-5a43337548f8,792d7b30-a714-5d8c-8fa6-ca1c997ae6b8,SOURCED_FROM
8e12ed70-6b83-52e3-8d22-8caf7dc960f8,792d7b30-a714-5d8c-8fa6-ca1c997ae6b8,SOURCED_FROM
715e3b66-2752-55ef-86a8-475ba3809cb3,792d7b30-a714-5d8c-8fa6-ca1c997ae6b8,SOURCED_FROM
76969bd5-66bb-5042-8ea7-52aaee98a957,792d7b30-a714-5d8c-8fa6-ca1c997ae6b8,SOURCED_FROM
9092ace8-6eb5-5267-81be-c0175c8d2cf6,792d7b30-a714-5d8c-8fa6-ca1c997ae6b8,SOURCED_FROM
1f678e7e-e518-5aad-8294-bb4d696d86f4,792d7b30-a714-5d8c-8fa6-ca1c997ae6b8,SOURCED_FROM
e566685d-31f4-5118-8f93-5b017bfc1aad,792d7b30-a714-5d8c-8fa6-ca1c997ae6b8,SOURCED_FROM
5ca85860-d11d-56cd-8574-9600de510b95,792d7b30-a714-5d8c-8fa6-ca1c997ae6b8,SOURCED_FROM
d9a4e586-1d3e-579e-8655-17ca486f8882,792d7b30-a714-5d8c-8fa6-ca1c997ae6b8,SOURCED_FROM
770e8bbb-4b2e-5fda-81d5-5301d3ffb831,792d7b30-a714-5d8c-8fa6-ca1c997ae6b8,SOURCED_FROM
00f0a39b-9212-5747-8e1a-b10a0f78e0de,792d7b30-a714-5d8c-8fa6-ca1c997ae6b8,SOURCED_FROM
6990bfd7-abff-5b24-8800-c82652aea5b0,792d7b30-a714-5d8c-8fa6-ca1c997ae6b8,SOURCED_FROM
621a8c1a-5777-5e48-850f-34021d8ef06f,792d7b30-a714-5d8c-8fa6-ca1c997ae6b8,SOURCED_FROM
7ae59d1c-4012-53d5-8920-525ac9b74aca,792d7b30-a714-5d8c-8fa6-ca1c997ae6b8,SOURCED_FROM
a9abc1c3-95d8-5471-862b-dba8ea510c1d,792d7b30-a714-5d8c-8fa6-ca1c997ae6b8,SOURCED_FROM
06ec705a-20c5-5e8b-86b5-14f343300f85,792d7b30-a714-5d8c-8fa6-ca1c997ae6b8,SOURCED_FROM
abaffc4a-f98b-5830-8b78-4613264d3601,792d7b30-a714-5d8c-8fa6-ca1c997ae6b8,SOURCED_FROM
638fe754-f966-5902-86fd-525726a37d1b,792d7b30-a714-5d8c-8fa6-ca1c997ae6b8,SOURCED_FROM
2cf7fbca-ada1-506f-89d2-6b28a5988b35,792d7b30-a714-5d8c-8fa6-ca1c997ae6b8,SOURCED_FROM
0290b830-6281-5ac3-8cff-b850c4899b69,792d7b30-a714-5d8c-8fa6-ca1c997ae6b8,SOURCED_FROM
7c5500f4-1c2d-56a8-8def-1b19b2d79cc0,792d7b30-a714-5d8c-8fa6-ca1c997ae6b8,SOURCED_FROM
1212dd32-0147-5c63-8b97-964ff1aecb08,792d7b30-a714-5d8c-8fa6-ca1c997ae6b8,SOURCED_FROM
d33d996e-0b05-530d-8a08-a0dd4f56df1e,792d7b30-a714-5d8c-8fa6-ca1c997ae6b8,SOURCED_FROM
8e43d92f-9392-5306-8b86-359a03ddf9ea,792d7b30-a714-5d8c-8fa6-ca1c997ae6b8,SOURCED_FROM
6e2f00a7-d83c-5f3b-8403-3ca32f7df7fe,792d7b30-a714-5d8c-8fa6-ca1c997ae6b8,SOURCED_FROM
d6f5390c-5990-57b0-8ac5-ad6aa00351ab,792d7b30-a714-5d8c-8fa6-ca1c997ae6b8,SOURCED_FROM
485f754d-8fb7-5934-87b3-ca41988debac,792d7b30-a714-5d8c-8fa6-ca1c997ae6b8,SOURCED_FROM
c2ed0458-422c-5bb8-8ada-58e384b6367b,792d7b30-a714-5d8c-8fa6-ca1c997ae6b8,SOURCED_FROM
fde7dc91-2b37-54c6-82b8-3a04e4e80596,792d7b30-a714-5d8c-8fa6-ca1c997ae6b8,SOURCED_FROM
8f376654-18a7-52ed-8595-ef7f9978137d,792d7b30-a714-5d8c-8fa6-ca1c997ae6b8,SOURCED_FROM
47f187e1-517e-5356-85fa-bd56df0a7c90,792d7b30-a714-5d8c-8fa6-ca1c997ae6b8,SOURCED_FROM
68041726-b288-5802-8ced-8689238cb505,792d7b30-a714-5d8c-8fa6-ca1c997ae6b8,SOURCED_FROM
ef847873-52f4-592e-8ce3-1a001b2619eb,792d7b30-a714-5d8c-8fa6-ca1c997ae6b8,SOURCED_FROM
3fc33beb-f305-5e44-869e-c4067435aa8e,792d7b30-a714-5d8c-8fa6-ca1c997ae6b8,SOURCED_FROM
159ec340-ec26-5733-8541-0a80dd6c9e4f,792d7b30-a714-5d8c-8fa6-ca1c997ae6b8,SOURCED_FROM
35314ec4-2ef1-5d7a-8a78-fd4f8854d62e,792d7b30-a714-5d8c-8fa6-ca1c997ae6b8,SOURCED_FROM
067047aa-199c-5bcb-8abb-710c48e74481,792d7b30-a714-5d8c-8fa6-ca1c997ae6b8,SOURCED_FROM
8920f042-d18f-59ee-8fa2-abdb4330adad,792d7b30-a714-5d8c-8fa6-ca1c997ae6b8,SOURCED_FROM
7529b374-62aa-5e14-841e-cf438fe5c3b1,792d7b30-a714-5d8c-8fa6-ca1c997ae6b8,SOURCED_FROM
55278231-48b6-5e6c-87a7-a154e0d96911,792d7b30-a714-5d8c-8fa6-ca1c997ae6b8,SOURCED_FROM
55e1f59f-67e2-51c6-8559-c031bd012d66,792d7b30-a714-5d8c-8fa6-ca1c997ae6b8,SOURCED_FROM
9e4ad137-aa87-509f-83c9-26e69afe1343,792d7b30-a714-5d8c-8fa6-ca1c997ae6b8,SOURCED_FROM
21a266c9-15b8-584c-86f0-e1d0748a72bd,792d7b30-a714-5d8c-8fa6-ca1c997ae6b8,SOURCED_FROM
790c85e7-2732-5f57-8171-f8b52aef8c0c,792d7b30-a714-5d8c-8fa6-ca1c997ae6b8,SOURCED_FROM
481fb92c-e5c4-5871-828b-5632c815ca00,792d7b30-a714-5d8c-8fa6-ca1c997ae6b8,SOURCED_FROM
67c4f750-eede-5a44-801b-a0c741c333e0,792d7b30-a714-5d8c-8fa6-ca1c997ae6b8,SOURCED_FROM
1155f053-6413-5e36-8701-33335ebcc5db,792d7b30-a714-5d8c-8fa6-ca1c997ae6b8,SOURCED_FROM
b54c784a-4419-546a-864a-f49005db78c9,792d7b30-a714-5d8c-8fa6-ca1c997ae6b8,SOURCED_FROM
f52b1934-4d81-53da-814b-b81c40bf8d2f,792d7b30-a714-5d8c-8fa6-ca1c997ae6b8,SOURCED_FROM
40e5e76e-3502-5d74-880d-f98334b95a8b,792d7b30-a714-5d8c-8fa6-ca1c997ae6b8,SOURCED_FROM
28f518d8-7b0a-5c29-809b-d3c6dfad855c,792d7b30-a714-5d8c-8fa6-ca1c997ae6b8,SOURCED_FROM
607dae9f-c475-573d-850c-3e59d89fa14d,792d7b30-a714-5d8c-8fa6-ca1c997ae6b8,SOURCED_FROM
0d2c3ed4-c5f3-5197-81f0-119009bf3345,792d7b30-a714-5d8c-8fa6-ca1c997ae6b8,SOURCED_FROM
2bc40aee-73e5-555a-8e98-1bd4d6326493,792d7b30-a714-5d8c-8fa6-ca1c997ae6b8,SOURCED_FROM
a8185708-5992-5feb-87a5-ed8145c46095,792d7b30-a714-5d8c-8fa6-ca1c997ae6b8,SOURCED_FROM
04c3fb99-e223-5ada-8409-99901bbd6513,792d7b30-a714-5d8c-8fa6-ca1c997ae6b8,SOURCED_FROM
ab1e348f-a8a9-5f83-82b0-67f2096214f7,792d7b30-a714-5d8c-8fa6-ca1c997ae6b8,SOURCED_FROM
4cf405f8-60f8-5b11-8d30-a078018e95c0,792d7b30-a714-5d8c-8fa6-ca1c997ae6b8,SOURCED_FROM
7889b4a3-6519-5f0a-88a9-428ee68dd5ff,792d7b30-a714-5d8c-8fa6-ca1c997ae6b8,SOURCED_FROM
b60223e3-62a7-5516-813a-aae4e047f881,792d7b30-a714-5d8c-8fa6-ca1c997ae6b8,SOURCED_FROM
f59aa5a0-5b13-59ad-8d9b-b88621374bb6,792d7b30-a714-5d8c-8fa6-ca1c997ae6b8,SOURCED_FROM
4d487d8e-6cbb-5b22-8ec3-87325915b7e2,792d7b30-a714-5d8c-8fa6-ca1c997ae6b8,SOURCED_FROM
b4da1e8c-21f1-5bee-8120-cda4bd1ee60d,792d7b30-a714-5d8c-8fa6-ca1c997ae6b8,SOURCED_FROM
dfd6aeaf-9d84-58c2-8bfc-442e3b2c1c4e,792d7b30-a714-5d8c-8fa6-ca1c997ae6b8,SOURCED_FROM
b07a013c-785b-5c82-8a5b-45d15220a6bb,792d7b30-a714-5d8c-8fa6-ca1c997ae6b8,SOURCED_FROM
fd0b95c0-5f72-56fd-831b-c29292007aba,792d7b30-a714-5d8c-8fa6-ca1c997ae6b8,SOURCED_FROM
fb5672e6-3be2-5914-8155-441675a88ddc,792d7b30-a714-5d8c-8fa6-ca1c997ae6b8,SOURCED_FROM
251d5d32-dcf7-5231-86d2-123094d93618,792d7b30-a714-5d8c-8fa6-ca1c997ae6b8,SOURCED_FROM
4ca142e0-55eb-5dde-8170-3a19d31785a7,792d7b30-a714-5d8c-8fa6-ca1c997ae6b8,SOURCED_FROM
1f4f114f-4556-5211-8608-3ff5fb0f9d74,792d7b30-a714-5d8c-8fa6-ca1c997ae6b8,SOURCED_FROM
8abe5227-51ae-5553-84ea-a87d8f8ad9a9,792d7b30-a714-5d8c-8fa6-ca1c997ae6b8,SOURCED_FROM
f0293158-1234-531d-8279-66f27e2da583,792d7b30-a714-5d8c-8fa6-ca1c997ae6b8,SOURCED_FROM
af5c4ea6-11f0-5748-8531-f500d754f30b,792d7b30-a714-5d8c-8fa6-ca1c997ae6b8,SOURCED_FROM
87fbec5b-aef9-53f4-8f3b-48c6cf6db490,792d7b30-a714-5d8c-8fa6-ca1c997ae6b8,SOURCED_FROM
8863c179-7ebe-5d84-8049-fe8f9b4f30e3,792d7b30-a714-5d8c-8fa6-ca1c997ae6b8,SOURCED_FROM
8a5c9f7d-9852-5a02-85dc-98844ff3af7f,792d7b30-a714-5d8c-8fa6-ca1c997ae6b8,SOURCED_FROM
d08cb664-f182-544f-8903-750e8511ead1,792d7b30-a714-5d8c-8fa6-ca1c997ae6b8,SOURCED_FROM
7ff004af-11f9-5b6c-8cfe-7dbb030af0fc,792d7b30-a714-5d8c-8fa6-ca1c997ae6b8,SOURCED_FROM
189543dc-fa10-53bd-8ba8-a44d4347484e,792d7b30-a714-5d8c-8fa6-ca1c997ae6b8,SOURCED_FROM
127b7437-bb6f-54b9-8d81-a1c945bfc42c,792d7b30-a714-5d8c-8fa6-ca1c997ae6b8,SOURCED_FROM
0893e1e4-9030-5abc-8203-b3790d7ab7d9,792d7b30-a714-5d8c-8fa6-ca1c997ae6b8,SOURCED_FROM
415a08de-fe36-5dd7-8946-2349d9eeef64,792d7b30-a714-5d8c-8fa6-ca1c997ae6b8,SOURCED_FROM
b427b38c-8bd0-59f8-8cf5-b698484ea8b1,792d7b30-a714-5d8c-8fa6-ca1c997ae6b8,SOURCED_FROM
2ae47dd3-e6cf-596a-8026-e86df63b34c8,792d7b30-a714-5d8c-8fa6-ca1c997ae6b8,SOURCED_FROM
096780ea-ea14-55ff-825e-23848b8d8ee3,792d7b30-a714-5d8c-8fa6-ca1c997ae6b8,SOURCED_FROM
8d749d59-e310-53d1-855d-4afb8693c612,792d7b30-a714-5d8c-8fa6-ca1c997ae6b8,SOURCED_FROM
560528cd-e6de-528f-8977-246fb104411c,792d7b30-a714-5d8c-8fa6-ca1c997ae6b8,SOURCED_FROM
95fc152e-0cd2-5f3d-89b0-68e2cd0901b6,792d7b30-a714-5d8c-8fa6-ca1c997ae6b8,SOURCED_FROM
fadb239a-b20d-5513-84ca-1fcdedff16f6,792d7b30-a714-5d8c-8fa6-ca1c997ae6b8,SOURCED_FROM
d12ebdd4-4608-5747-8067-37d16331abbc,792d7b30-a714-5d8c-8fa6-ca1c997ae6b8,SOURCED_FROM
9f338f24-e065-56dc-8b46-acda353c6f5e,792d7b30-a714-5d8c-8fa6-ca1c997ae6b8,SOURCED_FROM
62448182-56c4-58b6-8c62-f1dc71bc0084,792d7b30-a714-5d8c-8fa6-ca1c997ae6b8,SOURCED_FROM
4d6e019e-2856-5775-8ddd-02a25b0af2ff,792d7b30-a714-5d8c-8fa6-ca1c997ae6b8,SOURCED_FROM
160fb858-4fcf-5480-8c85-e581ec82a014,792d7b30-a714-5d8c-8fa6-ca1c997ae6b8,SOURCED_FROM
044dc1bb-a958-5114-8418-3ac7b1d1d753,792d7b30-a714-5d8c-8fa6-ca1c997ae6b8,SOURCED_FROM
1f51727b-2622-5413-8ec3-29739f1de99f,792d7b30-a714-5d8c-8fa6-ca1c997ae6b8,SOURCED_FROM
6da1a7fe-5948-5afa-8d8d-4cc3cc14bd60,792d7b30-a714-5d8c-8fa6-ca1c997ae6b8,SOURCED_FROM
d2ee1b35-7191-5b99-800f-2f780c3d14d1,792d7b30-a714-5d8c-8fa6-ca1c997ae6b8,SOURCED_FROM
8775d675-6a3a-5dd5-8669-c635a663f185,792d7b30-a714-5d8c-8fa6-ca1c997ae6b8,SOURCED_FROM
ad6867c2-c739-5c97-83a1-47efd6e8e6ac,792d7b30-a714-5d8c-8fa6-ca1c997ae6b8,SOURCED_FROM
8b3ce00a-886e-5158-82f2-50d1ca747a94,792d7b30-a714-5d8c-8fa6-ca1c997ae6b8,SOURCED_FROM
c23d38c2-02bf-50ed-820e-b5ac5ad370e2,792d7b30-a714-5d8c-8fa6-ca1c997ae6b8,SOURCED_FROM
7fda8e19-1505-51a4-882e-824d6676befe,792d7b30-a714-5d8c-8fa6-ca1c997ae6b8,SOURCED_FROM
98a97747-bbe3-5178-87c6-e6e42ab6a472,792d7b30-a714-5d8c-8fa6-ca1c997ae6b8,SOURCED_FROM
fd0c3acd-922c-5b72-8fd8-11d4e870f903,792d7b30-a714-5d8c-8fa6-ca1c997ae6b8,SOURCED_FROM
764af3bb-5995-5013-822c-22e9ba4e8c6d,792d7b30-a714-5d8c-8fa6-ca1c997ae6b8,SOURCED_FROM
07cfb6ee-f2a8-5ace-896f-df71fe7c8ba2,792d7b30-a714-5d8c-8fa6-ca1c997ae6b8,SOURCED_FROM
89a72db3-6aba-541c-8df9-d724d4ba955a,792d7b30-a714-5d8c-8fa6-ca1c997ae6b8,SOURCED_FROM
5bc6edd6-9ffd-5740-8f80-b20432eb8cc5,792d7b30-a714-5d8c-8fa6-ca1c997ae6b8,SOURCED_FROM
a72314e2-5d6b-5ce1-89e3-c3d9d42b6bcb,792d7b30-a714-5d8c-8fa6-ca1c997ae6b8,SOURCED_FROM
c75c50ed-bf77-5cb4-88e4-d0b81d03efab,792d7b30-a714-5d8c-8fa6-ca1c997ae6b8,SOURCED_FROM
df6dbbd4-7513-5581-8e31-596210eb9325,792d7b30-a714-5d8c-8fa6-ca1c997ae6b8,SOURCED_FROM
cdf11d56-d39b-5ec6-8275-a053eb80c5b3,792d7b30-a714-5d8c-8fa6-ca1c997ae6b8,SOURCED_FROM
dd04053f-54eb-5261-8457-4906d166041c,792d7b30-a714-5d8c-8fa6-ca1c997ae6b8,SOURCED_FROM
9b4c5096-70e2-5693-8e87-52617d86eace,792d7b30-a714-5d8c-8fa6-ca1c997ae6b8,SOURCED_FROM
4e78bad7-3e01-5027-817a-c5a57f0bf5ca,792d7b30-a714-5d8c-8fa6-ca1c997ae6b8,SOURCED_FROM
7ec8cddb-30a2-564d-8f04-3515cb432dbd,792d7b30-a714-5d8c-8fa6-ca1c997ae6b8,SOURCED_FROM
0d7ac3d8-c5eb-55d1-8d2b-77109a60a814,792d7b30-a714-5d8c-8fa6-ca1c997ae6b8,SOURCED_FROM
d65a111c-2bf8-56da-86ed-c94f202a2036,792d7b30-a714-5d8c-8fa6-ca1c997ae6b8,SOURCED_FROM
9d3426d9-f534-56c4-828b-908fc84245fb,792d7b30-a714-5d8c-8fa6-ca1c997ae6b8,SOURCED_FROM
a67711f6-62c4-52a2-82a4-f3f27e69e803,792d7b30-a714-5d8c-8fa6-ca1c997ae6b8,SOURCED_FROM
7349071a-d001-523d-8204-d54d55d1001e,792d7b30-a714-5d8c-8fa6-ca1c997ae6b8,SOURCED_FROM
3a8957f6-9b97-5f2b-8f1d-2269576e2e2c,792d7b30-a714-5d8c-8fa6-ca1c997ae6b8,SOURCED_FROM
dc93081a-b924-516e-8f8b-a0bb6bcada32,792d7b30-a714-5d8c-8fa6-ca1c997ae6b8,SOURCED_FROM
f9ef715a-e0ba-5ee0-847b-8850383ba3f0,792d7b30-a714-5d8c-8fa6-ca1c997ae6b8,SOURCED_FROM
5d527cc2-a87f-50ef-8967-cde03b60cb9f,792d7b30-a714-5d8c-8fa6-ca1c997ae6b8,SOURCED_FROM
4694520b-0963-5d32-881f-6fba7a0347f6,792d7b30-a714-5d8c-8fa6-ca1c997ae6b8,SOURCED_FROM
89e36ceb-a0cb-5eb8-8430-3c1aeae00b8a,792d7b30-a714-5d8c-8fa6-ca1c997ae6b8,SOURCED_FROM
2dfe188a-3504-590b-80e1-7a24d8756186,792d7b30-a714-5d8c-8fa6-ca1c997ae6b8,SOURCED_FROM
634702c7-1d32-53bf-8ace-ffc2f3e32199,792d7b30-a714-5d8c-8fa6-ca1c997ae6b8,SOURCED_FROM
c6ba8919-a338-551e-8c9d-a7bfa64311ff,792d7b30-a714-5d8c-8fa6-ca1c997ae6b8,SOURCED_FROM
fe1413e4-dc7d-5816-8073-6b1fbf3c9bde,792d7b30-a714-5d8c-8fa6-ca1c997ae6b8,SOURCED_FROM
2e9c0826-bb41-5cd0-8906-89048c3aa927,792d7b30-a714-5d8c-8fa6-ca1c997ae6b8,SOURCED_FROM
9dd772d3-9859-5edc-8c48-28cf15c4205a,792d7b30-a714-5d8c-8fa6-ca1c997ae6b8,SOURCED_FROM
65e61494-8e12-57b8-8ca5-70e31dc048db,792d7b30-a714-5d8c-8fa6-ca1c997ae6b8,SOURCED_FROM
7fae5c53-3430-5fd6-8601-1e468d372827,792d7b30-a714-5d8c-8fa6-ca1c997ae6b8,SOURCED_FROM
096d2548-9065-5306-8f54-7e299e0a4a62,792d7b30-a714-5d8c-8fa6-ca1c997ae6b8,SOURCED_FROM
2099f9a0-0d5f-5994-8d51-495aad93cd63,792d7b30-a714-5d8c-8fa6-ca1c997ae6b8,SOURCED_FROM
5a72d85f-ddcd-5fce-8a36-8a16dc963c19,792d7b30-a714-5d8c-8fa6-ca1c997ae6b8,SOURCED_FROM
1094e90e-d5b6-57f1-863f-b1fa0a8a8cb1,792d7b30-a714-5d8c-8fa6-ca1c997ae6b8,SOURCED_FROM
f47ccfd4-9e0f-5fb9-8e07-809e9762f49a,792d7b30-a714-5d8c-8fa6-ca1c997ae6b8,SOURCED_FROM
3f45bbe7-7432-534e-884e-caa74daa20c1,792d7b30-a714-5d8c-8fa6-ca1c997ae6b8,SOURCED_FROM
f1216c2a-b87c-5a32-835a-d680fdeffb0a,792d7b30-a714-5d8c-8fa6-ca1c997ae6b8,SOURCED_FROM
04a2f27d-8716-5197-80bd-94af7dfa91ae,792d7b30-a714-5d8c-8fa6-ca1c997ae6b8,SOURCED_FROM
2dc5f87e-f334-5e13-880a-4a052a17aa28,792d7b30-a714-5d8c-8fa6-ca1c997ae6b8,SOURCED_FROM
1820afd8-258c-5d23-84c4-8f6e2f8ae7bf,792d7b30-a714-5d8c-8fa6-ca1c997ae6b8,SOURCED_FROM
2d758edc-d6ec-59f8-8e29-bc71b602797a,792d7b30-a714-5d8c-8fa6-ca1c997ae6b8,SOURCED_FROM
4ce21b6b-daad-57f9-827d-5f7081fa2c80,792d7b30-a714-5d8c-8fa6-ca1c997ae6b8,SOURCED_FROM
3a0f50f7-19e3-5095-85d8-6e9014509288,792d7b30-a714-5d8c-8fa6-ca1c997ae6b8,SOURCED_FROM
a8192d81-43ba-52f0-8fbf-f9eb37f70f7c,792d7b30-a714-5d8c-8fa6-ca1c997ae6b8,SOURCED_FROM
44af6464-7429-5436-846b-be4dc10a5f92,792d7b30-a714-5d8c-8fa6-ca1c997ae6b8,SOURCED_FROM
bcd3698e-94d3-577b-8f32-c316def08a66,792d7b30-a714-5d8c-8fa6-ca1c997ae6b8,SOURCED_FROM
e000b890-9200-544e-82aa-d28a1525a8d4,792d7b30-a714-5d8c-8fa6-ca1c997ae6b8,SOURCED_FROM
8c559ec9-d26f-5c73-83f1-db19ed7fd749,792d7b30-a714-5d8c-8fa6-ca1c997ae6b8,SOURCED_FROM
07607af6-7273-5970-812e-892eab3f4e85,792d7b30-a714-5d8c-8fa6-ca1c997ae6b8,SOURCED_FROM
8e4d709c-3bf7-507a-8997-af43e0328ddf,792d7b30-a714-5d8c-8fa6-ca1c997ae6b8,SOURCED_FROM
0002527b-c95d-567f-8eda-c09283752209,792d7b30-a714-5d8c-8fa6-ca1c997ae6b8,SOURCED_FROM
4a3cdc5c-640b-5e34-8177-b32ff9945e6c,792d7b30-a714-5d8c-8fa6-ca1c997ae6b8,SOURCED_FROM
49dd0957-afd9-513f-81ea-df711f123239,792d7b30-a714-5d8c-8fa6-ca1c997ae6b8,SOURCED_FROM
14dd542a-6287-5eeb-87f1-4a7235c1e6fd,792d7b30-a714-5d8c-8fa6-ca1c997ae6b8,SOURCED_FROM
5acab71b-6bea-5e4d-8934-970cef581236,792d7b30-a714-5d8c-8fa6-ca1c997ae6b8,SOURCED_FROM
029de2eb-9c6a-5873-835f-3909600fe2b2,792d7b30-a714-5d8c-8fa6-ca1c997ae6b8,SOURCED_FROM
09a94e5c-3df0-5564-8957-beca2cfdf3eb,792d7b30-a714-5d8c-8fa6-ca1c997ae6b8,SOURCED_FROM
c6001f2d-f809-5382-8808-97103bbe633e,792d7b30-a714-5d8c-8fa6-ca1c997ae6b8,SOURCED_FROM
077f4a60-fd10-50c5-8532-950846011e17,792d7b30-a714-5d8c-8fa6-ca1c997ae6b8,SOURCED_FROM
7687194c-0a25-5c17-8b6c-0aa01070b19f,792d7b30-a714-5d8c-8fa6-ca1c997ae6b8,SOURCED_FROM
57456a37-ce6c-5c40-8064-c915fcdc5383,792d7b30-a714-5d8c-8fa6-ca1c997ae6b8,SOURCED_FROM
472941bc-969d-5df4-862f-5e4d4f788f49,792d7b30-a714-5d8c-8fa6-ca1c997ae6b8,SOURCED_FROM
d75157b4-7a4a-54b9-8046-1df06af23a3c,792d7b30-a714-5d8c-8fa6-ca1c997ae6b8,SOURCED_FROM
5e380910-023c-5f71-8b0f-8ecf5f2e9695,792d7b30-a714-5d8c-8fa6-ca1c997ae6b8,SOURCED_FROM
9ebee459-174d-5552-8777-e4480ed32175,792d7b30-a714-5d8c-8fa6-ca1c997ae6b8,SOURCED_FROM
79926c51-ffa5-5e66-8c41-4f9e08d70f46,792d7b30-a714-5d8c-8fa6-ca1c997ae6b8,SOURCED_FROM
ecd59a5e-0f6d-5255-862d-ef96640b8dd0,792d7b30-a714-5d8c-8fa6-ca1c997ae6b8,SOURCED_FROM
f09fbb0b-83d1-5223-8369-ab918710dfaf,792d7b30-a714-5d8c-8fa6-ca1c997ae6b8,SOURCED_FROM
2a50ccde-8f4f-5f91-8f65-5e41a403baba,792d7b30-a714-5d8c-8fa6-ca1c997ae6b8,SOURCED_FROM
457570a3-b604-5479-8e3e-1029af1bfe99,792d7b30-a714-5d8c-8fa6-ca1c997ae6b8,SOURCED_FROM
761b59bb-d8e1-581a-86df-4393fa775683,792d7b30-a714-5d8c-8fa6-ca1c997ae6b8,SOURCED_FROM
b2f765bd-2f00-55b5-827f-46daf88d2481,792d7b30-a714-5d8c-8fa6-ca1c997ae6b8,SOURCED_FROM
121e0452-ae3d-5d14-8dab-9169336f84c1,792d7b30-a714-5d8c-8fa6-ca1c997ae6b8,SOURCED_FROM
a5ad8a8c-fd97-5f0a-80be-4ab3b53ee82b,792d7b30-a714-5d8c-8fa6-ca1c997ae6b8,SOURCED_FROM
480f2b67-3a10-5444-8de2-152aa6f42d89,792d7b30-a714-5d8c-8fa6-ca1c997ae6b8,SOURCED_FROM
79a56ec2-ae50-525b-8430-d328a56d7ee6,792d7b30-a714-5d8c-8fa6-ca1c997ae6b8,SOURCED_FROM
1aa37f71-d233-51f5-8373-fb5f3a74dfdb,792d7b30-a714-5d8c-8fa6-ca1c997ae6b8,SOURCED_FROM
f30f223d-4edd-548b-8f01-b400be885f55,792d7b30-a714-5d8c-8fa6-ca1c997ae6b8,SOURCED_FROM
1d3ca126-23bc-5284-8bb3-f3373fdf085e,792d7b30-a714-5d8c-8fa6-ca1c997ae6b8,SOURCED_FROM
611274e1-8a70-5dc5-8e0f-251138a052c0,792d7b30-a714-5d8c-8fa6-ca1c997ae6b8,SOURCED_FROM
b4b77e0e-0e77-5fb5-8979-d242169f743c,792d7b30-a714-5d8c-8fa6-ca1c997ae6b8,SOURCED_FROM
ffe01c21-5abd-5d64-8884-d04b96e80b02,792d7b30-a714-5d8c-8fa6-ca1c997ae6b8,SOURCED_FROM
daf2481e-7682-513b-8b05-b72869c14d38,792d7b30-a714-5d8c-8fa6-ca1c997ae6b8,SOURCED_FROM
7f8877c0-80d2-586d-824f-2fbf04a7770b,792d7b30-a714-5d8c-8fa6-ca1c997ae6b8,SOURCED_FROM
235765cf-f1aa-56bd-8e75-9d1f4fc7a89b,792d7b30-a714-5d8c-8fa6-ca1c997ae6b8,SOURCED_FROM
3ca3071b-ad28-59b2-871b-9bb4cb1b965d,792d7b30-a714-5d8c-8fa6-ca1c997ae6b8,SOURCED_FROM
951b9e6c-a86a-58ab-8900-487d937e0ab5,792d7b30-a714-5d8c-8fa6-ca1c997ae6b8,SOURCED_FROM
d26bbf64-74d4-52ee-8c7a-6b4f2f4a7362,792d7b30-a714-5d8c-8fa6-ca1c997ae6b8,SOURCED_FROM
73285cc1-bf9c-59ff-8a51-e84d7cb9b930,792d7b30-a714-5d8c-8fa6-ca1c997ae6b8,SOURCED_FROM
af342b4f-a6f4-59d0-81b1-10f4e2863dc8,792d7b30-a714-5d8c-8fa6-ca1c997ae6b8,SOURCED_FROM
eaf678f8-09f2-5338-867e-567b82cc9786,792d7b30-a714-5d8c-8fa6-ca1c997ae6b8,SOURCED_FROM
ecba4c35-1b06-5396-8f5c-98e7b7f4b43c,792d7b30-a714-5d8c-8fa6-ca1c997ae6b8,SOURCED_FROM
bef1fd44-4da6-5384-82ca-668096174015,792d7b30-a714-5d8c-8fa6-ca1c997ae6b8,SOURCED_FROM
3ba186f3-6c4e-5dbc-83e1-a2145003d2f2,792d7b30-a714-5d8c-8fa6-ca1c997ae6b8,SOURCED_FROM
2552fa94-e91c-5679-8613-6c00b1b6bce6,792d7b30-a714-5d8c-8fa6-ca1c997ae6b8,SOURCED_FROM
24dea3cd-10a2-5e70-85e7-9d9615c74c13,792d7b30-a714-5d8c-8fa6-ca1c997ae6b8,SOURCED_FROM
31a4548b-e0da-5697-87a7-237575406fa4,792d7b30-a714-5d8c-8fa6-ca1c997ae6b8,SOURCED_FROM
78f19e64-4b7b-5cfa-871e-440a8fd46de2,792d7b30-a714-5d8c-8fa6-ca1c997ae6b8,SOURCED_FROM
5a952520-481c-516d-8fae-4442e235434d,792d7b30-a714-5d8c-8fa6-ca1c997ae6b8,SOURCED_FROM
f7d43a34-25d6-5a23-841a-616a21bbe41d,792d7b30-a714-5d8c-8fa6-ca1c997ae6b8,SOURCED_FROM
6ca42234-5e77-501a-8ddb-495eee110cb6,792d7b30-a714-5d8c-8fa6-ca1c997ae6b8,SOURCED_FROM
0adc9dc8-320a-507c-8cbf-64cfbfdf9551,792d7b30-a714-5d8c-8fa6-ca1c997ae6b8,SOURCED_FROM
f1709e13-4ad6-547d-8531-c918c7c48a72,792d7b30-a714-5d8c-8fa6-ca1c997ae6b8,SOURCED_FROM
6d90f64f-1f35-5c05-84ac-6a2b81d50028,792d7b30-a714-5d8c-8fa6-ca1c997ae6b8,SOURCED_FROM
776f24d0-7743-5593-805a-42f2c5963139,792d7b30-a714-5d8c-8fa6-ca1c997ae6b8,SOURCED_FROM
f7af089c-382e-52e5-8ca9-b7b778ed585d,792d7b30-a714-5d8c-8fa6-ca1c997ae6b8,SOURCED_FROM
792ffdc1-58d0-51cb-8c4a-d363f426b07c,792d7b30-a714-5d8c-8fa6-ca1c997ae6b8,SOURCED_FROM
2f4a49a4-2798-5eb5-890d-c4fdc44614d8,792d7b30-a714-5d8c-8fa6-ca1c997ae6b8,SOURCED_FROM
49a0933f-4579-514b-8714-bb62f2e45cb0,792d7b30-a714-5d8c-8fa6-ca1c997ae6b8,SOURCED_FROM
b2295880-5bcf-5af6-86af-a1a3137c9444,792d7b30-a714-5d8c-8fa6-ca1c997ae6b8,SOURCED_FROM
cd238330-34e8-5c93-86d5-79c34fdb2b18,792d7b30-a714-5d8c-8fa6-ca1c997ae6b8,SOURCED_FROM
ec4e3697-e874-52a7-8df0-dec51b51ef4c,792d7b30-a714-5d8c-8fa6-ca1c997ae6b8,SOURCED_FROM
46059ab6-6ad7-58e7-8db9-35d7dff1b917,792d7b30-a714-5d8c-8fa6-ca1c997ae6b8,SOURCED_FROM
a895b979-9c3d-5930-856e-1cd79decd83d,792d7b30-a714-5d8c-8fa6-ca1c997ae6b8,SOURCED_FROM
3abbe238-a87b-5e4c-8387-f770e80ec26f,792d7b30-a714-5d8c-8fa6-ca1c997ae6b8,SOURCED_FROM
b3f1884a-abaf-5620-89e3-4164a98ac2f3,792d7b30-a714-5d8c-8fa6-ca1c997ae6b8,SOURCED_FROM
4afe7079-a968-5083-8714-a9eb9eea2997,792d7b30-a714-5d8c-8fa6-ca1c997ae6b8,SOURCED_FROM
1af26ddd-abe7-571c-8d0c-b5b388244b45,792d7b30-a714-5d8c-8fa6-ca1c997ae6b8,SOURCED_FROM
12bb9ec5-555c-57f4-8f69-cb7fa9f447c5,792d7b30-a714-5d8c-8fa6-ca1c997ae6b8,SOURCED_FROM
81ee37c7-3215-53b2-883a-d16b90c01398,792d7b30-a714-5d8c-8fa6-ca1c997ae6b8,SOURCED_FROM
7d13880c-0119-51f0-8b2e-e07975c5c9b1,792d7b30-a714-5d8c-8fa6-ca1c997ae6b8,SOURCED_FROM
c93aea8a-c4da-5038-85c4-89c60ad46241,792d7b30-a714-5d8c-8fa6-ca1c997ae6b8,SOURCED_FROM
9803cbb2-7284-515d-821b-f6dc3e4f4f1d,792d7b30-a714-5d8c-8fa6-ca1c997ae6b8,SOURCED_FROM
11cbb53d-c71f-5a52-898e-183aa15d8532,792d7b30-a714-5d8c-8fa6-ca1c997ae6b8,SOURCED_FROM
4c56106a-4c01-516f-8d7b-c9a79638b803,792d7b30-a714-5d8c-8fa6-ca1c997ae6b8,SOURCED_FROM
c84ebf88-37cc-5a0c-8e3e-43932d4c600c,792d7b30-a714-5d8c-8fa6-ca1c997ae6b8,SOURCED_FROM
f427aba9-8809-5ea8-84e9-f3214ef07ea4,792d7b30-a714-5d8c-8fa6-ca1c997ae6b8,SOURCED_FROM
5606c4a4-89a3-5228-8876-796d5b6c4a81,792d7b30-a714-5d8c-8fa6-ca1c997ae6b8,SOURCED_FROM
a7fbd46a-71bc-581b-87a5-8e29a9413034,792d7b30-a714-5d8c-8fa6-ca1c997ae6b8,SOURCED_FROM
8c12d4e5-0a74-5101-8148-21eb9143b148,792d7b30-a714-5d8c-8fa6-ca1c997ae6b8,SOURCED_FROM
3a183817-d279-5d65-84e3-1297d41b2abb,792d7b30-a714-5d8c-8fa6-ca1c997ae6b8,SOURCED_FROM
608db690-d972-53c6-8cdd-74d8d047515f,792d7b30-a714-5d8c-8fa6-ca1c997ae6b8,SOURCED_FROM
e82a0237-047e-50f7-852a-b744bd339f6e,792d7b30-a714-5d8c-8fa6-ca1c997ae6b8,SOURCED_FROM
aec15e56-b330-59a7-8462-a1c4bbf1bfd8,792d7b30-a714-5d8c-8fa6-ca1c997ae6b8,SOURCED_FROM
a112b06e-64f7-5a91-8cd5-1f51391efde5,792d7b30-a714-5d8c-8fa6-ca1c997ae6b8,SOURCED_FROM
97bc167c-6270-5ab9-8b16-531a6d672819,792d7b30-a714-5d8c-8fa6-ca1c997ae6b8,SOURCED_FROM
54d82f16-160a-5a8a-8f20-5300ca19e2b6,792d7b30-a714-5d8c-8fa6-ca1c997ae6b8,SOURCED_FROM
1fcb7fcc-445e-53bf-838d-b8297a798cb4,792d7b30-a714-5d8c-8fa6-ca1c997ae6b8,SOURCED_FROM
d81faeb8-4d1f-5e86-8d66-ab33d75f59ad,792d7b30-a714-5d8c-8fa6-ca1c997ae6b8,SOURCED_FROM
bb4e4f9d-71e8-51ad-8512-af66e59d2053,792d7b30-a714-5d8c-8fa6-ca1c997ae6b8,SOURCED_FROM
dc2b729f-bd7c-5a02-8c84-b22e7b65d5a8,792d7b30-a714-5d8c-8fa6-ca1c997ae6b8,SOURCED_FROM
cd3e822f-8524-5e30-8b2f-60767c63d851,792d7b30-a714-5d8c-8fa6-ca1c997ae6b8,SOURCED_FROM
5e6cbd66-bdc3-5b76-8dec-15363555d13e,792d7b30-a714-5d8c-8fa6-ca1c997ae6b8,SOURCED_FROM
f5b5664b-8738-5e66-8f17-5f0920157412,792d7b30-a714-5d8c-8fa6-ca1c997ae6b8,SOURCED_FROM
3ab32700-8bf8-533b-8d80-d91e2e7785cf,792d7b30-a714-5d8c-8fa6-ca1c997ae6b8,SOURCED_FROM
fe59f69e-5112-5837-849b-8af8e376edc8,792d7b30-a714-5d8c-8fa6-ca1c997ae6b8,SOURCED_FROM
56c2a55b-d207-5486-8974-e437cf3850dd,792d7b30-a714-5d8c-8fa6-ca1c997ae6b8,SOURCED_FROM
bc6b985a-a813-52ef-849d-2fbc0b0a3789,792d7b30-a714-5d8c-8fa6-ca1c997ae6b8,SOURCED_FROM
379e0ba9-a058-5f47-87bf-5826dd7a951c,792d7b30-a714-5d8c-8fa6-ca1c997ae6b8,SOURCED_FROM
f67df240-1b97-5055-8e30-f0eaca4c8318,792d7b30-a714-5d8c-8fa6-ca1c997ae6b8,SOURCED_FROM
3a356516-04c9-59c0-834b-4c47e9ce4576,792d7b30-a714-5d8c-8fa6-ca1c997ae6b8,SOURCED_FROM
978ab2bd-a524-5fc4-884a-903df6f80d76,792d7b30-a714-5d8c-8fa6-ca1c997ae6b8,SOURCED_FROM
3c8f893b-2724-50a5-8269-b1857dd550b5,792d7b30-a714-5d8c-8fa6-ca1c997ae6b8,SOURCED_FROM
9a660f0a-ed0f-5d11-8ad5-bc9a4c07999e,792d7b30-a714-5d8c-8fa6-ca1c997ae6b8,SOURCED_FROM
ad3e6ea6-0b3a-52a9-87f3-149e25f0277b,792d7b30-a714-5d8c-8fa6-ca1c997ae6b8,SOURCED_FROM
57a896d0-5dbc-5810-8fc0-f0881ce5f9f2,792d7b30-a714-5d8c-8fa6-ca1c997ae6b8,SOURCED_FROM
d33b884a-9cb1-56d0-8fef-18afcf3dbca7,792d7b30-a714-5d8c-8fa6-ca1c997ae6b8,SOURCED_FROM
df075f2b-0634-5b75-8fea-2b431bd58200,792d7b30-a714-5d8c-8fa6-ca1c997ae6b8,SOURCED_FROM
3e097b85-c5c9-5564-8aa6-11cdf259dda8,792d7b30-a714-5d8c-8fa6-ca1c997ae6b8,SOURCED_FROM
f099f01e-fbe7-5c99-8156-2000997230ed,792d7b30-a714-5d8c-8fa6-ca1c997ae6b8,SOURCED_FROM
c22add5f-6c16-53a4-8c44-4cd665aff5ad,792d7b30-a714-5d8c-8fa6-ca1c997ae6b8,SOURCED_FROM
1275fd17-319b-5cde-8022-14dc28b19671,792d7b30-a714-5d8c-8fa6-ca1c997ae6b8,SOURCED_FROM
6ea7cbf4-6392-5565-83d4-516f93c3c321,792d7b30-a714-5d8c-8fa6-ca1c997ae6b8,SOURCED_FROM
768feb8b-a2fe-541b-8325-c8ee12472f44,792d7b30-a714-5d8c-8fa6-ca1c997ae6b8,SOURCED_FROM
3b19c3a3-2604-5058-84d3-3ecd871c3bba,792d7b30-a714-5d8c-8fa6-ca1c997ae6b8,SOURCED_FROM
5cbd75a6-e60d-51e3-80bc-8d33d9c7988e,792d7b30-a714-5d8c-8fa6-ca1c997ae6b8,SOURCED_FROM
85c7b596-ef09-551e-819b-dac18da31e1e,792d7b30-a714-5d8c-8fa6-ca1c997ae6b8,SOURCED_FROM
d8244986-1e66-58d6-819a-d4ee74dbca6f,792d7b30-a714-5d8c-8fa6-ca1c997ae6b8,SOURCED_FROM
ff1698bd-28fa-5b40-87f7-d88732746813,792d7b30-a714-5d8c-8fa6-ca1c997ae6b8,SOURCED_FROM
b56fae51-5f48-528c-8168-8d9f0e871a5c,792d7b30-a714-5d8c-8fa6-ca1c997ae6b8,SOURCED_FROM
e49ac44d-50f9-5e26-8429-fbbc4ea8f1a7,792d7b30-a714-5d8c-8fa6-ca1c997ae6b8,SOURCED_FROM
075f4478-294b-5b1a-8316-4fa94f34a2c6,792d7b30-a714-5d8c-8fa6-ca1c997ae6b8,SOURCED_FROM
1e651c27-f303-5899-8d4b-de51804d31eb,792d7b30-a714-5d8c-8fa6-ca1c997ae6b8,SOURCED_FROM
9f36d162-d608-5e47-826b-7742e039512f,792d7b30-a714-5d8c-8fa6-ca1c997ae6b8,SOURCED_FROM
d28f40ef-58fc-587f-8183-a53b7107cb7d,792d7b30-a714-5d8c-8fa6-ca1c997ae6b8,SOURCED_FROM
92b39647-1c2d-55f3-8454-e32f1feabb77,792d7b30-a714-5d8c-8fa6-ca1c997ae6b8,SOURCED_FROM
e73f6589-fcc3-513f-8f4f-00b1b407a31a,792d7b30-a714-5d8c-8fa6-ca1c997ae6b8,SOURCED_FROM
828c8502-5414-5f43-8478-278d8f0f69cf,792d7b30-a714-5d8c-8fa6-ca1c997ae6b8,SOURCED_FROM
f2bfc877-7d2b-5823-8d49-2508960b6bf7,792d7b30-a714-5d8c-8fa6-ca1c997ae6b8,SOURCED_FROM
feacfcdf-4c6c-5fb1-8769-504c1c806254,792d7b30-a714-5d8c-8fa6-ca1c997ae6b8,SOURCED_FROM
85b744e0-3ffc-584e-8f03-0877203fa156,792d7b30-a714-5d8c-8fa6-ca1c997ae6b8,SOURCED_FROM
ca3bb626-095d-583e-80ec-a876cbcec900,792d7b30-a714-5d8c-8fa6-ca1c997ae6b8,SOURCED_FROM
57053820-5cde-5033-8a19-e9706697c6fe,792d7b30-a714-5d8c-8fa6-ca1c997ae6b8,SOURCED_FROM
9f6ed0db-8747-51c3-8be6-b417fd4713b3,792d7b30-a714-5d8c-8fa6-ca1c997ae6b8,SOURCED_FROM
8dae0b58-2a43-5344-818a-408dc8d8c2ae,792d7b30-a714-5d8c-8fa6-ca1c997ae6b8,SOURCED_FROM
5c46782c-5aa3-5538-8090-5a8a8998d14c,792d7b30-a714-5d8c-8fa6-ca1c997ae6b8,SOURCED_FROM
74ac3aac-dec1-5a34-8eb6-01f62cbf435a,792d7b30-a714-5d8c-8fa6-ca1c997ae6b8,SOURCED_FROM
ee6b6212-d06f-5ada-8384-9d6c9a028415,792d7b30-a714-5d8c-8fa6-ca1c997ae6b8,SOURCED_FROM
9d5996d3-e516-5de6-8ab9-ca9e45a3857d,792d7b30-a714-5d8c-8fa6-ca1c997ae6b8,SOURCED_FROM
6f56cb67-d959-52ed-81cc-327d94e9a844,792d7b30-a714-5d8c-8fa6-ca1c997ae6b8,SOURCED_FROM
4c134384-670c-5a38-8ab1-4625eee8dbd6,792d7b30-a714-5d8c-8fa6-ca1c997ae6b8,SOURCED_FROM
46ea642f-f8c6-5158-8daa-c5db565cca1d,792d7b30-a714-5d8c-8fa6-ca1c997ae6b8,SOURCED_FROM
fea0c665-343f-5e04-825d-235426458ede,792d7b30-a714-5d8c-8fa6-ca1c997ae6b8,SOURCED_FROM
8c915e58-614a-5756-8d15-8b5a9ab70604,792d7b30-a714-5d8c-8fa6-ca1c997ae6b8,SOURCED_FROM
7e6a4ae5-2a91-596c-89a3-0acaff38b2f7,792d7b30-a714-5d8c-8fa6-ca1c997ae6b8,SOURCED_FROM
8cf40b95-dd37-53c7-815c-e8967dd67a89,792d7b30-a714-5d8c-8fa6-ca1c997ae6b8,SOURCED_FROM
e713bf3b-c80a-507b-8d06-60e4abb8cc5b,792d7b30-a714-5d8c-8fa6-ca1c997ae6b8,SOURCED_FROM
f816ae9f-a425-5780-8e78-1e528edb108c,792d7b30-a714-5d8c-8fa6-ca1c997ae6b8,SOURCED_FROM
e9c28f30-ef28-5b3a-8932-d1cb34f3a5ee,792d7b30-a714-5d8c-8fa6-ca1c997ae6b8,SOURCED_FROM
37f47b3c-1d98-5b64-8598-62932b957156,792d7b30-a714-5d8c-8fa6-ca1c997ae6b8,SOURCED_FROM
b014091c-fc00-5ef7-839a-47722c1e25c1,792d7b30-a714-5d8c-8fa6-ca1c997ae6b8,SOURCED_FROM
af25679e-ed99-5e96-8066-a8f0065bd71f,792d7b30-a714-5d8c-8fa6-ca1c997ae6b8,SOURCED_FROM
b9cfa675-005f-5cfe-8f26-af136ce19a4b,792d7b30-a714-5d8c-8fa6-ca1c997ae6b8,SOURCED_FROM
9640e7b5-821e-512a-8236-9d7d10400e91,792d7b30-a714-5d8c-8fa6-ca1c997ae6b8,SOURCED_FROM
16cc3c45-540f-55c9-8528-f4b50591aa16,792d7b30-a714-5d8c-8fa6-ca1c997ae6b8,SOURCED_FROM
22e3f908-826a-5084-8e91-8b53a746cd36,792d7b30-a714-5d8c-8fa6-ca1c997ae6b8,SOURCED_FROM
e6daa4eb-3ce1-5c4b-8d24-d22125284d29,792d7b30-a714-5d8c-8fa6-ca1c997ae6b8,SOURCED_FROM
d6a1578f-149e-52ce-88e4-a213e3bad3e2,792d7b30-a714-5d8c-8fa6-ca1c997ae6b8,SOURCED_FROM
2454ae97-8922-59b5-8a72-031868e4ae8b,792d7b30-a714-5d8c-8fa6-ca1c997ae6b8,SOURCED_FROM
e4d72ad7-b2fd-5dff-8f03-402b29a625e6,792d7b30-a714-5d8c-8fa6-ca1c997ae6b8,SOURCED_FROM
70992309-f0ee-5e55-8663-ee09ba06529e,792d7b30-a714-5d8c-8fa6-ca1c997ae6b8,SOURCED_FROM
d57d2aab-3257-5b80-832b-408d40475d48,792d7b30-a714-5d8c-8fa6-ca1c997ae6b8,SOURCED_FROM
d400e9f0-6753-595b-8107-5373f27dea58,792d7b30-a714-5d8c-8fa6-ca1c997ae6b8,SOURCED_FROM
6383e172-dc9e-5836-8ebc-bb1992223db6,792d7b30-a714-5d8c-8fa6-ca1c997ae6b8,SOURCED_FROM
670941e3-cb20-56d7-8df8-9d3ceb28531c,792d7b30-a714-5d8c-8fa6-ca1c997ae6b8,SOURCED_FROM
5fce7339-3bb6-5fb3-85c4-62f6862ae20a,792d7b30-a714-5d8c-8fa6-ca1c997ae6b8,SOURCED_FROM
c78e3f18-eea9-554f-8288-66527bbfc694,792d7b30-a714-5d8c-8fa6-ca1c997ae6b8,SOURCED_FROM
634dbc36-aaf0-533f-8337-d8f25064cf57,792d7b30-a714-5d8c-8fa6-ca1c997ae6b8,SOURCED_FROM
f726b5fa-ed68-5c6b-82e3-59bcfc14507b,792d7b30-a714-5d8c-8fa6-ca1c997ae6b8,SOURCED_FROM
13916be2-cf38-5c57-8d6b-8b68c03e79a5,792d7b30-a714-5d8c-8fa6-ca1c997ae6b8,SOURCED_FROM
be2fbe70-a5f6-555f-86ac-22ef4081cf6b,792d7b30-a714-5d8c-8fa6-ca1c997ae6b8,SOURCED_FROM
10d7db21-bead-53d1-8b97-2cdfcb6c523b,792d7b30-a714-5d8c-8fa6-ca1c997ae6b8,SOURCED_FROM
4cc62b94-3514-5ecc-8431-ae9f7d72c32d,792d7b30-a714-5d8c-8fa6-ca1c997ae6b8,SOURCED_FROM
857ae72d-4587-580e-8d5a-6a99053a8bdd,792d7b30-a714-5d8c-8fa6-ca1c997ae6b8,SOURCED_FROM
bc76303e-49da-52e4-8416-e69926f67365,792d7b30-a714-5d8c-8fa6-ca1c997ae6b8,SOURCED_FROM
22b5d576-1834-5fbb-8aa7-1439d2a441d9,792d7b30-a714-5d8c-8fa6-ca1c997ae6b8,SOURCED_FROM
735e1646-e601-5783-830f-0f2971d5cbbf,792d7b30-a714-5d8c-8fa6-ca1c997ae6b8,SOURCED_FROM
44f7779b-c682-544d-875e-be5bc58848b8,792d7b30-a714-5d8c-8fa6-ca1c997ae6b8,SOURCED_FROM
da328b7d-b404-5092-8821-91246e797bcb,792d7b30-a714-5d8c-8fa6-ca1c997ae6b8,SOURCED_FROM
25d6e513-b933-553b-8394-16794020dbab,792d7b30-a714-5d8c-8fa6-ca1c997ae6b8,SOURCED_FROM
079b3942-eb56-5f0c-8cc5-ea275b1e3d7a,792d7b30-a714-5d8c-8fa6-ca1c997ae6b8,SOURCED_FROM
84561355-5805-55f4-8852-418eba6fa8e4,792d7b30-a714-5d8c-8fa6-ca1c997ae6b8,SOURCED_FROM
b4c6a441-0ae6-59d8-8066-fa12179e2d50,792d7b30-a714-5d8c-8fa6-ca1c997ae6b8,SOURCED_FROM
b80be646-0f62-5743-8fb9-c7eb798d6f89,792d7b30-a714-5d8c-8fa6-ca1c997ae6b8,SOURCED_FROM
31f84573-3f1b-5d39-8bc1-e2690d492bae,792d7b30-a714-5d8c-8fa6-ca1c997ae6b8,SOURCED_FROM
6e8b3593-275c-5e63-8df6-47e42477524f,792d7b30-a714-5d8c-8fa6-ca1c997ae6b8,SOURCED_FROM
11cbe1a5-a78e-540c-88ac-13c494aae8ee,792d7b30-a714-5d8c-8fa6-ca1c997ae6b8,SOURCED_FROM
fabca5e1-0036-50a6-8555-fad922343e66,792d7b30-a714-5d8c-8fa6-ca1c997ae6b8,SOURCED_FROM
c47b4e73-b52a-56c7-859f-1211003c71f3,792d7b30-a714-5d8c-8fa6-ca1c997ae6b8,SOURCED_FROM
fdbdd970-77ca-5b9c-8510-c9fc915be066,792d7b30-a714-5d8c-8fa6-ca1c997ae6b8,SOURCED_FROM
bed2b49e-770e-5f58-812b-ae06837cac05,792d7b30-a714-5d8c-8fa6-ca1c997ae6b8,SOURCED_FROM
fc599445-5d41-5a0a-8393-5b58281cc3b5,792d7b30-a714-5d8c-8fa6-ca1c997ae6b8,SOURCED_FROM
15f48fd3-0006-5d6f-81b1-1a8fd3c0ec0a,792d7b30-a714-5d8c-8fa6-ca1c997ae6b8,SOURCED_FROM
104b7e31-d71a-5172-8f08-d97985147049,792d7b30-a714-5d8c-8fa6-ca1c997ae6b8,SOURCED_FROM
04970c2f-fd22-58fa-86ea-2da8d1bee47e,792d7b30-a714-5d8c-8fa6-ca1c997ae6b8,SOURCED_FROM
2481f8e0-3e9a-525b-80f3-3c411550f32d,792d7b30-a714-5d8c-8fa6-ca1c997ae6b8,SOURCED_FROM
d5d3ebbb-229b-50b8-8380-15c3f857f246,792d7b30-a714-5d8c-8fa6-ca1c997ae6b8,SOURCED_FROM
4e0a2399-fc06-5a21-8976-a302c78930e6,792d7b30-a714-5d8c-8fa6-ca1c997ae6b8,SOURCED_FROM
4ab5638c-78db-5833-8b74-5f05ff8e6d6c,792d7b30-a714-5d8c-8fa6-ca1c997ae6b8,SOURCED_FROM
d5e2ddd7-bf98-59d5-8155-e6b8118ab927,792d7b30-a714-5d8c-8fa6-ca1c997ae6b8,SOURCED_FROM
8bbf39a2-e6e8-5abb-82c6-1685120327e0,792d7b30-a714-5d8c-8fa6-ca1c997ae6b8,SOURCED_FROM
8e9f601a-8ee5-5122-88d7-3b073edd1473,792d7b30-a714-5d8c-8fa6-ca1c997ae6b8,SOURCED_FROM
21e23fc5-a603-5c94-88e4-a0b112a8d66e,792d7b30-a714-5d8c-8fa6-ca1c997ae6b8,SOURCED_FROM
49d5c64b-f9e6-5537-8949-fbdb8bbde4e3,792d7b30-a714-5d8c-8fa6-ca1c997ae6b8,SOURCED_FROM
1ecf8be8-5dce-51df-8dc5-ff90398e1e40,792d7b30-a714-5d8c-8fa6-ca1c997ae6b8,SOURCED_FROM
cb03e9e7-e430-5ed4-81a3-daaf6219bbc1,792d7b30-a714-5d8c-8fa6-ca1c997ae6b8,SOURCED_FROM
702d8ac5-73b2-540a-82a8-2c064a2bba46,792d7b30-a714-5d8c-8fa6-ca1c997ae6b8,SOURCED_FROM
be0963d1-9cb5-526d-8908-47fb5332ceee,792d7b30-a714-5d8c-8fa6-ca1c997ae6b8,SOURCED_FROM
8f90c1bf-aeae-5b01-866f-d139dc77ecc6,792d7b30-a714-5d8c-8fa6-ca1c997ae6b8,SOURCED_FROM
e36d4932-c69e-5f0f-8c83-0b0f63cca762,792d7b30-a714-5d8c-8fa6-ca1c997ae6b8,SOURCED_FROM
99dc512b-6dcf-5eca-8d14-d6a722065fc1,792d7b30-a714-5d8c-8fa6-ca1c997ae6b8,SOURCED_FROM
5351d6ea-2ab2-5aaa-8a1f-188b0eee1da8,792d7b30-a714-5d8c-8fa6-ca1c997ae6b8,SOURCED_FROM
e4b00f6c-f246-51ed-8672-a139b7edac38,792d7b30-a714-5d8c-8fa6-ca1c997ae6b8,SOURCED_FROM
028582b4-8f50-5c81-83f4-5778f986d2bd,792d7b30-a714-5d8c-8fa6-ca1c997ae6b8,SOURCED_FROM
5836e8b8-dc76-51b4-8320-eb6cc33522c4,792d7b30-a714-5d8c-8fa6-ca1c997ae6b8,SOURCED_FROM
e9e087b4-0fd5-5b9c-840b-8f8eceda4245,792d7b30-a714-5d8c-8fa6-ca1c997ae6b8,SOURCED_FROM
6763f858-2712-5f23-8460-8a033b1aa93c,792d7b30-a714-5d8c-8fa6-ca1c997ae6b8,SOURCED_FROM
d274d69b-936b-54db-88b0-b5601bd4f3f5,792d7b30-a714-5d8c-8fa6-ca1c997ae6b8,SOURCED_FROM
b21f3c4b-4c61-5ed1-8755-733c4fc4d197,792d7b30-a714-5d8c-8fa6-ca1c997ae6b8,SOURCED_FROM
4405010e-5b70-5da8-872a-e85b14380867,792d7b30-a714-5d8c-8fa6-ca1c997ae6b8,SOURCED_FROM
bab620f1-e57c-568f-8e78-5d5040167f5b,792d7b30-a714-5d8c-8fa6-ca1c997ae6b8,SOURCED_FROM
1a0f5368-167e-572c-8c36-07e6c525fc2f,792d7b30-a714-5d8c-8fa6-ca1c997ae6b8,SOURCED_FROM
5df259b0-ad86-5cb2-8160-895eaf6a99ae,792d7b30-a714-5d8c-8fa6-ca1c997ae6b8,SOURCED_FROM
12b7693c-d1f2-5163-8b3f-53336c43fc05,792d7b30-a714-5d8c-8fa6-ca1c997ae6b8,SOURCED_FROM
31e9d127-6b62-537e-820a-1b80eb3a3cc4,792d7b30-a714-5d8c-8fa6-ca1c997ae6b8,SOURCED_FROM
be7f7434-741a-5c99-8cbc-bdaefc4e32e3,792d7b30-a714-5d8c-8fa6-ca1c997ae6b8,SOURCED_FROM
c69d3f70-7e3e-56bc-8bef-981341f75b2a,792d7b30-a714-5d8c-8fa6-ca1c997ae6b8,SOURCED_FROM
1b21bd6f-aecb-501d-8696-2854e0847833,792d7b30-a714-5d8c-8fa6-ca1c997ae6b8,SOURCED_FROM
e332daaf-3cc5-528a-8d83-4e4cf5d0f99c,792d7b30-a714-5d8c-8fa6-ca1c997ae6b8,SOURCED_FROM
c65526b8-a3de-5ad2-8323-2d3674d432b8,792d7b30-a714-5d8c-8fa6-ca1c997ae6b8,SOURCED_FROM
d2513e62-29c1-5e38-8eb1-c2b9ef4ea054,792d7b30-a714-5d8c-8fa6-ca1c997ae6b8,SOURCED_FROM
a3a8ab51-d500-551b-8e84-9386bf9e6ef2,792d7b30-a714-5d8c-8fa6-ca1c997ae6b8,SOURCED_FROM
efda81de-18eb-541c-85b9-c18e041a1f2c,792d7b30-a714-5d8c-8fa6-ca1c997ae6b8,SOURCED_FROM
a099c3d6-5fab-56b1-8332-6539ce77d432,792d7b30-a714-5d8c-8fa6-ca1c997ae6b8,SOURCED_FROM
e35d5b88-044f-5afc-84d1-8bad00bbd89d,792d7b30-a714-5d8c-8fa6-ca1c997ae6b8,SOURCED_FROM
6b8c8272-2377-5755-8798-edcf85107fbc,792d7b30-a714-5d8c-8fa6-ca1c997ae6b8,SOURCED_FROM
157341e0-9962-514a-8e58-79b548ca60a8,792d7b30-a714-5d8c-8fa6-ca1c997ae6b8,SOURCED_FROM
c4858739-05f4-5e35-8c0f-c4a57776e82f,792d7b30-a714-5d8c-8fa6-ca1c997ae6b8,SOURCED_FROM
53f81da5-acf2-5b22-8208-b73d40d38b78,792d7b30-a714-5d8c-8fa6-ca1c997ae6b8,SOURCED_FROM
2bbea512-7a7a-52b1-8642-d852d7ea3b0e,792d7b30-a714-5d8c-8fa6-ca1c997ae6b8,SOURCED_FROM
e91814bd-d16d-5e57-83c9-38af407c4db9,792d7b30-a714-5d8c-8fa6-ca1c997ae6b8,SOURCED_FROM
5f720bd0-b037-5983-830e-b8ff9e074d5c,792d7b30-a714-5d8c-8fa6-ca1c997ae6b8,SOURCED_FROM
2e078a66-7ed3-5deb-8f8c-209432f2f822,792d7b30-a714-5d8c-8fa6-ca1c997ae6b8,SOURCED_FROM
c2bff644-e7bd-52e2-8d1e-5b276004f0ed,792d7b30-a714-5d8c-8fa6-ca1c997ae6b8,SOURCED_FROM
aab5d403-36d1-5d10-87b0-d3e64d1d78df,792d7b30-a714-5d8c-8fa6-ca1c997ae6b8,SOURCED_FROM
263bbe73-f968-51dc-8b41-e1989d04d937,792d7b30-a714-5d8c-8fa6-ca1c997ae6b8,SOURCED_FROM
451a86fb-a670-5fb8-8ad4-0c6acf778ad4,792d7b30-a714-5d8c-8fa6-ca1c997ae6b8,SOURCED_FROM
fb8dc608-b06c-5b91-8c4b-0f761a460cc4,792d7b30-a714-5d8c-8fa6-ca1c997ae6b8,SOURCED_FROM
df2f03e5-1d9a-5ba7-87fe-fea6a6dd2f36,792d7b30-a714-5d8c-8fa6-ca1c997ae6b8,SOURCED_FROM
404278b0-094f-572a-82df-9ac8ff4becda,792d7b30-a714-5d8c-8fa6-ca1c997ae6b8,SOURCED_FROM
6384689a-1ae1-59c1-8b9e-70cb4c62c8e2,792d7b30-a714-5d8c-8fa6-ca1c997ae6b8,SOURCED_FROM
e6abb41a-0905-556d-82f8-ea4d60663a1f,792d7b30-a714-5d8c-8fa6-ca1c997ae6b8,SOURCED_FROM
58d059ee-ffe3-527a-8240-1f898725aab5,792d7b30-a714-5d8c-8fa6-ca1c997ae6b8,SOURCED_FROM
958074f6-bb1c-511c-8e84-b65fb36e681c,792d7b30-a714-5d8c-8fa6-ca1c997ae6b8,SOURCED_FROM
bb9f1431-ab44-5142-8948-1f340c104205,792d7b30-a714-5d8c-8fa6-ca1c997ae6b8,SOURCED_FROM
9a4813a6-f61d-50d2-8f30-4968a1de82b0,792d7b30-a714-5d8c-8fa6-ca1c997ae6b8,SOURCED_FROM
34e88db0-52da-5d14-87f8-ba33422032fd,792d7b30-a714-5d8c-8fa6-ca1c997ae6b8,SOURCED_FROM
31453517-93d5-5a8e-8165-7022d8a8923a,792d7b30-a714-5d8c-8fa6-ca1c997ae6b8,SOURCED_FROM
eb4c64d2-08c6-5f52-8dc2-eb9d1df6e505,792d7b30-a714-5d8c-8fa6-ca1c997ae6b8,SOURCED_FROM
c6e6e3ce-5e08-5a94-8615-7b83275bfd50,792d7b30-a714-5d8c-8fa6-ca1c997ae6b8,SOURCED_FROM
8cae0ac0-992b-57f7-8b9b-6f611ae32a47,792d7b30-a714-5d8c-8fa6-ca1c997ae6b8,SOURCED_FROM
396f3a40-9769-5de0-8d11-3651f17c0e84,792d7b30-a714-5d8c-8fa6-ca1c997ae6b8,SOURCED_FROM
5d14fc29-5902-5f67-859c-06e11412a4ba,792d7b30-a714-5d8c-8fa6-ca1c997ae6b8,SOURCED_FROM
ae9c1676-f4d7-58e9-826e-20983579e76e,792d7b30-a714-5d8c-8fa6-ca1c997ae6b8,SOURCED_FROM
090e3fb9-fbc6-55e0-83a8-f0d75df1c39e,792d7b30-a714-5d8c-8fa6-ca1c997ae6b8,SOURCED_FROM
8653ef4f-f715-536d-8bfa-f178a940ca11,792d7b30-a714-5d8c-8fa6-ca1c997ae6b8,SOURCED_FROM
cfe48e80-7634-53e6-81b3-e6bcb4ecb46f,792d7b30-a714-5d8c-8fa6-ca1c997ae6b8,SOURCED_FROM
a7f1ebd2-4f7d-542b-805a-a3c1a4f5914f,792d7b30-a714-5d8c-8fa6-ca1c997ae6b8,SOURCED_FROM
c04b1e95-9c3b-5eb3-825f-ce8515235430,792d7b30-a714-5d8c-8fa6-ca1c997ae6b8,SOURCED_FROM
6afb6bcb-c5d6-5883-8191-84da6ae74ca1,792d7b30-a714-5d8c-8fa6-ca1c997ae6b8,SOURCED_FROM
1c2135c9-9804-590b-8dda-fc0328a6fe6e,792d7b30-a714-5d8c-8fa6-ca1c997ae6b8,SOURCED_FROM
aaaee7e2-cfa3-5dc2-8e25-63564f9619e4,792d7b30-a714-5d8c-8fa6-ca1c997ae6b8,SOURCED_FROM
aaad83ac-5c50-5475-8a88-553b8637f9ad,792d7b30-a714-5d8c-8fa6-ca1c997ae6b8,SOURCED_FROM
7475fd73-1b0a-5e23-8118-17d2d98c78ea,792d7b30-a714-5d8c-8fa6-ca1c997ae6b8,SOURCED_FROM
b34c72ad-e416-54d5-8d6c-d2b0e2c49ec6,792d7b30-a714-5d8c-8fa6-ca1c997ae6b8,SOURCED_FROM
3bccde2f-cf25-5251-810f-c94b2ca00590,792d7b30-a714-5d8c-8fa6-ca1c997ae6b8,SOURCED_FROM
9c686d38-3d9b-5da9-8cbb-f958bbab69e5,792d7b30-a714-5d8c-8fa6-ca1c997ae6b8,SOURCED_FROM
c5650f45-5028-5d35-8959-8fd877b97fa8,792d7b30-a714-5d8c-8fa6-ca1c997ae6b8,SOURCED_FROM
8216a5de-c365-5c22-8971-55a0c3912fc0,792d7b30-a714-5d8c-8fa6-ca1c997ae6b8,SOURCED_FROM
ee143ad8-13f5-56df-8a38-f32da24bfa59,792d7b30-a714-5d8c-8fa6-ca1c997ae6b8,SOURCED_FROM
840e2113-bc46-5b59-8bff-5ecd234077d0,792d7b30-a714-5d8c-8fa6-ca1c997ae6b8,SOURCED_FROM
96d3e88a-2b9c-5d15-807f-83d6cde39d15,792d7b30-a714-5d8c-8fa6-ca1c997ae6b8,SOURCED_FROM
d8cf7b47-2a3d-58c4-8fcd-5b8c8aa0b2ed,792d7b30-a714-5d8c-8fa6-ca1c997ae6b8,SOURCED_FROM
b81c5a40-a5f8-56f1-8d65-474b26f3af03,792d7b30-a714-5d8c-8fa6-ca1c997ae6b8,SOURCED_FROM
e8d99ac4-bc3b-5083-878b-3ab309d5d0ba,792d7b30-a714-5d8c-8fa6-ca1c997ae6b8,SOURCED_FROM
4ccd216d-730f-5355-890b-8acc58592a81,792d7b30-a714-5d8c-8fa6-ca1c997ae6b8,SOURCED_FROM
77c99ec5-c473-5edf-8dca-c2d2ab208efb,792d7b30-a714-5d8c-8fa6-ca1c997ae6b8,SOURCED_FROM
d2c69c43-7a7d-5236-877c-730d2475031b,792d7b30-a714-5d8c-8fa6-ca1c997ae6b8,SOURCED_FROM
a199f3fb-98d7-58b9-8a1e-96ab7fc77067,792d7b30-a714-5d8c-8fa6-ca1c997ae6b8,SOURCED_FROM
7f90bc86-1ca4-5a27-8e08-9644798e1b25,792d7b30-a714-5d8c-8fa6-ca1c997ae6b8,SOURCED_FROM
d3e8935a-e2fe-59cc-8e9f-9da5d62901c6,792d7b30-a714-5d8c-8fa6-ca1c997ae6b8,SOURCED_FROM
5af4282b-a218-51db-8bb0-a05373f2fefd,792d7b30-a714-5d8c-8fa6-ca1c997ae6b8,SOURCED_FROM
be40e19c-90b9-5351-8fca-3634043bc6ec,792d7b30-a714-5d8c-8fa6-ca1c997ae6b8,SOURCED_FROM
328141c4-d6c6-55e1-8b42-04a3fa0d754b,792d7b30-a714-5d8c-8fa6-ca1c997ae6b8,SOURCED_FROM
03eedce6-5a17-5f31-8b5f-76b371dd4f1b,792d7b30-a714-5d8c-8fa6-ca1c997ae6b8,SOURCED_FROM
3f782ab8-6f00-57ef-8d3e-a0d1df4d0d89,792d7b30-a714-5d8c-8fa6-ca1c997ae6b8,SOURCED_FROM
446e4c31-bfa0-5163-8c60-2778487c3afa,792d7b30-a714-5d8c-8fa6-ca1c997ae6b8,SOURCED_FROM
5726ae96-3889-5f56-84c3-5bf0a3e5f16f,792d7b30-a714-5d8c-8fa6-ca1c997ae6b8,SOURCED_FROM
d59ab75c-320c-5273-8638-e3e926c0189e,792d7b30-a714-5d8c-8fa6-ca1c997ae6b8,SOURCED_FROM
a8018c46-181e-58ea-81b8-5c90588d19c5,792d7b30-a714-5d8c-8fa6-ca1c997ae6b8,SOURCED_FROM
c0e86dc5-cb6d-53c4-8dda-5c268902cd70,792d7b30-a714-5d8c-8fa6-ca1c997ae6b8,SOURCED_FROM
372b0516-e49e-5392-8a79-cc48daa7bfd6,792d7b30-a714-5d8c-8fa6-ca1c997ae6b8,SOURCED_FROM
1b3a296a-c895-5eb8-8e2e-455a70190d5b,792d7b30-a714-5d8c-8fa6-ca1c997ae6b8,SOURCED_FROM
151b3d2f-bd14-54a9-8574-679a3df9d250,792d7b30-a714-5d8c-8fa6-ca1c997ae6b8,SOURCED_FROM
91c024e7-82a8-5f2f-8b80-28d97b967704,792d7b30-a714-5d8c-8fa6-ca1c997ae6b8,SOURCED_FROM
87f5a50d-fd98-53e5-8751-bb7b91081a37,792d7b30-a714-5d8c-8fa6-ca1c997ae6b8,SOURCED_FROM
acccddc8-2c36-50da-8b84-e1355b59aa3e,792d7b30-a714-5d8c-8fa6-ca1c997ae6b8,SOURCED_FROM
3ee42748-62ec-5bc3-833c-7d850187f9a9,792d7b30-a714-5d8c-8fa6-ca1c997ae6b8,SOURCED_FROM
c12de3a5-ed82-5737-84aa-ddf9e43e6a90,792d7b30-a714-5d8c-8fa6-ca1c997ae6b8,SOURCED_FROM
c053809a-b74e-5534-89fd-736be4cd56f2,792d7b30-a714-5d8c-8fa6-ca1c997ae6b8,SOURCED_FROM
622c9f0e-6839-5844-8588-326b7d735e39,792d7b30-a714-5d8c-8fa6-ca1c997ae6b8,SOURCED_FROM
ade6c103-eea4-595a-8e5d-3c4d890b1b2b,792d7b30-a714-5d8c-8fa6-ca1c997ae6b8,SOURCED_FROM
ee495523-fe89-5add-835f-507b56292c09,792d7b30-a714-5d8c-8fa6-ca1c997ae6b8,SOURCED_FROM
48a1504c-ebc9-538c-8f7f-3127c8bcee32,792d7b30-a714-5d8c-8fa6-ca1c997ae6b8,SOURCED_FROM
537f07fd-5170-5514-8e7c-7b74d6b58be4,792d7b30-a714-5d8c-8fa6-ca1c997ae6b8,SOURCED_FROM
a7ed47be-cec5-576e-8062-30618e660213,792d7b30-a714-5d8c-8fa6-ca1c997ae6b8,SOURCED_FROM
b43169d7-2673-5121-8805-8f2f169d6275,792d7b30-a714-5d8c-8fa6-ca1c997ae6b8,SOURCED_FROM
5c917798-13ff-5081-885f-6689b90941ef,792d7b30-a714-5d8c-8fa6-ca1c997ae6b8,SOURCED_FROM
de5153db-a3c9-5e6b-8b43-1d84c217c1da,792d7b30-a714-5d8c-8fa6-ca1c997ae6b8,SOURCED_FROM
3389567e-5e69-5dbe-810a-4cc2c7b9b973,792d7b30-a714-5d8c-8fa6-ca1c997ae6b8,SOURCED_FROM
f159dc64-9d57-5d88-85c9-d975f8e41a95,792d7b30-a714-5d8c-8fa6-ca1c997ae6b8,SOURCED_FROM
7fc8ac93-d84e-5d20-8a61-2d5418b4659a,792d7b30-a714-5d8c-8fa6-ca1c997ae6b8,SOURCED_FROM
c796f175-78a3-5ef0-853b-681afb1dd215,792d7b30-a714-5d8c-8fa6-ca1c997ae6b8,SOURCED_FROM
07e15403-5062-51b7-8741-9aa3bc6d226b,792d7b30-a714-5d8c-8fa6-ca1c997ae6b8,SOURCED_FROM
b59640a6-d030-5b0c-85ee-2fe046003d46,792d7b30-a714-5d8c-8fa6-ca1c997ae6b8,SOURCED_FROM
acbfbaaf-78f6-5cb9-8161-8ea9cffa0ef8,792d7b30-a714-5d8c-8fa6-ca1c997ae6b8,SOURCED_FROM
28232fdd-8226-5167-8acc-d1e9fc2d88d8,792d7b30-a714-5d8c-8fa6-ca1c997ae6b8,SOURCED_FROM
542a4757-a48f-5e4f-8b67-0a18ca433066,792d7b30-a714-5d8c-8fa6-ca1c997ae6b8,SOURCED_FROM
5aadb07e-6731-509e-8c73-dac3efee2443,792d7b30-a714-5d8c-8fa6-ca1c997ae6b8,SOURCED_FROM
54220431-11aa-56b2-8e08-3e160afac65f,792d7b30-a714-5d8c-8fa6-ca1c997ae6b8,SOURCED_FROM
09651ac3-9338-5ba8-8489-f654ae14f39f,792d7b30-a714-5d8c-8fa6-ca1c997ae6b8,SOURCED_FROM
2f1862d0-fef8-5b35-8032-5c3854cf8157,792d7b30-a714-5d8c-8fa6-ca1c997ae6b8,SOURCED_FROM
9a1bbb72-c53c-5cb1-8b4d-f1dd81e205fb,792d7b30-a714-5d8c-8fa6-ca1c997ae6b8,SOURCED_FROM
80026322-7c20-5bdf-8259-bcb908cafbb9,792d7b30-a714-5d8c-8fa6-ca1c997ae6b8,SOURCED_FROM
296fef83-c20b-5ccc-8ac0-832a6de3cbd0,792d7b30-a714-5d8c-8fa6-ca1c997ae6b8,SOURCED_FROM
1668ae47-f65d-536e-82a5-124604811e1d,792d7b30-a714-5d8c-8fa6-ca1c997ae6b8,SOURCED_FROM
8c1240d2-7285-5488-8aeb-33c524525f56,792d7b30-a714-5d8c-8fa6-ca1c997ae6b8,SOURCED_FROM
d664b3eb-b3ee-5b66-84db-dee37c055583,792d7b30-a714-5d8c-8fa6-ca1c997ae6b8,SOURCED_FROM
9cd7d3c9-2fbb-579b-8698-7c66bb5245ee,792d7b30-a714-5d8c-8fa6-ca1c997ae6b8,SOURCED_FROM
81004d48-228d-5ca9-8cd8-c059c72bdd39,792d7b30-a714-5d8c-8fa6-ca1c997ae6b8,SOURCED_FROM
4cbc7d01-07d6-5cc1-8579-439035e8578b,792d7b30-a714-5d8c-8fa6-ca1c997ae6b8,SOURCED_FROM
29246f5f-70c4-5828-888f-3266733da90d,792d7b30-a714-5d8c-8fa6-ca1c997ae6b8,SOURCED_FROM
27813e17-4f66-587c-8836-71e835aa7cb5,792d7b30-a714-5d8c-8fa6-ca1c997ae6b8,SOURCED_FROM
41b02085-91cd-5ce7-82dd-1de1f1383683,792d7b30-a714-5d8c-8fa6-ca1c997ae6b8,SOURCED_FROM
0a7c2274-a813-5cd1-8c2c-ca4d07517177,792d7b30-a714-5d8c-8fa6-ca1c997ae6b8,SOURCED_FROM
a6aef12e-2257-53bb-8382-9e96b9bb30e0,792d7b30-a714-5d8c-8fa6-ca1c997ae6b8,SOURCED_FROM
8d516c84-bd20-50b7-829b-03dfffa73914,792d7b30-a714-5d8c-8fa6-ca1c997ae6b8,SOURCED_FROM
3747292e-d682-5134-8a2e-abe846afe793,792d7b30-a714-5d8c-8fa6-ca1c997ae6b8,SOURCED_FROM
743f91b5-56f9-5f6d-867e-c80041ccc4d9,792d7b30-a714-5d8c-8fa6-ca1c997ae6b8,SOURCED_FROM
96ead33b-14ef-51ef-84a1-eb2d13128cef,792d7b30-a714-5d8c-8fa6-ca1c997ae6b8,SOURCED_FROM
5316aa94-cb05-57ed-8ed6-8565e421a79a,792d7b30-a714-5d8c-8fa6-ca1c997ae6b8,SOURCED_FROM
a64f5a75-4daf-5227-80fa-9f5641fbe392,792d7b30-a714-5d8c-8fa6-ca1c997ae6b8,SOURCED_FROM
631ba437-6052-5d7f-8901-935902ae1da8,792d7b30-a714-5d8c-8fa6-ca1c997ae6b8,SOURCED_FROM
5aadc412-4f99-5e5a-8f67-fe46a31b4de6,792d7b30-a714-5d8c-8fa6-ca1c997ae6b8,SOURCED_FROM
65f2a1cd-918e-5dea-8623-51ae5f8d7877,792d7b30-a714-5d8c-8fa6-ca1c997ae6b8,SOURCED_FROM
0db38135-5503-5a9b-8a9c-cc1a617c2e8a,792d7b30-a714-5d8c-8fa6-ca1c997ae6b8,SOURCED_FROM
61002caa-ac07-51a1-82a3-c49cc169a318,792d7b30-a714-5d8c-8fa6-ca1c997ae6b8,SOURCED_FROM
88451178-77e9-59fa-8a7e-fd1fa4748084,792d7b30-a714-5d8c-8fa6-ca1c997ae6b8,SOURCED_FROM
7a627e7c-0d9d-58f7-82db-0e446f147e4f,792d7b30-a714-5d8c-8fa6-ca1c997ae6b8,SOURCED_FROM
e8738a85-b761-5598-841c-9f9aec4aa62a,792d7b30-a714-5d8c-8fa6-ca1c997ae6b8,SOURCED_FROM
57fdd055-b99a-50e5-817e-46be6478dbf5,792d7b30-a714-5d8c-8fa6-ca1c997ae6b8,SOURCED_FROM
4c8277c9-8e67-5811-8d68-ccee387412a0,792d7b30-a714-5d8c-8fa6-ca1c997ae6b8,SOURCED_FROM
7baf255d-3a4f-57f1-8f1c-9630b449ce7b,792d7b30-a714-5d8c-8fa6-ca1c997ae6b8,SOURCED_FROM
4c27bc0b-6b92-5b94-87e2-0ab0a3c314f8,792d7b30-a714-5d8c-8fa6-ca1c997ae6b8,SOURCED_FROM
0cd6bb35-b226-5c60-8286-062f610d920e,792d7b30-a714-5d8c-8fa6-ca1c997ae6b8,SOURCED_FROM
40f7484e-4103-5f60-89b2-cce529882d53,792d7b30-a714-5d8c-8fa6-ca1c997ae6b8,SOURCED_FROM
170d15bb-0610-5531-8457-b7e082d8f2df,792d7b30-a714-5d8c-8fa6-ca1c997ae6b8,SOURCED_FROM
33d098c5-21c4-5a1b-87a2-4f4b57126b23,792d7b30-a714-5d8c-8fa6-ca1c997ae6b8,SOURCED_FROM
1bfd197a-20a7-5f58-8380-77d524e8f64e,792d7b30-a714-5d8c-8fa6-ca1c997ae6b8,SOURCED_FROM
dae46d73-18bd-5656-8b72-3c2ea6a86831,792d7b30-a714-5d8c-8fa6-ca1c997ae6b8,SOURCED_FROM
89a1d495-c8c9-5bc8-89a4-32de172e606a,792d7b30-a714-5d8c-8fa6-ca1c997ae6b8,SOURCED_FROM
3120ebb9-4963-53a8-8bab-495a0c9dc515,792d7b30-a714-5d8c-8fa6-ca1c997ae6b8,SOURCED_FROM
c2ccfa43-f76e-516b-8914-7d43ea4625c1,792d7b30-a714-5d8c-8fa6-ca1c997ae6b8,SOURCED_FROM
86bc5423-6a6e-5df3-896c-3c2061f7ac30,792d7b30-a714-5d8c-8fa6-ca1c997ae6b8,SOURCED_FROM
b25cc9dd-f998-53d4-899d-1c7a7c3b5aa8,792d7b30-a714-5d8c-8fa6-ca1c997ae6b8,SOURCED_FROM
12bbfb7a-99e6-589a-8e38-1c985320516c,792d7b30-a714-5d8c-8fa6-ca1c997ae6b8,SOURCED_FROM
bb23563c-8fa2-5acb-8cd5-2bdec89faef8,792d7b30-a714-5d8c-8fa6-ca1c997ae6b8,SOURCED_FROM
0228d07d-8de1-5875-8dac-5a0fda3f240d,792d7b30-a714-5d8c-8fa6-ca1c997ae6b8,SOURCED_FROM
f7a67520-7dbc-5ca9-8b9a-84c19a419308,792d7b30-a714-5d8c-8fa6-ca1c997ae6b8,SOURCED_FROM
0c0d3442-e459-5565-88a2-aa4faeac0b37,792d7b30-a714-5d8c-8fa6-ca1c997ae6b8,SOURCED_FROM
d7b5854b-59db-5de6-86fd-613164b9509e,792d7b30-a714-5d8c-8fa6-ca1c997ae6b8,SOURCED_FROM
15b2824a-73e2-5ef6-80a2-06c9c0b91667,792d7b30-a714-5d8c-8fa6-ca1c997ae6b8,SOURCED_FROM
63ecd4ab-8930-5512-885c-d667372c3069,792d7b30-a714-5d8c-8fa6-ca1c997ae6b8,SOURCED_FROM
c357864e-58a1-5159-80f8-4ba7f8412ca9,792d7b30-a714-5d8c-8fa6-ca1c997ae6b8,SOURCED_FROM
65b8643f-bf2d-5a83-8503-67211bb00db7,792d7b30-a714-5d8c-8fa6-ca1c997ae6b8,SOURCED_FROM
9f23d3b8-9012-5766-84e5-41bb73b95a35,792d7b30-a714-5d8c-8fa6-ca1c997ae6b8,SOURCED_FROM
963b31ba-03e6-5006-8b31-424d5c3d5173,792d7b30-a714-5d8c-8fa6-ca1c997ae6b8,SOURCED_FROM
70cccc5f-c7e9-5a44-8ec9-7c5d5ad37498,792d7b30-a714-5d8c-8fa6-ca1c997ae6b8,SOURCED_FROM
1574e11b-0c3d-5ad5-800c-d67699828e80,792d7b30-a714-5d8c-8fa6-ca1c997ae6b8,SOURCED_FROM
1b16914c-bc2c-588e-8767-b968ca69d2f7,792d7b30-a714-5d8c-8fa6-ca1c997ae6b8,SOURCED_FROM
2f8fc893-6cb7-5208-8ca3-7fccc68f766f,792d7b30-a714-5d8c-8fa6-ca1c997ae6b8,SOURCED_FROM
50f08d8c-3da8-53e5-807a-85cf57ac017b,792d7b30-a714-5d8c-8fa6-ca1c997ae6b8,SOURCED_FROM
b544552f-85f0-53d1-86b6-ff980afe3534,792d7b30-a714-5d8c-8fa6-ca1c997ae6b8,SOURCED_FROM
6316f13b-ee8f-5d77-8a6e-ed97ea74dba2,792d7b30-a714-5d8c-8fa6-ca1c997ae6b8,SOURCED_FROM
01fe29ec-82f2-5f28-8283-5036a4ab93c6,792d7b30-a714-5d8c-8fa6-ca1c997ae6b8,SOURCED_FROM
81dfbf7e-cace-56a4-8d55-656541d034e0,792d7b30-a714-5d8c-8fa6-ca1c997ae6b8,SOURCED_FROM
390b6515-35e8-556b-8876-138949cd3c22,792d7b30-a714-5d8c-8fa6-ca1c997ae6b8,SOURCED_FROM
764e5d35-9b40-5f29-8dc1-6f3a7c2c16b3,792d7b30-a714-5d8c-8fa6-ca1c997ae6b8,SOURCED_FROM
8ea8789f-3d34-5707-83f6-8d37e624aca3,792d7b30-a714-5d8c-8fa6-ca1c997ae6b8,SOURCED_FROM
1a73e98e-7ea0-533a-86ca-a2afd6e20758,792d7b30-a714-5d8c-8fa6-ca1c997ae6b8,SOURCED_FROM
45600fcd-5e21-54df-8c31-61591172b67a,792d7b30-a714-5d8c-8fa6-ca1c997ae6b8,SOURCED_FROM
7d4197fd-1395-5d3b-87dd-11a3c284d770,792d7b30-a714-5d8c-8fa6-ca1c997ae6b8,SOURCED_FROM
bfb932cf-0f77-5bce-8a29-454e7241a8f0,792d7b30-a714-5d8c-8fa6-ca1c997ae6b8,SOURCED_FROM
35c7fafd-8988-5197-8bd5-b89b58453d27,792d7b30-a714-5d8c-8fa6-ca1c997ae6b8,SOURCED_FROM
bcb24916-4c84-58af-82d7-22fc70788f55,792d7b30-a714-5d8c-8fa6-ca1c997ae6b8,SOURCED_FROM
2597612d-d44f-5913-8d31-56f13f0e13e2,792d7b30-a714-5d8c-8fa6-ca1c997ae6b8,SOURCED_FROM
eccbae26-c872-54f5-844a-e1f528e41310,792d7b30-a714-5d8c-8fa6-ca1c997ae6b8,SOURCED_FROM
a59a892f-cfae-573b-8382-bf39a0b8b6e1,792d7b30-a714-5d8c-8fa6-ca1c997ae6b8,SOURCED_FROM
397acdd8-bd01-569d-8eec-a1e021052821,792d7b30-a714-5d8c-8fa6-ca1c997ae6b8,SOURCED_FROM
438f9ee8-c677-5094-838b-fc8a18d1a0cf,792d7b30-a714-5d8c-8fa6-ca1c997ae6b8,SOURCED_FROM
3cbccb50-ce14-536f-82d8-694193896130,792d7b30-a714-5d8c-8fa6-ca1c997ae6b8,SOURCED_FROM
24ab5e54-d6d6-5147-84bd-b145cace40f3,792d7b30-a714-5d8c-8fa6-ca1c997ae6b8,SOURCED_FROM
d67ccbda-7abe-50f1-8814-1fc1b4fc31e2,792d7b30-a714-5d8c-8fa6-ca1c997ae6b8,SOURCED_FROM
a551d011-32fd-5eac-82f7-6f3ef9b3ffef,792d7b30-a714-5d8c-8fa6-ca1c997ae6b8,SOURCED_FROM
a7fb868b-051c-56b7-8ea4-3056fe0c148c,792d7b30-a714-5d8c-8fa6-ca1c997ae6b8,SOURCED_FROM
993adb59-6f17-5a30-898e-e86930abb796,792d7b30-a714-5d8c-8fa6-ca1c997ae6b8,SOURCED_FROM
0327a57e-d956-5c8c-87e4-7f2b1307c49d,792d7b30-a714-5d8c-8fa6-ca1c997ae6b8,SOURCED_FROM
a5917db9-d66c-57c9-87b8-11291f5aa87c,792d7b30-a714-5d8c-8fa6-ca1c997ae6b8,SOURCED_FROM
b250de79-97f4-5efa-8791-dda6bb34559d,792d7b30-a714-5d8c-8fa6-ca1c997ae6b8,SOURCED_FROM
64180c3d-8a4a-5a05-8b2a-583d1eb4210d,792d7b30-a714-5d8c-8fa6-ca1c997ae6b8,SOURCED_FROM
7943d658-b205-5775-8e9a-d72551eed209,792d7b30-a714-5d8c-8fa6-ca1c997ae6b8,SOURCED_FROM
edd1a108-bf59-502e-81f7-452be57368b7,792d7b30-a714-5d8c-8fa6-ca1c997ae6b8,SOURCED_FROM
d14407b7-6f19-5d67-8b2b-200ed53fef20,792d7b30-a714-5d8c-8fa6-ca1c997ae6b8,SOURCED_FROM
eddea22a-0de5-5b13-83c6-ae6c2e1846a4,792d7b30-a714-5d8c-8fa6-ca1c997ae6b8,SOURCED_FROM
eb9b9c6a-0a1d-5533-874c-5b3d017f16b3,792d7b30-a714-5d8c-8fa6-ca1c997ae6b8,SOURCED_FROM
6b381f07-a540-5117-862f-5a2f483433cc,792d7b30-a714-5d8c-8fa6-ca1c997ae6b8,SOURCED_FROM
05003f1b-5e4d-548c-8010-289ce38df451,792d7b30-a714-5d8c-8fa6-ca1c997ae6b8,SOURCED_FROM
166761e8-6196-5831-86ad-f360b9868bd8,792d7b30-a714-5d8c-8fa6-ca1c997ae6b8,SOURCED_FROM
9e4c41ec-32aa-5e78-8dce-1860cdad28e1,792d7b30-a714-5d8c-8fa6-ca1c997ae6b8,SOURCED_FROM
8217bb15-9e33-5c59-876f-6a03045e65e2,792d7b30-a714-5d8c-8fa6-ca1c997ae6b8,SOURCED_FROM
303e2434-f12a-5b07-8a43-13f69329c360,792d7b30-a714-5d8c-8fa6-ca1c997ae6b8,SOURCED_FROM
8ad4a560-aaff-5da7-8808-5fb54dff4f52,792d7b30-a714-5d8c-8fa6-ca1c997ae6b8,SOURCED_FROM
3c978f80-064d-5242-8633-8b73de856695,792d7b30-a714-5d8c-8fa6-ca1c997ae6b8,SOURCED_FROM
ae5d6c7d-86a2-5fc6-8a83-eabdac31b404,792d7b30-a714-5d8c-8fa6-ca1c997ae6b8,SOURCED_FROM
c91649fb-257f-5a1f-84c1-f2eb47023295,792d7b30-a714-5d8c-8fa6-ca1c997ae6b8,SOURCED_FROM
e6605229-e546-5859-81cb-c320fc5baee6,792d7b30-a714-5d8c-8fa6-ca1c997ae6b8,SOURCED_FROM
5e05c37c-d016-515d-8660-8887f8d753bc,792d7b30-a714-5d8c-8fa6-ca1c997ae6b8,SOURCED_FROM
3945e4f0-bb4b-5fc6-8227-ec320045c504,792d7b30-a714-5d8c-8fa6-ca1c997ae6b8,SOURCED_FROM
fa35a7f4-753e-584d-82fa-e5433cbfa913,792d7b30-a714-5d8c-8fa6-ca1c997ae6b8,SOURCED_FROM
b9137fba-59d1-54c9-87ed-558cbb3af692,792d7b30-a714-5d8c-8fa6-ca1c997ae6b8,SOURCED_FROM
3b53a125-2e9a-5436-846c-90ce4081b562,792d7b30-a714-5d8c-8fa6-ca1c997ae6b8,SOURCED_FROM
ef30deae-20ef-5912-831a-778fa1ab0c04,792d7b30-a714-5d8c-8fa6-ca1c997ae6b8,SOURCED_FROM
12046b70-9c1c-5854-8719-dc800a72be53,792d7b30-a714-5d8c-8fa6-ca1c997ae6b8,SOURCED_FROM
4c0ac9be-060d-5df6-8536-aaa8e28724e9,792d7b30-a714-5d8c-8fa6-ca1c997ae6b8,SOURCED_FROM
e19f3580-79fb-54ab-8642-6a278e057a55,792d7b30-a714-5d8c-8fa6-ca1c997ae6b8,SOURCED_FROM
e7a8c43a-51ad-584f-830d-7c6364f01602,792d7b30-a714-5d8c-8fa6-ca1c997ae6b8,SOURCED_FROM
8d5127b6-ac51-57d7-864b-eb451918ccf3,792d7b30-a714-5d8c-8fa6-ca1c997ae6b8,SOURCED_FROM
43bd46f5-a4c3-5ede-84ec-416ff01567e3,792d7b30-a714-5d8c-8fa6-ca1c997ae6b8,SOURCED_FROM
74e035e8-7228-5ace-8297-e62ba140f105,792d7b30-a714-5d8c-8fa6-ca1c997ae6b8,SOURCED_FROM
298e1720-06d9-5462-838d-d72b82da72c7,792d7b30-a714-5d8c-8fa6-ca1c997ae6b8,SOURCED_FROM
db8adb32-ebeb-56cd-83c2-c3bf753c4155,792d7b30-a714-5d8c-8fa6-ca1c997ae6b8,SOURCED_FROM
8821fcba-dce1-5408-81ef-3aee97847d99,792d7b30-a714-5d8c-8fa6-ca1c997ae6b8,SOURCED_FROM
fdbf4831-b127-5813-83a0-b0b398a489c0,792d7b30-a714-5d8c-8fa6-ca1c997ae6b8,SOURCED_FROM
12fd45ea-cf39-5ffd-870e-1b8aab5acc11,792d7b30-a714-5d8c-8fa6-ca1c997ae6b8,SOURCED_FROM
2926d2a0-b193-51e7-8ca4-bc55b32e2800,792d7b30-a714-5d8c-8fa6-ca1c997ae6b8,SOURCED_FROM
8c5fee88-9e59-51b0-806f-de724a1c9275,792d7b30-a714-5d8c-8fa6-ca1c997ae6b8,SOURCED_FROM
492f92af-b0a0-5bba-8363-5ab0e98564c7,792d7b30-a714-5d8c-8fa6-ca1c997ae6b8,SOURCED_FROM
94687c33-49e1-540d-889e-ba90efdc6510,792d7b30-a714-5d8c-8fa6-ca1c997ae6b8,SOURCED_FROM
375e7a8d-aefa-5edb-8d6a-0692f78c1e16,792d7b30-a714-5d8c-8fa6-ca1c997ae6b8,SOURCED_FROM
8f6391ed-8097-5d80-89b6-c43a5d35094e,792d7b30-a714-5d8c-8fa6-ca1c997ae6b8,SOURCED_FROM
de30402a-74e2-578d-8975-049274c68813,792d7b30-a714-5d8c-8fa6-ca1c997ae6b8,SOURCED_FROM
e643d888-3f47-5671-8a06-ab2fbfda065b,792d7b30-a714-5d8c-8fa6-ca1c997ae6b8,SOURCED_FROM
b771d5e1-84fa-51fd-8413-0812bdaf79c8,792d7b30-a714-5d8c-8fa6-ca1c997ae6b8,SOURCED_FROM
be167c11-ddac-5b55-8f9c-23dd05aae135,792d7b30-a714-5d8c-8fa6-ca1c997ae6b8,SOURCED_FROM
64642383-1350-5f0d-8685-1e4cef449bab,792d7b30-a714-5d8c-8fa6-ca1c997ae6b8,SOURCED_FROM
97673502-512a-5cae-8a39-0604db950ef5,792d7b30-a714-5d8c-8fa6-ca1c997ae6b8,SOURCED_FROM
b892264d-9bb4-5cfb-8c10-438638eaf19a,792d7b30-a714-5d8c-8fa6-ca1c997ae6b8,SOURCED_FROM
5b5e74c0-c3f3-5b40-8809-b54a5bfaeb41,792d7b30-a714-5d8c-8fa6-ca1c997ae6b8,SOURCED_FROM
aaebf106-58dc-546f-8ad7-02308eb074f9,792d7b30-a714-5d8c-8fa6-ca1c997ae6b8,SOURCED_FROM
0abac7c5-25b7-5ddb-873c-c007e5baf506,792d7b30-a714-5d8c-8fa6-ca1c997ae6b8,SOURCED_FROM
a7b23106-a685-5937-8d74-2e509b6163f3,792d7b30-a714-5d8c-8fa6-ca1c997ae6b8,SOURCED_FROM
260ba42b-8e4c-5d81-8489-14d7102a06bf,792d7b30-a714-5d8c-8fa6-ca1c997ae6b8,SOURCED_FROM
f9fcfdf8-9946-5b79-8411-89d1fd642c0c,792d7b30-a714-5d8c-8fa6-ca1c997ae6b8,SOURCED_FROM
f265f905-0d1e-58b5-8d76-947ed77a2f11,792d7b30-a714-5d8c-8fa6-ca1c997ae6b8,SOURCED_FROM
45578ce1-d867-511b-8205-9552db29aecf,792d7b30-a714-5d8c-8fa6-ca1c997ae6b8,SOURCED_FROM
74d58791-3fec-59cb-8e16-d712ac8f866c,792d7b30-a714-5d8c-8fa6-ca1c997ae6b8,SOURCED_FROM
f3cd823e-e2af-5ab2-892e-919ee195b829,792d7b30-a714-5d8c-8fa6-ca1c997ae6b8,SOURCED_FROM
5f1c53c9-f06f-5886-8e55-370bb4043778,792d7b30-a714-5d8c-8fa6-ca1c997ae6b8,SOURCED_FROM
03aa0008-173f-5c03-80ea-0e769c7ddb40,792d7b30-a714-5d8c-8fa6-ca1c997ae6b8,SOURCED_FROM
671711e0-2634-5bf7-8500-ec6cda77e212,792d7b30-a714-5d8c-8fa6-ca1c997ae6b8,SOURCED_FROM
45070578-7d9f-545c-8d46-54d575e7f556,792d7b30-a714-5d8c-8fa6-ca1c997ae6b8,SOURCED_FROM
3c4a875d-65fc-525d-8d5a-042c8d4b1bcf,792d7b30-a714-5d8c-8fa6-ca1c997ae6b8,SOURCED_FROM
f6e5e85b-b3eb-54ae-869e-8800d374d098,792d7b30-a714-5d8c-8fa6-ca1c997ae6b8,SOURCED_FROM
2b515a18-6956-5ac6-8d1c-ecd9967a783f,792d7b30-a714-5d8c-8fa6-ca1c997ae6b8,SOURCED_FROM
42a222a8-3a63-517a-8537-6368f727b5bf,792d7b30-a714-5d8c-8fa6-ca1c997ae6b8,SOURCED_FROM
a474c4ce-0359-5bae-8d29-fbe0770fb126,792d7b30-a714-5d8c-8fa6-ca1c997ae6b8,SOURCED_FROM
ef85b6e7-518d-548c-85d8-e88d7f70f6f1,792d7b30-a714-5d8c-8fa6-ca1c997ae6b8,SOURCED_FROM
4f21a18b-3262-5d11-8ae3-8455673e7946,792d7b30-a714-5d8c-8fa6-ca1c997ae6b8,SOURCED_FROM
b6b90f7b-61c4-5e56-8453-939001fc885b,792d7b30-a714-5d8c-8fa6-ca1c997ae6b8,SOURCED_FROM
d2c4fa41-0461-596c-82e8-a15afbd40ffd,792d7b30-a714-5d8c-8fa6-ca1c997ae6b8,SOURCED_FROM
afbdc070-0940-5f44-8510-58deae7a4684,792d7b30-a714-5d8c-8fa6-ca1c997ae6b8,SOURCED_FROM
1619c5c2-e7db-56c2-82f4-e59feaa25c28,792d7b30-a714-5d8c-8fa6-ca1c997ae6b8,SOURCED_FROM
fd9b2db1-b6a6-51b3-8f9f-44685a5d45cb,792d7b30-a714-5d8c-8fa6-ca1c997ae6b8,SOURCED_FROM
c17ef119-daa7-5d7c-8964-6bacc035f72c,792d7b30-a714-5d8c-8fa6-ca1c997ae6b8,SOURCED_FROM
b74ebdbc-fc71-5983-84c5-0ee068c65393,792d7b30-a714-5d8c-8fa6-ca1c997ae6b8,SOURCED_FROM
85947fad-506b-5b90-8c1f-f147696df7cf,792d7b30-a714-5d8c-8fa6-ca1c997ae6b8,SOURCED_FROM
bcc7d18c-432d-507e-84c1-62bd5927da50,792d7b30-a714-5d8c-8fa6-ca1c997ae6b8,SOURCED_FROM
afea48eb-9a4b-5173-8a0a-06004295ce05,792d7b30-a714-5d8c-8fa6-ca1c997ae6b8,SOURCED_FROM
0232d7c2-9e1c-54af-8994-869cbcd89575,792d7b30-a714-5d8c-8fa6-ca1c997ae6b8,SOURCED_FROM
4ff2ac9e-f6f2-59f9-84b3-ffd5209743f6,792d7b30-a714-5d8c-8fa6-ca1c997ae6b8,SOURCED_FROM
f1becbf3-35b8-5023-85dd-d8ce33645e75,792d7b30-a714-5d8c-8fa6-ca1c997ae6b8,SOURCED_FROM
78e188c4-60da-54f9-8d27-84fc5dd9ccf2,792d7b30-a714-5d8c-8fa6-ca1c997ae6b8,SOURCED_FROM
2ddbc351-f9b8-59b9-8b7d-0b00857e5771,792d7b30-a714-5d8c-8fa6-ca1c997ae6b8,SOURCED_FROM
528b0394-3fc7-5abb-84b9-09659577c46c,792d7b30-a714-5d8c-8fa6-ca1c997ae6b8,SOURCED_FROM
991c3a12-0bbd-5923-8de8-b9d68691a811,792d7b30-a714-5d8c-8fa6-ca1c997ae6b8,SOURCED_FROM
cf2fa8b4-1fe8-52d0-84d3-e15d900e7780,792d7b30-a714-5d8c-8fa6-ca1c997ae6b8,SOURCED_FROM
6e1970bb-7c19-5daa-842d-917d1bfd001e,792d7b30-a714-5d8c-8fa6-ca1c997ae6b8,SOURCED_FROM
ef1b8a16-e0bb-51bc-8300-1fc7428ed9ee,792d7b30-a714-5d8c-8fa6-ca1c997ae6b8,SOURCED_FROM
242a0c9c-3d41-5a94-86e1-9ad6d0988fab,792d7b30-a714-5d8c-8fa6-ca1c997ae6b8,SOURCED_FROM
003bee93-6353-564a-8c5a-a8ed0980ceb4,792d7b30-a714-5d8c-8fa6-ca1c997ae6b8,SOURCED_FROM
0e3ebdde-f716-5707-84de-5eed93dffd3b,792d7b30-a714-5d8c-8fa6-ca1c997ae6b8,SOURCED_FROM
72bf56e4-ffd2-53b9-8eca-0612641716e3,792d7b30-a714-5d8c-8fa6-ca1c997ae6b8,SOURCED_FROM
2b23b5e0-873f-5fbb-82ea-4c40a1355d6f,792d7b30-a714-5d8c-8fa6-ca1c997ae6b8,SOURCED_FROM
dabd94dc-b209-5f57-8869-ccb9737e2fc6,792d7b30-a714-5d8c-8fa6-ca1c997ae6b8,SOURCED_FROM
88cae4bd-64b3-5cf5-8a75-8581c31e948b,792d7b30-a714-5d8c-8fa6-ca1c997ae6b8,SOURCED_FROM
641e292e-37e7-5137-8294-767a6a52ce8e,792d7b30-a714-5d8c-8fa6-ca1c997ae6b8,SOURCED_FROM
f0ee0c6e-a096-5811-8e48-2a1792f774e3,792d7b30-a714-5d8c-8fa6-ca1c997ae6b8,SOURCED_FROM
d6dfd6cf-e027-5911-87f0-a91782249459,792d7b30-a714-5d8c-8fa6-ca1c997ae6b8,SOURCED_FROM
9b24be1e-9b7f-510e-8940-51d11683017a,792d7b30-a714-5d8c-8fa6-ca1c997ae6b8,SOURCED_FROM
121db7d9-51eb-55c7-8caa-3772866c95bf,792d7b30-a714-5d8c-8fa6-ca1c997ae6b8,SOURCED_FROM
aa7b15e6-ee4e-53a2-8e95-0a7ffbdb9811,792d7b30-a714-5d8c-8fa6-ca1c997ae6b8,SOURCED_FROM
8dbabf31-3cee-5fc1-86cd-871d07b69d9d,792d7b30-a714-5d8c-8fa6-ca1c997ae6b8,SOURCED_FROM
210c04a8-1792-5af6-8819-f2f7dff83be8,792d7b30-a714-5d8c-8fa6-ca1c997ae6b8,SOURCED_FROM
5d810976-ff0c-521e-8192-1dc599625351,792d7b30-a714-5d8c-8fa6-ca1c997ae6b8,SOURCED_FROM
6100523c-caa4-5086-8869-7e329b8f73c7,792d7b30-a714-5d8c-8fa6-ca1c997ae6b8,SOURCED_FROM
8fae0436-5187-5b2a-8c27-d432d3437f43,792d7b30-a714-5d8c-8fa6-ca1c997ae6b8,SOURCED_FROM
48bdcf0c-678e-5ce7-8a0f-0b4abbe93070,792d7b30-a714-5d8c-8fa6-ca1c997ae6b8,SOURCED_FROM
6ab12e7f-a277-5cd1-8fa1-e4fa69a92e72,792d7b30-a714-5d8c-8fa6-ca1c997ae6b8,SOURCED_FROM
5bae910d-3e37-5dc7-8d2d-6c476a8422cb,792d7b30-a714-5d8c-8fa6-ca1c997ae6b8,SOURCED_FROM
23164310-8146-5683-8c37-f07b9fbf7ae4,792d7b30-a714-5d8c-8fa6-ca1c997ae6b8,SOURCED_FROM
1e7846dd-df98-57f5-816a-be477dff6b55,792d7b30-a714-5d8c-8fa6-ca1c997ae6b8,SOURCED_FROM
6d180a7d-28be-5f35-875c-64d7aa453b9a,792d7b30-a714-5d8c-8fa6-ca1c997ae6b8,SOURCED_FROM
e2a92504-c7ba-5b93-8835-790e4b6b475a,792d7b30-a714-5d8c-8fa6-ca1c997ae6b8,SOURCED_FROM
f572e718-eaa7-5b2d-8c9b-57d919c3bf1b,792d7b30-a714-5d8c-8fa6-ca1c997ae6b8,SOURCED_FROM
ebb0356f-c5c4-5790-8d21-4b58650b5122,792d7b30-a714-5d8c-8fa6-ca1c997ae6b8,SOURCED_FROM
645d712e-0210-595e-8bd0-e1ba2ecb8a5f,792d7b30-a714-5d8c-8fa6-ca1c997ae6b8,SOURCED_FROM
9cab48b4-391d-5d65-8a33-d2e27137a16d,792d7b30-a714-5d8c-8fa6-ca1c997ae6b8,SOURCED_FROM
f1fb59e1-54ce-5fb8-8865-c47599031f77,792d7b30-a714-5d8c-8fa6-ca1c997ae6b8,SOURCED_FROM
f9e909b9-200e-5db5-84cf-5940bc8be1cf,792d7b30-a714-5d8c-8fa6-ca1c997ae6b8,SOURCED_FROM
c7dc699b-b73f-51aa-89dd-562763a0021d,792d7b30-a714-5d8c-8fa6-ca1c997ae6b8,SOURCED_FROM
4ab78f9e-6d2d-5f0c-8f14-bfd221c66552,792d7b30-a714-5d8c-8fa6-ca1c997ae6b8,SOURCED_FROM
aad7d6ea-9cf3-5917-84c7-96bff2921a70,792d7b30-a714-5d8c-8fa6-ca1c997ae6b8,SOURCED_FROM
c80eb9f5-4d98-5adf-8c1e-ef4c793c0f87,792d7b30-a714-5d8c-8fa6-ca1c997ae6b8,SOURCED_FROM
5c3f4623-14bf-5297-88e0-307aa7701c0c,792d7b30-a714-5d8c-8fa6-ca1c997ae6b8,SOURCED_FROM
8202f848-980b-5430-8d3b-1b1d53b4336f,792d7b30-a714-5d8c-8fa6-ca1c997ae6b8,SOURCED_FROM
e28fb32b-b6d4-52d2-8f03-57d11cc41492,792d7b30-a714-5d8c-8fa6-ca1c997ae6b8,SOURCED_FROM
3c49215a-21f1-5d04-8689-5249c0e88d16,792d7b30-a714-5d8c-8fa6-ca1c997ae6b8,SOURCED_FROM
e6729646-2482-59b2-8728-c0977c41f3c1,792d7b30-a714-5d8c-8fa6-ca1c997ae6b8,SOURCED_FROM
561c0918-6ae1-534a-8327-ceca58af8410,792d7b30-a714-5d8c-8fa6-ca1c997ae6b8,SOURCED_FROM
7a90600d-47cf-58ec-85fd-aea022d57843,792d7b30-a714-5d8c-8fa6-ca1c997ae6b8,SOURCED_FROM
4e85bf7f-a06d-58df-81d4-9b24518e0363,792d7b30-a714-5d8c-8fa6-ca1c997ae6b8,SOURCED_FROM
1e01482d-8096-5f5e-89c9-210614231370,792d7b30-a714-5d8c-8fa6-ca1c997ae6b8,SOURCED_FROM
afad1c93-a89b-57fc-8ebd-53b1a1beabcf,792d7b30-a714-5d8c-8fa6-ca1c997ae6b8,SOURCED_FROM
0fd363eb-a05f-5240-8de0-a31deda5ed56,792d7b30-a714-5d8c-8fa6-ca1c997ae6b8,SOURCED_FROM
8ca2d49a-23a1-52f2-8534-7891286ebf84,792d7b30-a714-5d8c-8fa6-ca1c997ae6b8,SOURCED_FROM
a7e4a8c3-f3b8-5393-8a11-204094b712a1,792d7b30-a714-5d8c-8fa6-ca1c997ae6b8,SOURCED_FROM
0551d598-11b6-5214-82bd-71298ba7103b,792d7b30-a714-5d8c-8fa6-ca1c997ae6b8,SOURCED_FROM
2dc906f6-5b48-577e-8cc4-787f22dd89ed,792d7b30-a714-5d8c-8fa6-ca1c997ae6b8,SOURCED_FROM
d3ba5c45-4f59-5a60-847e-f56fd7425bd6,792d7b30-a714-5d8c-8fa6-ca1c997ae6b8,SOURCED_FROM
ba0f7a60-6ebd-50f9-8e6a-4bb4732d9bc5,792d7b30-a714-5d8c-8fa6-ca1c997ae6b8,SOURCED_FROM
24f1a23b-75f7-5720-85cf-dc1603c9b496,792d7b30-a714-5d8c-8fa6-ca1c997ae6b8,SOURCED_FROM
afaa476d-c5e5-5fdb-8fd7-c11a27361318,792d7b30-a714-5d8c-8fa6-ca1c997ae6b8,SOURCED_FROM
cba6c623-b458-54e0-8583-a5edd1444d46,792d7b30-a714-5d8c-8fa6-ca1c997ae6b8,SOURCED_FROM
5e361ced-6f63-5c00-8856-c0f69427da9a,792d7b30-a714-5d8c-8fa6-ca1c997ae6b8,SOURCED_FROM
1c2079b9-6897-53ec-8984-4efaceecaa1a,792d7b30-a714-5d8c-8fa6-ca1c997ae6b8,SOURCED_FROM
57ca09b5-a585-59b8-8b7c-5de0d6c368ac,792d7b30-a714-5d8c-8fa6-ca1c997ae6b8,SOURCED_FROM
3986d087-60f0-5030-81ce-a66762c15b57,792d7b30-a714-5d8c-8fa6-ca1c997ae6b8,SOURCED_FROM
d3a6455a-b7f6-5c05-8eab-fb0b80d4e2fb,792d7b30-a714-5d8c-8fa6-ca1c997ae6b8,SOURCED_FROM
a341f465-b61e-5f83-8e8c-3cc2b41b34cc,792d7b30-a714-5d8c-8fa6-ca1c997ae6b8,SOURCED_FROM
5f338275-8227-5737-8ec8-063a992576f5,792d7b30-a714-5d8c-8fa6-ca1c997ae6b8,SOURCED_FROM
99919afb-3960-5698-8df9-d8cd48415627,792d7b30-a714-5d8c-8fa6-ca1c997ae6b8,SOURCED_FROM
eee1b3cd-f3b2-56fd-8d5e-23febe8c7c38,792d7b30-a714-5d8c-8fa6-ca1c997ae6b8,SOURCED_FROM
ccffc69c-1836-51d4-8437-1cf4d4f266d3,792d7b30-a714-5d8c-8fa6-ca1c997ae6b8,SOURCED_FROM
79c8ce4b-5911-546f-8949-1f2c16386dd5,792d7b30-a714-5d8c-8fa6-ca1c997ae6b8,SOURCED_FROM
935668e2-5e4e-577d-85c0-a331e84bb025,792d7b30-a714-5d8c-8fa6-ca1c997ae6b8,SOURCED_FROM
10008607-75a4-5e45-836f-80a40ef3dcdb,792d7b30-a714-5d8c-8fa6-ca1c997ae6b8,SOURCED_FROM
2d26a585-cd91-54a5-8efe-eefb5457f867,792d7b30-a714-5d8c-8fa6-ca1c997ae6b8,SOURCED_FROM
2c39ceab-70da-5eb1-8b6c-733a47656706,792d7b30-a714-5d8c-8fa6-ca1c997ae6b8,SOURCED_FROM
7939b59d-1f4e-550f-8dae-d365c594f1fb,792d7b30-a714-5d8c-8fa6-ca1c997ae6b8,SOURCED_FROM
1619c820-1fbf-5708-8cbd-a07ffddc4dce,792d7b30-a714-5d8c-8fa6-ca1c997ae6b8,SOURCED_FROM
934eaa52-b8e3-5367-83e1-c51d7f5a6154,792d7b30-a714-5d8c-8fa6-ca1c997ae6b8,SOURCED_FROM
d0ee1ce4-fe17-55c0-84de-79052c376c58,792d7b30-a714-5d8c-8fa6-ca1c997ae6b8,SOURCED_FROM
1cca0256-6065-5e39-8f9e-8bd977d297dd,792d7b30-a714-5d8c-8fa6-ca1c997ae6b8,SOURCED_FROM
8acf7e98-1d5a-568c-8f41-9ef2465855e1,792d7b30-a714-5d8c-8fa6-ca1c997ae6b8,SOURCED_FROM
6cdfb213-57e5-5ea7-8353-415008bd6d82,792d7b30-a714-5d8c-8fa6-ca1c997ae6b8,SOURCED_FROM
a2a891c8-29bc-5e69-8f32-530a9b060a2b,792d7b30-a714-5d8c-8fa6-ca1c997ae6b8,SOURCED_FROM
1b3dddaf-f705-5c39-8674-205a228eae22,792d7b30-a714-5d8c-8fa6-ca1c997ae6b8,SOURCED_FROM
df31bb53-b773-507f-88e1-1ca7dbfb2e77,792d7b30-a714-5d8c-8fa6-ca1c997ae6b8,SOURCED_FROM
7d14b19b-27d0-5ad0-8d5d-5631f09a2750,792d7b30-a714-5d8c-8fa6-ca1c997ae6b8,SOURCED_FROM
880fc8db-18bb-5f55-85f8-e70728ee2862,792d7b30-a714-5d8c-8fa6-ca1c997ae6b8,SOURCED_FROM
493b21f9-c125-5f7b-8198-876a833ca249,792d7b30-a714-5d8c-8fa6-ca1c997ae6b8,SOURCED_FROM
5ec17981-c37e-5558-8af7-14ece197401b,792d7b30-a714-5d8c-8fa6-ca1c997ae6b8,SOURCED_FROM
d5a42894-7da1-56b5-8dd7-06be1eea46b9,792d7b30-a714-5d8c-8fa6-ca1c997ae6b8,SOURCED_FROM
33edea8c-a0ce-5d44-8eab-1b838c8af252,792d7b30-a714-5d8c-8fa6-ca1c997ae6b8,SOURCED_FROM
6b6d0b17-f196-50a4-8fe2-1a98ceea11b2,792d7b30-a714-5d8c-8fa6-ca1c997ae6b8,SOURCED_FROM
1bd919b8-ca69-5f1a-84a1-cdb53e9214c3,792d7b30-a714-5d8c-8fa6-ca1c997ae6b8,SOURCED_FROM
1516f088-4d76-5939-873e-e3036c96bde1,792d7b30-a714-5d8c-8fa6-ca1c997ae6b8,SOURCED_FROM
bc33f4da-fe15-54c4-8399-a90753fa0920,792d7b30-a714-5d8c-8fa6-ca1c997ae6b8,SOURCED_FROM
34e0d258-1a56-59aa-8d50-8da7c2c9c530,792d7b30-a714-5d8c-8fa6-ca1c997ae6b8,SOURCED_FROM
6298d6b5-86e9-5fee-8412-12f3d86a917c,792d7b30-a714-5d8c-8fa6-ca1c997ae6b8,SOURCED_FROM
79fdee02-12fa-52b3-8d6c-35c19daae28e,792d7b30-a714-5d8c-8fa6-ca1c997ae6b8,SOURCED_FROM
dd1ca4e5-3a7b-5f2a-896f-693a718f4267,792d7b30-a714-5d8c-8fa6-ca1c997ae6b8,SOURCED_FROM
4e1bbe0b-ae1d-50f6-8c3f-c6ff7e94d363,792d7b30-a714-5d8c-8fa6-ca1c997ae6b8,SOURCED_FROM
a1525c00-4aa8-5928-83f1-8f748968ea4a,792d7b30-a714-5d8c-8fa6-ca1c997ae6b8,SOURCED_FROM
77183e19-a16f-5356-88cb-69b2b7eb0492,792d7b30-a714-5d8c-8fa6-ca1c997ae6b8,SOURCED_FROM
348db3bb-dae5-5d8e-8fa0-9b641c970e1e,792d7b30-a714-5d8c-8fa6-ca1c997ae6b8,SOURCED_FROM
1977c439-c132-589f-823e-63f236ad7093,792d7b30-a714-5d8c-8fa6-ca1c997ae6b8,SOURCED_FROM
4d0477ed-455f-5955-81ca-8ef3ddd3116c,792d7b30-a714-5d8c-8fa6-ca1c997ae6b8,SOURCED_FROM
10a8c8e7-8527-5e0d-802e-4b401b8c38ab,792d7b30-a714-5d8c-8fa6-ca1c997ae6b8,SOURCED_FROM
5dafdd1a-fb5c-51b8-8a97-9a777685757e,792d7b30-a714-5d8c-8fa6-ca1c997ae6b8,SOURCED_FROM
4d919dda-9326-53e4-8cb7-fd36e3469be2,792d7b30-a714-5d8c-8fa6-ca1c997ae6b8,SOURCED_FROM
2faa6402-457f-5abc-86d0-9e1b2cbf3133,792d7b30-a714-5d8c-8fa6-ca1c997ae6b8,SOURCED_FROM
45bf925c-9c2b-5620-8ebc-03382127bea9,792d7b30-a714-5d8c-8fa6-ca1c997ae6b8,SOURCED_FROM
f4704c05-c181-56be-8fcc-b0e4eeb271eb,792d7b30-a714-5d8c-8fa6-ca1c997ae6b8,SOURCED_FROM
d71eeb3a-5b5f-5a7f-8d24-c1d693d7c588,792d7b30-a714-5d8c-8fa6-ca1c997ae6b8,SOURCED_FROM
3ec9bc99-60c0-546d-8da2-070b4ca28068,792d7b30-a714-5d8c-8fa6-ca1c997ae6b8,SOURCED_FROM
6ba91c68-721f-5f24-8461-228cc5019996,792d7b30-a714-5d8c-8fa6-ca1c997ae6b8,SOURCED_FROM
ac6b92b9-a64b-514c-89e7-379a78e88b68,792d7b30-a714-5d8c-8fa6-ca1c997ae6b8,SOURCED_FROM
d8d8b655-a849-5025-8af2-81d2cb5e885e,792d7b30-a714-5d8c-8fa6-ca1c997ae6b8,SOURCED_FROM
10daedb7-99e4-5ccc-8b5f-3a4c98d44c59,792d7b30-a714-5d8c-8fa6-ca1c997ae6b8,SOURCED_FROM
79ba1740-492d-5fd5-818d-cf87e53e14f9,792d7b30-a714-5d8c-8fa6-ca1c997ae6b8,SOURCED_FROM
a4b62fc8-8fce-5618-8685-a587bffbb94c,792d7b30-a714-5d8c-8fa6-ca1c997ae6b8,SOURCED_FROM
68b0e139-ff35-54fc-8681-3d64e5b925a9,792d7b30-a714-5d8c-8fa6-ca1c997ae6b8,SOURCED_FROM
278cbc31-de17-52e7-86fd-98588a81d0a9,792d7b30-a714-5d8c-8fa6-ca1c997ae6b8,SOURCED_FROM
24422852-22e4-50c2-8f37-8163a85163b9,792d7b30-a714-5d8c-8fa6-ca1c997ae6b8,SOURCED_FROM
c1b923da-7b95-5598-8c51-bf38e2ac6ed5,792d7b30-a714-5d8c-8fa6-ca1c997ae6b8,SOURCED_FROM
1255e99d-615e-52a3-8456-11a1d4f2c46d,792d7b30-a714-5d8c-8fa6-ca1c997ae6b8,SOURCED_FROM
351103dc-c3ba-5368-8bfd-9f7ac4ece07b,792d7b30-a714-5d8c-8fa6-ca1c997ae6b8,SOURCED_FROM
0aba2ac8-71f3-5c85-8822-99020ccefd5b,792d7b30-a714-5d8c-8fa6-ca1c997ae6b8,SOURCED_FROM
60a3298f-3323-5f81-85bf-a1c094d2e597,792d7b30-a714-5d8c-8fa6-ca1c997ae6b8,SOURCED_FROM
ca7f8171-c6f4-5be7-8342-43ee65096d99,792d7b30-a714-5d8c-8fa6-ca1c997ae6b8,SOURCED_FROM
4520d328-75ca-5be7-8bc7-76f1f4c062fa,792d7b30-a714-5d8c-8fa6-ca1c997ae6b8,SOURCED_FROM
529db2b2-2723-5a27-8176-977f88986d85,792d7b30-a714-5d8c-8fa6-ca1c997ae6b8,SOURCED_FROM
c22ecd49-2dd5-5146-8c72-b57ac1826297,792d7b30-a714-5d8c-8fa6-ca1c997ae6b8,SOURCED_FROM
f92aafba-9b84-5688-8b1a-67ddd12e95c6,792d7b30-a714-5d8c-8fa6-ca1c997ae6b8,SOURCED_FROM
a65b3538-e65e-56f4-82c2-21489374bc6a,792d7b30-a714-5d8c-8fa6-ca1c997ae6b8,SOURCED_FROM
2934af4e-2aeb-59b0-80ba-87a595280020,792d7b30-a714-5d8c-8fa6-ca1c997ae6b8,SOURCED_FROM
beeb3efa-222e-57d6-87c6-0e0a3d109385,792d7b30-a714-5d8c-8fa6-ca1c997ae6b8,SOURCED_FROM
d4ad4af4-b4ac-572b-86ff-48b96d903dba,792d7b30-a714-5d8c-8fa6-ca1c997ae6b8,SOURCED_FROM
7b061646-0523-58fe-80bf-73b6db3e00be,792d7b30-a714-5d8c-8fa6-ca1c997ae6b8,SOURCED_FROM
5e969652-0a78-518d-866a-ddf3c93192be,792d7b30-a714-5d8c-8fa6-ca1c997ae6b8,SOURCED_FROM
48159cdd-0b9f-5e22-8357-05d92afdbcfa,792d7b30-a714-5d8c-8fa6-ca1c997ae6b8,SOURCED_FROM
a541ae9f-b34b-580c-8dd5-fa1873da877c,792d7b30-a714-5d8c-8fa6-ca1c997ae6b8,SOURCED_FROM
99ddd858-12cf-5432-8bd1-b7b1d6e12249,792d7b30-a714-5d8c-8fa6-ca1c997ae6b8,SOURCED_FROM
b43cb154-e759-5d28-89db-503c9714fae8,792d7b30-a714-5d8c-8fa6-ca1c997ae6b8,SOURCED_FROM
be4d169f-056b-5772-8707-d008345339c1,792d7b30-a714-5d8c-8fa6-ca1c997ae6b8,SOURCED_FROM
f9f9d42a-8160-533d-8f57-cf43b1ef8d45,792d7b30-a714-5d8c-8fa6-ca1c997ae6b8,SOURCED_FROM
38039166-2275-5023-8473-8a9ad236dfd2,792d7b30-a714-5d8c-8fa6-ca1c997ae6b8,SOURCED_FROM
7dc2b33e-33d7-595e-8d88-bd8978cc52a7,792d7b30-a714-5d8c-8fa6-ca1c997ae6b8,SOURCED_FROM
6e28a9a7-7158-5ac3-867a-efa06bd4dfdb,792d7b30-a714-5d8c-8fa6-ca1c997ae6b8,SOURCED_FROM
35647dc8-cef4-5c3b-85dd-04798b755eab,792d7b30-a714-5d8c-8fa6-ca1c997ae6b8,SOURCED_FROM
bd67da6b-27bf-52c1-83e3-9d44e78ca6cc,792d7b30-a714-5d8c-8fa6-ca1c997ae6b8,SOURCED_FROM
9f5add5d-deaa-5ae8-8dae-2f2131aeac86,792d7b30-a714-5d8c-8fa6-ca1c997ae6b8,SOURCED_FROM
efbd4b0d-1592-5da2-8bfc-80fb5df2faa4,792d7b30-a714-5d8c-8fa6-ca1c997ae6b8,SOURCED_FROM
16716bc0-79b5-56ba-85b5-cc137c903700,792d7b30-a714-5d8c-8fa6-ca1c997ae6b8,SOURCED_FROM
a91bac3b-2ed2-50a5-85e0-72310281ed7c,792d7b30-a714-5d8c-8fa6-ca1c997ae6b8,SOURCED_FROM
8c4d3fbb-6f0d-5fc9-8492-fe0272661007,792d7b30-a714-5d8c-8fa6-ca1c997ae6b8,SOURCED_FROM
07107436-01eb-50e4-86cd-ad1b95e5854f,792d7b30-a714-5d8c-8fa6-ca1c997ae6b8,SOURCED_FROM
adc465fe-fa08-5ce5-8a6d-748fed68a75a,792d7b30-a714-5d8c-8fa6-ca1c997ae6b8,SOURCED_FROM
fdab6116-f6a5-5f38-81c1-19ee911324d9,792d7b30-a714-5d8c-8fa6-ca1c997ae6b8,SOURCED_FROM
b4c3c5be-1b80-5a64-83a3-7249d99a5f26,792d7b30-a714-5d8c-8fa6-ca1c997ae6b8,SOURCED_FROM
f88a9bd3-8b9a-5851-885c-831b91fecfb6,792d7b30-a714-5d8c-8fa6-ca1c997ae6b8,SOURCED_FROM
3c4bb5ce-cc71-51c2-84fd-316f24f596d0,792d7b30-a714-5d8c-8fa6-ca1c997ae6b8,SOURCED_FROM
20c13a20-fc07-5455-84af-a7aebeab62d4,792d7b30-a714-5d8c-8fa6-ca1c997ae6b8,SOURCED_FROM
e9b80429-a0b3-507b-8200-99f0416a6503,792d7b30-a714-5d8c-8fa6-ca1c997ae6b8,SOURCED_FROM
7b509554-5ba1-5c9d-8c93-e9ba3628782e,792d7b30-a714-5d8c-8fa6-ca1c997ae6b8,SOURCED_FROM
