source_record_id,target_record_id,relationship_type
54de59fb-4fe0-5a54-8dbe-3d3bac702ea3,c48e4f9f-483b-5ed0-8357-1bc7f201a2c6,CLASSIFIES
2723a981-11ba-585a-8673-12512fa258df,ff54d7ca-067d-5d14-82e5-3ee1226dd0bf,CLASSIFIES
4ccae891-c14a-5cc6-8a35-2970863f2b4c,4f65fd01-36ba-5008-8d55-1fa22699644b,CLASSIFIES
a6d5086e-460a-58d8-8f5a-92658205079d,c3dd0a86-b86c-5559-894c-c45e42e694ca,CLASSIFIES
23f7831f-ccd5-537b-8da1-2d34d1973efd,2cf892cf-d109-513e-88a9-7088d31e0941,CLASSIFIES
358a5da3-6c60-54fe-8c7c-7f60068b46ca,53c31f8b-ac15-51fa-8b42-8fe2cc841ea0,CLASSIFIES
bf7ed7b1-29e6-5819-87a4-8562c8a36722,a303ee8e-3804-5075-8fa8-115a0ace4a59,CLASSIFIES
83a508ea-14fa-596e-80be-833510118c89,efe7a485-f2b9-5a55-8d82-476377383aba,CLASSIFIES
677b4bed-5dfa-55e7-8546-f005eb2b6c59,f01c3474-6ac4-5d54-82f7-a284a296c537,CLASSIFIES
60c5764b-c2bf-5a0d-85bd-3784fc43bd09,5018387e-c98d-50cc-84aa-884ed5655e87,CLASSIFIES
d567f394-bc06-5432-86aa-eb55c1e4ea2d,0e83630f-7785-5d3c-8064-b1ebd9d686fd,CLASSIFIES
018ec6c6-581a-5fdf-8c36-af07c0f8c7e7,abf665e4-f273-58da-84a9-333b05545c61,CLASSIFIES
67f38d6d-4e35-5664-8bae-a218d0f26968,c1c2111e-eaa2-515a-832a-68e89110690c,CLASSIFIES
be59be71-4015-53b7-87ef-b2160cea9833,c96be310-8e63-5789-8435-dbe78bb82647,CLASSIFIES
1aa38274-b18b-5a6d-8d0f-0c0818f8534d,7244d898-b1eb-5a3c-80de-cab6e4b32988,CLASSIFIES
e8d366d8-6ea5-5fa3-81b7-77a4fd691180,7b5db8ae-3e0a-59ac-807c-1098ae6ed81b,CLASSIFIES
ecf8060c-2121-52f2-85bc-3e2db32a034d,7266fd76-d55e-5151-8357-3e0835c35c9d,CLASSIFIES
2ab3ac42-8bab-5506-8cc7-30a2139ba036,6986e74f-3cba-5d93-8d63-c36e7192b4c9,CLASSIFIES
1240dc02-1e47-55c5-8cc7-4facb3ad1e4f,d48183b3-d6cd-512b-858a-99e1553fd2ab,CLASSIFIES
0642445c-917e-50aa-8be2-b4e545311d96,cf8a5d70-7e74-5b4f-85e4-1af81c0035ea,CLASSIFIES
f9a5502c-f923-5c98-83a7-9a7feb1c0af0,846b9385-65d3-557f-815e-0854a440ef9f,CLASSIFIES
e25d8058-96c4-5b55-8a98-fdcea389da37,3821e276-39c1-5b65-8998-b0e6123c0661,CLASSIFIES
293fd437-d0ed-5789-88f5-f1a1964cc340,08021892-4ddc-5504-8873-87cfd9bb75e1,CLASSIFIES
598648bc-3575-5bb8-8a14-463426333866,f12c1513-9cf9-575a-83ff-18c6e4627a40,CLASSIFIES
ed592839-1393-559f-82e9-61042301674d,87e695a4-6786-538a-8fd5-034b6992dc8f,CLASSIFIES
a188ff05-fa7f-59ef-862d-cb754b3f6240,80d7cba8-8710-5575-84dd-2fa25c5f1eb1,CLASSIFIES
498f1787-a2b8-56e6-85a4-b6fc3d0fb044,033d79b8-8cf7-5312-8404-50bcb2d14f0f,CLASSIFIES
c81510b9-f9c8-58ac-8900-ba8fb39b3de2,f805dd89-e3c6-5df9-86ed-38ba4637129f,CLASSIFIES
bd3d023a-c3e8-5f4f-88c1-0dd504ed49b5,e947d014-7f92-5a27-801f-180af21a22e1,CLASSIFIES
449b9ae6-12be-596c-8684-dedd3304d781,91fa88c1-7590-5566-8ce7-8cfd757eb168,CLASSIFIES
fab927e8-4dff-557e-8e77-eaaa1bb8eae1,9178560f-67e7-5965-82c0-f8752fe3c5a8,CLASSIFIES
5d3cdcce-a153-544b-8e88-74c571205a02,93f6505c-f517-5d94-8931-3a66499f3a98,CLASSIFIES
b9672e7f-ec3e-501c-8cf7-8b237a80ee8d,d92f9067-91b4-5107-8177-e2c55fdb70f1,CLASSIFIES
a8fa9bf2-2577-57cc-8975-3ad0049a4212,644f8952-9eb0-54a4-8b62-423c45a4e27c,CLASSIFIES
c0f1d959-c883-5df3-80de-5e5988210bb6,3cb76ff8-ed90-52bb-8846-cdb1d9c25f4e,CLASSIFIES
322c542f-2d87-5317-8ae9-4148c9c7b518,1d9edcbe-26ef-5643-8daa-a7ab234245c0,CLASSIFIES
0e0d2743-19d0-5f1f-86a3-a7f09dc07d8b,0f7a8d74-a2a5-53e5-8063-c5a18e7430af,CLASSIFIES
f79921fb-3190-58b0-8202-80a272e04b16,6560e8a7-ccba-5bd5-8eec-e76105cffef4,CLASSIFIES
92aa757d-a7f8-5795-8ee5-a67aab113e55,2798c12c-7406-52b5-8cec-a2bf4d15e055,CLASSIFIES
a3b3d8b5-8c30-58af-898b-0edc2ee1f5d4,cbc5fe6b-308a-5d91-8a81-15181e9c2cc6,CLASSIFIES
b429214c-8f76-55a9-8146-c11192a13def,0500c594-a24a-5e75-8665-a8d84ea59299,CLASSIFIES
e72c1f91-e9b7-52b7-80e5-e2f982c7c3cc,3c0ad303-c9b5-549a-8599-68b7f7a2d2bf,CLASSIFIES
8e54bdd0-29ee-5ffc-8645-9afbeaeeba8d,14bde36d-013e-55c2-896d-d7a403599a26,CLASSIFIES
033222d8-aec5-5e4c-8ece-99b23aaf3b20,cbb30143-899b-5771-8af1-84437a49f9ec,CLASSIFIES
beca7842-8a28-511e-8d17-77aca4543579,ca311898-c666-5da8-8fc6-02766f0a4c0e,CLASSIFIES
b4acaf6c-c35d-558c-872d-d313d97a3907,fa84e2c1-0beb-5e39-8516-4380659c4f12,CLASSIFIES
ab492be0-3fac-585c-8b5e-4f0ee38fd59f,bac78600-24f8-5306-8506-2384fd35191a,CLASSIFIES
00937db5-078c-5503-8cee-4ac6f1f6da96,112f8b5e-4b71-51a8-8550-8b3f93ad4ef4,CLASSIFIES
8dd13b9b-3c33-573f-8bca-a74357c8e912,bf5c6649-eb44-52c7-8f85-53507ef8dacf,CLASSIFIES
33ba8187-8f5b-58d7-8b02-b25d4d19333b,d1adb36d-ecf0-5b42-8e8c-a68d994d984e,CLASSIFIES
52ff0095-6aae-5159-8e69-4af9da2ba539,08515e6a-857b-5148-8fe3-b38ea84054af,CLASSIFIES
585c5ed4-47a6-5212-89ee-d092b69acbe0,695f18e0-7654-5f74-8803-a9cbef018671,CLASSIFIES
120a8364-6a3d-5572-8d11-63d0e91c0411,5ae74d29-2ebf-59bb-8972-116ca0b611f6,CLASSIFIES
78d66331-c9d6-591b-8e6f-78aae0a84840,e374e935-f638-5863-814b-7640d425e63a,CLASSIFIES
995ecf12-38d9-50be-8885-973bba3f2a72,a5288698-d8b1-5f6b-852b-8180f03d92e3,CLASSIFIES
afb7971d-4bbb-55b1-8961-61cc22267a12,d88c5cec-0872-5490-8342-fddc1c3e8218,CLASSIFIES
78184d6a-2f36-5ec8-8fe5-f1f78636fbb6,210648b4-8d5a-572d-8d78-9a906aef993a,CLASSIFIES
3523c36f-2bc6-562a-8480-1ccc750019cc,dfea4fa6-8e3d-59cf-83d8-453992c4deb1,CLASSIFIES
8b81cc35-0c31-59b3-8c04-00b240a7e31a,022a7d48-7aa3-5b69-8e2d-1b6f070dd188,CLASSIFIES
41e38948-af68-57ed-857b-f769c7b41c7b,874d1995-0488-5f9b-8c6a-bed6ecb63bcd,CLASSIFIES
aa5108ae-d0b7-518f-8114-16c50dcbbb94,88d12803-b0c2-5154-839b-8ef5e348b4f4,CLASSIFIES
2a915d27-58c9-5bef-8111-86bac53c6fbe,85e343f7-da31-545e-8d17-cb4d78b410af,CLASSIFIES
47ae15a5-57b8-533f-8073-7cc9026a1e53,888d93be-9166-50d2-8684-4c1b571424c0,CLASSIFIES
d6797c80-d1fb-5526-818c-be48e0f450a2,5b9f81d1-87b7-5ba7-8693-889716795ce7,CLASSIFIES
969bf8e8-f9e9-574d-8a8d-6f9c7d1a965e,23a42115-7af5-5c5f-84da-ead6cbd4d97b,CLASSIFIES
edd5592b-1b5e-572d-87aa-8758a06e5064,069a129e-2bd3-57bb-81d3-b06d9d57b9c3,CLASSIFIES
89a1f991-867a-5576-8aaa-69c10a6ee649,2c1bdcd6-2f26-5788-82b2-91984eccac56,CLASSIFIES
e595249f-1971-53bc-8f01-4e300dd62174,b112a275-28a6-5f4b-866b-74dacb4f38ab,CLASSIFIES
c365387b-4a5c-5b3c-8d31-327e11a4f59f,068967c7-53aa-5495-8846-504d9bf32d14,CLASSIFIES
06c99a82-33bf-56be-867c-ae0ef5016b62,e9a296c8-c613-5407-8ed7-b1fb08a0fbb1,CLASSIFIES
71e62804-0069-52a2-880a-4278c4fb94a4,15cde53a-d1fc-5511-8c28-492f618c0ecf,CLASSIFIES
2996464f-ff84-5a83-8402-a9994f0f5ff6,237a15c6-52e4-5ce8-8f15-116edb839b7b,CLASSIFIES
34279bf6-fcdf-5276-8e13-ae643be2b975,423ce06e-683c-5c0f-8b5d-73661f94c166,CLASSIFIES
97197a80-a1a1-5c5b-8830-cfd1d82a4eb9,28c3f30e-908c-5647-8724-35e69c22d72e,CLASSIFIES
9af2704d-9278-5080-847f-8b6c3b25dc25,6afcb84d-736a-5798-8462-0b9b3a0fdbb7,CLASSIFIES
90d5983f-a40f-559f-8537-c318b013b3ca,fc689304-a38c-5025-8cde-d045f839deac,CLASSIFIES
9c82f304-5567-5e30-88aa-14428931238f,7b566b1f-8e8c-57df-87b2-376d896974c8,CLASSIFIES
a5d58f31-c7c9-5ef7-80af-1fc4fc3077a3,7e05c3b7-075f-584f-8300-26ef65852036,CLASSIFIES
f40caa44-38d2-515f-8990-e87e3f652697,7e838b70-c26f-56b3-8d39-57acf9940060,CLASSIFIES
f542a581-760f-519f-89f6-647de705b196,6d44b55f-f58b-5f03-8c2e-a9919d090fa5,CLASSIFIES
a8ea639a-218e-5dfa-806a-68a429697957,2c66db0c-2cc2-59c7-8df0-3efed468b389,CLASSIFIES
4aa27ebc-1f68-5126-8c6a-fd88221c03ca,62684310-3c0f-5adf-85d7-7569478a2e96,CLASSIFIES
ee5bc3ca-6b22-5547-8140-351dbe257f52,2c48121b-5a74-5962-821c-e6997305b3df,CLASSIFIES
b605f4e8-c72d-5f72-8f6a-da0b49190776,9a178119-459a-5224-8371-23f5465fb735,CLASSIFIES
dce606af-d4b6-5828-8eff-d548b045e074,b3cd88b3-0986-56de-821d-baf29f6c6f87,CLASSIFIES
97e87f8e-a54c-5d23-867d-4f558889bf1d,9dae9ddc-ac90-5e0c-813f-7dc9a510c8d2,CLASSIFIES
ec42daa7-5b7c-599f-8b5d-d0367ebae2aa,d9708758-dca8-5d15-8138-2821559bf899,CLASSIFIES
7fa45501-a07d-5dbf-875b-e9d513e75f0a,56447d1e-ef8e-5a57-8943-f7bd56a68a00,CLASSIFIES
5a46801c-6c87-5d3b-8ca9-e70ce3de4e0f,0374aeea-19a6-5a16-8720-8784032ed328,CLASSIFIES
20b450d9-aa4e-55de-88ad-59e2a4740e11,154bf48c-d2ca-51e0-89dc-279ecd3c8262,CLASSIFIES
c16e5b21-0d25-5ef6-8dcd-9113472a1741,e0c3848b-4760-5241-8186-bc19f1702084,CLASSIFIES
6c96ae7a-6371-5689-89f6-50b81569f3ff,9d6cebfd-c2a0-5d8b-8b82-21afda4a186a,CLASSIFIES
1bee6e79-41b5-5603-87e1-790f277d2ba0,aa467fcd-e1c4-564a-8789-f4fd198d403d,CLASSIFIES
d6d9318c-5603-54ec-8555-0f344f23c1c0,d59ebf93-2953-5540-893a-99e6deda9982,CLASSIFIES
db4963dc-1e84-524c-8224-b6977069fded,0a8ae389-63ce-586e-8264-44414e10834e,CLASSIFIES
331b458e-f703-5a72-8807-e8d181e033cf,5906b6e0-0038-5b4e-8266-83ce064b5985,CLASSIFIES
204bd714-2da7-548d-8575-5ad530d88d04,c06184af-7664-5bab-8423-af0a96429d48,CLASSIFIES
c90b5fd8-fc40-5741-8d11-56ca7fd662d2,879d611c-4f62-5750-83cd-baeae16a289c,CLASSIFIES
fdf17b70-69f8-5ae2-84b7-9619df6f5acc,987b4b86-4943-5ae8-84b2-faa08965141c,CLASSIFIES
74303acf-42f8-50be-8a5b-000ff8ef7eac,8e7af985-871b-59ee-8a59-96735cbf7516,CLASSIFIES
f210a81c-0a40-5499-876f-6dfd019644b6,9c47128a-1c29-599b-8d53-83c56546f989,CLASSIFIES
4af2ea52-e85e-504e-8217-a006d14f2f83,91d8f891-e238-580a-8c2f-c9131345a70b,CLASSIFIES
abeee9e3-ca18-532c-82a0-850b67d5038b,a61a2b52-31c9-5b11-8ebd-2cf90214ef3a,CLASSIFIES
a367033b-1c1b-543e-898b-3e5bc09d3c19,c75dc4e4-cb61-5649-871a-80d94c02696f,CLASSIFIES
3b5f4cb0-dc59-5dd7-8249-e77af9a16a5f,e1a717a5-3cfd-5339-8196-8a1652dc6ff4,CLASSIFIES
5514c581-3206-570a-805e-066cf907b196,c571add4-9921-5c9f-896b-34d6164f33e7,CLASSIFIES
7314e76a-c2ff-5510-8d3b-899f1f3c27ff,5c43de62-d1e0-59b0-8c5a-907d044ffd76,CLASSIFIES
c82cf27a-adda-5105-82ba-df0175e0c1c1,2e387df1-545f-599b-8c03-7b93c4fef68d,CLASSIFIES
e2e2fef8-9d48-5115-857c-e40bb9e85f6a,e5d25f27-6f1b-54ef-87bd-623679a04f13,CLASSIFIES
cbcc5e53-03fa-5694-8684-39fbc55b5568,667c47a6-0706-59ce-8585-5d7dccc05209,CLASSIFIES
b37f8474-3f6a-52df-8076-924ea1cc1cc1,5a06d0c0-07f3-55e3-85ec-fb63840d7f62,CLASSIFIES
2117332f-dafd-5bc0-8070-e5a78cd8329f,c0a782db-4e44-53ee-8ba5-18aa7423a6ec,CLASSIFIES
80164d58-a67f-57c4-80e2-bf79cdafb462,075a4e75-66b3-507f-8ff5-142add2492d4,CLASSIFIES
84ad5e88-2e21-5630-89ba-dd5e41bdb958,de1a247f-1db3-50a1-8944-ba83c4da913b,CLASSIFIES
aabdc06b-98c6-5e34-86eb-0688d6c47742,20688300-ea53-59a3-8d78-a653361a2638,CLASSIFIES
9f0d5c62-a4d8-531e-81fa-4907e30fcd9f,a24b32ef-e894-5729-8948-af817a54e82c,CLASSIFIES
82d3c5a8-0029-5e25-8ed9-d8adffefd544,bb06500c-122a-5989-85f3-bd057eb7d074,CLASSIFIES
44cc9698-4c50-50d3-8d85-82f32a37e715,a66e4184-3a5e-5df0-83c8-13383e1a4350,CLASSIFIES
eae0f7e9-9fc0-59b0-8038-522c59a4b5da,f2ade6c6-0d2b-521d-857d-111d25cdd471,CLASSIFIES
7a18c28f-136e-58b1-8728-9cfe7715c42f,d581dd01-60f5-5296-8169-963d35e37578,CLASSIFIES
40e08529-a3f0-5263-87af-9bdc876b97b3,57e15abf-d319-5bb9-8513-81f288bf4772,CLASSIFIES
457ed0ae-8bed-5467-89f2-3fd3d20d8109,302a51c8-f42b-5934-82d0-8d83c84564a8,CLASSIFIES
5e990314-dfa2-5b96-8df5-6e6c3737f45e,f95793a2-158f-584c-8eeb-ed718f017278,CLASSIFIES
0c71c674-3449-5768-8eb8-5bc26695a5e6,2bf322fa-8aba-51f9-8a18-2a3021da7736,CLASSIFIES
d626be2d-f3d2-5407-8fee-a124db396832,4b1807ef-0a99-582f-8eef-0e1e66ce3f18,CLASSIFIES
a08ec823-4227-5584-8748-ed5e4a1b9627,faa9e1ad-d307-58d7-8a1f-a4b376242698,CLASSIFIES
c4211fad-6466-5b05-87a6-a1ab62ffc919,53e586de-fd81-5180-8224-5e4b0148ad7c,CLASSIFIES
c66aa966-a9cc-5830-8cb7-c015a11a258b,78ecd5de-57f4-53eb-8f5c-84da31abb851,CLASSIFIES
5ed3a0ba-1b62-574c-8400-e1dac567578f,ebd95f74-bbf5-5cf2-8e8b-6d2372817214,CLASSIFIES
0626f11b-da4d-56ea-8692-56065130eab5,66f0dc90-2383-5cb6-8846-9d2de4d4595e,CLASSIFIES
d0a7102c-17f0-559e-843c-0f801c44ce4d,ef988c6f-a097-5342-8277-a64329be8689,CLASSIFIES
38ab5de3-649a-5805-8172-b699128ab1e9,bb1a4e38-8c4e-55b7-81dc-85d9252fc426,CLASSIFIES
3ef7f706-64de-5c07-8031-fc47e39ec299,0b119a00-fd04-59f7-8e73-3ac82a127b2f,CLASSIFIES
72b45fed-9218-5d2d-8b01-d5d5bb4e2ca7,117e4ade-193b-5539-8100-cfe95f4bb071,CLASSIFIES
246198ed-f5fa-551e-8dff-6f2a93a48a7e,d8f7dcfc-a97f-52e0-8b95-45d59ebe9e58,CLASSIFIES
8562d118-e5f4-53d3-8362-62a70685af2e,dd85c48a-5f5a-5b50-8aff-5c1edec8afea,CLASSIFIES
38517863-489f-512c-8bcb-a0be2ff20d98,926fd82d-255b-5f24-83d6-80c038f44443,CLASSIFIES
30b6a386-dd2d-5cc2-85d8-301de02f3737,54bec441-bfb4-5533-8ce1-61702c4afa40,CLASSIFIES
f7abc2cd-9881-58e3-85b5-3f1c9b33c7a4,bb914b05-d18c-53bb-801a-7a7b642b963c,CLASSIFIES
f6bf7f1a-7d13-52a4-8de5-4b635b75f707,fe3f7e5f-87fb-5ee7-8ed8-7da8cf11fdca,CLASSIFIES
e80f11a7-409e-563f-86c2-56a56d4bc9b7,2630d2f9-ec06-5aa7-8e77-b3a46d885237,CLASSIFIES
afb800c1-5efb-5257-8312-8c2cca3a8023,e516a920-7e0f-5a50-8eda-4bb210517b7e,CLASSIFIES
93ddc565-372a-5776-8907-035c3e0ddad8,3f1ddda6-b1ec-59dd-8e54-1b6e6f7f02f4,CLASSIFIES
b41fd5c9-98fe-5571-8869-eadb464c0c0b,f793a679-5346-5a73-8ff1-a1b981204f57,CLASSIFIES
4c6a6efb-aad3-5a25-8039-b559d16aa667,95b6bf2c-0e4b-5bd0-8118-628a572ecbf8,CLASSIFIES
b3bc5fa1-3244-514b-8cf5-b3c43a05c89d,98696592-ad88-546e-88c5-53e97a0a8021,CLASSIFIES
fbd83850-02a7-5a34-8256-6e47cf0b2d99,8fcc0d9b-39a9-5461-85eb-9a6dbb168b8b,CLASSIFIES
9efe1ffd-c062-509d-8f1d-b940ebd77ff9,1289c4ef-afb6-584e-8d8c-cb98c402b664,CLASSIFIES
acb81eca-3e75-5f47-8792-122828c5a13f,50c6f8b3-b00f-5e27-8e1a-8714451da2df,CLASSIFIES
54b09104-d8cb-58e0-8256-7bd1e317447a,876aa531-a823-5871-8af1-976eda6c5e63,CLASSIFIES
68c2b14a-31cb-5814-85f8-16e7900b95b8,1b2b2b25-218c-5102-8354-b4b7eca43fc2,CLASSIFIES
1bffdc88-9ce8-56be-8f51-908dafbff766,7dd2809f-4b38-5287-845a-c470b12c22dc,CLASSIFIES
9001755c-df98-5d0c-8d01-2f2e1b8378c2,513d5ac1-5115-5685-8bd2-c83fa7fcb4b7,CLASSIFIES
b5dc8859-8c3a-5650-850a-cb8a173c1e61,d99e1997-2626-5d47-8767-c818fc3892c7,CLASSIFIES
ce62989e-aa19-57cf-8ef9-befeafdecef9,5d22e493-feaa-541e-8c65-ccfb569be24b,CLASSIFIES
929e8d3f-8636-5123-8ce8-e5c9a64f3b0b,d0c3d625-3db6-5710-8ae4-31cc63dff40d,CLASSIFIES
50d5c7fd-19b9-5549-8f86-7edc82e39619,25f647f3-b08e-5364-8637-b6332e418b19,CLASSIFIES
1b219824-d222-5883-85d6-bf7034a6bcfd,1f88dedb-4bce-5ff9-8f97-b7595672ebfa,CLASSIFIES
0257746c-6dcd-55b2-87e7-1616ba1fd015,7d69a19b-6263-5b8e-8a95-0996ba079ff1,CLASSIFIES
0c1b7d4a-0d5d-5617-8d73-df2d0a6ce3cd,564e8c17-f8be-5489-8e58-76ea57379bfb,CLASSIFIES
76c855d8-9e37-5efd-8e31-0e6a4cd0252a,9d00721b-7069-5412-8fd4-090dbd7339b6,CLASSIFIES
b533924d-31cc-5806-8283-2343f87ef60d,a4ae0c2f-3a33-5216-8b34-24b6bc9ab205,CLASSIFIES
12d5e305-18e9-5301-8120-f8b6d3ae8923,4af7fd41-3407-59b3-8de9-30d9c548d839,CLASSIFIES
78c07bb9-71db-5867-8bb2-536d4e8a1860,2bce8c95-28f3-546d-850c-af2f9e32a3e9,CLASSIFIES
966b4c6c-6e78-53fc-85c3-bfd04156d2ec,659509e3-5b45-577d-820b-832868c0e022,CLASSIFIES
867eb62a-dfc8-5d39-8560-e8df7ad18678,6d6aadcd-05bc-5dd6-8acb-cd4e2f60e4f6,CLASSIFIES
02312f89-8504-51d1-8561-1606cbe1d97c,febdd0f3-6194-5b83-8cb8-3518b851e0ff,CLASSIFIES
d571fff9-f8f1-530a-8295-49ccbf023294,73c6040a-ecb2-5574-8074-5ac839ecf13a,CLASSIFIES
cd16e1b5-81d3-5f33-830a-194e9f803f94,6593da91-3293-55e2-8ac5-9d8068891217,CLASSIFIES
a1d5dc2d-a823-5553-8686-20848817c2ac,e88e667a-ff28-5f98-8803-3f9a70420aae,CLASSIFIES
1f92b55d-8f3b-55b9-81da-9b123e647c9d,9a57d8e3-2a7f-52ce-87b5-1ca14d300b3f,CLASSIFIES
352fc2db-f020-59f2-8aec-33a77e3d3289,78813b2d-41fa-5438-8e43-e1899ffdfd35,CLASSIFIES
eba546eb-a33c-53d8-837f-bb7f4c9ae633,38b99c3d-1768-59c6-8e8b-3ee64b35abfa,CLASSIFIES
8e2cbacb-cd8c-556f-8aca-6b29e1c5a4a1,87374d64-a54b-509b-8c68-b8e2ea550093,CLASSIFIES
94cad444-1b73-513b-8286-d8e75ece2107,49886699-17b5-5a42-8581-55c0826fee9e,CLASSIFIES
70068a97-1b89-5c1e-852a-0ea761edd798,e6eafd05-fe02-502c-800c-260b1b49352c,CLASSIFIES
f81a3ae5-1c8a-55b1-8efa-132918113db2,d0999f16-1736-55b7-87e3-09136ead638e,CLASSIFIES
afbaaca5-f497-54b6-8a20-3bc2cf506133,fd622c42-a02d-5827-866e-1ad2b4607aed,CLASSIFIES
758f523b-8bca-500c-845d-57909125025b,6b497204-13ff-5a44-83c4-2a9be89cece8,CLASSIFIES
f8afadb6-4d40-5e61-8f28-735a5e2e410d,a13ebfde-c960-5285-834b-6afa7d107c99,CLASSIFIES
2703501c-84c7-5a18-8898-82c4f5229374,fe1e3d3d-452a-5930-82bd-c12872352896,CLASSIFIES
c12d967e-5a10-5c22-8a5d-aaaf4549f75a,16c0a81c-e8c1-52a7-8768-8152f74aa186,CLASSIFIES
febfef98-0a85-5f41-8f0d-3013976b81a8,8cee6d1b-bb91-5b14-8c72-38fa6edced8d,CLASSIFIES
5b849fa3-8135-5a26-8176-33949e81b313,e00ae8e8-1b8f-57f9-8c30-4542583ab852,CLASSIFIES
a62cc07f-28ae-57bc-860a-6cad0b5a7fde,07114e08-9059-5084-84a6-dc601a4564a9,CLASSIFIES
72dd70cd-f9af-5066-87e6-cf2339802c27,22d218fe-f085-515a-807a-9d5ed1faefdd,CLASSIFIES
3bbfe8cd-155f-5088-882c-ba8c9a410932,b6338c72-1d8e-5517-8b48-d7ee836027a5,CLASSIFIES
bdcdbbe9-e68f-5aeb-81a7-b7b2378f9f74,dc642006-7571-5f15-8e79-8af9fbbb6c72,CLASSIFIES
fba15f73-b76c-54d6-85be-a3761f3c772d,09a04e4c-34f9-5253-8730-53d1626a6ba6,CLASSIFIES
d4e6555f-1bae-5f6c-8034-25f5b078eeec,12c5dd30-2a69-5c1e-85be-d5da458771da,CLASSIFIES
15f4f69b-a292-5f49-8987-3e9bc9adae4d,f79b4327-d335-5743-8db2-5faa8472677e,CLASSIFIES
b2ef53a7-497d-5971-8cf3-47cd8861ea5b,78ac2a44-1107-5618-8e5a-238df8a0fadb,CLASSIFIES
1c1997e9-5722-5854-8e2a-7b0c76fac786,e687b872-282f-53ff-80f6-a7ffacbb885b,CLASSIFIES
f53b08c1-3a83-5a81-8a35-2ebc6b7127bc,21eeb17d-f4ca-53e0-8a3e-74dde9159f52,CLASSIFIES
4062165e-e6cd-5fa8-869a-0a79dbafe843,6ef3368e-1d16-5ffa-8cd3-9e0128cd5873,CLASSIFIES
45405d9a-d3b1-5a17-8b16-d3610704e1eb,2fcd2f2c-2484-5372-8f37-cfca08f06d2b,CLASSIFIES
981fe6fd-6f95-5eb8-82e5-b0f5f82e5e70,f8d5bbe2-1b49-5d70-8ba5-517e4460cb06,CLASSIFIES
20d92252-bd43-5c7f-816d-f4e5b744b8dd,723b1976-cf8e-5657-809a-9b969431daa2,CLASSIFIES
2cec41ef-8ce0-5518-8bdc-95fd1d104c08,3e1ced8e-3e34-5f00-89dc-ab8f9f315bd2,CLASSIFIES
83747adb-5fbb-5def-836d-0b08effb9a92,723dd416-8895-5da4-841e-42a4d0eb824e,CLASSIFIES
4de26921-402b-5b68-875d-b88e7b175afa,8c8001e0-8cd3-5f53-81fa-0987c0faaf3c,CLASSIFIES
b1268436-bd24-550b-8655-7c4e9e614077,5c59a43c-8919-5083-8d1a-f653682f4897,CLASSIFIES
7b1702c9-81e7-5e18-827f-b27c472d2884,1f075f93-8635-560c-8fce-6f9bcfe262d7,CLASSIFIES
3c9eb311-7636-594e-89ef-756e6ac6665d,6939e6e5-85fa-5abd-8319-a45b5f4fe88d,CLASSIFIES
db7953a5-7c49-532e-8f90-540edeea67e3,f34e0d1b-42f1-5dc0-8740-3b95f7020adb,CLASSIFIES
d91e3f2b-45d9-5197-8351-e546cd24a2d9,63cf6a47-8982-545b-8673-e98db4d0979a,CLASSIFIES
06c48ef1-c248-55bb-8449-c0110fdd46a9,aaab6ab2-50f4-57ac-804b-47710af2dc22,CLASSIFIES
c5f31773-57b3-56bd-8e90-c3caa1f8975d,27e8d966-e49e-584a-8d5a-49ba2e7714ef,CLASSIFIES
39dee66c-33da-56c4-83a3-2607b1481012,d291d48a-5158-5750-8ed5-2deae98ef5e3,CLASSIFIES
65ee77d7-6be7-5909-8c0f-9446747db64d,9f5b7a14-e66c-59f1-8350-70f1a622930f,CLASSIFIES
f46cfb14-7e89-5e14-868c-983d3d55380a,1f3d4dfe-4154-5bb7-8246-c0f477e4f377,CLASSIFIES
e20a6f21-bd01-5543-8f06-72423b1742af,b5147cd1-2b73-5a11-8ce4-d83b4e77f622,CLASSIFIES
a861289c-aea6-51d2-8080-98965d560752,3a7e02d4-7047-5658-8973-620645257616,CLASSIFIES
3e4aead1-87d9-5636-8fd8-aad91b016dce,83fd7947-8554-5f91-8653-bea38327b547,CLASSIFIES
78df2717-e195-5906-887b-12198fc63159,2899c2ba-9820-5b12-8b23-ba5623164358,CLASSIFIES
15d30a72-118a-5e35-8be1-e55f25583a77,ad909432-3073-58a6-8052-bfa69a1a7aa7,CLASSIFIES
52397c47-eeb1-5a12-8c44-338b31843912,fa254391-8622-51af-822f-e248dcc3e61a,CLASSIFIES
67b9de83-819e-5fdd-8706-a7ee3d8e39be,01c50659-fee8-55b3-82f2-5ce49a8c1c34,CLASSIFIES
00da3b26-e68d-558c-898d-1a398a24c307,cfaec598-ffd8-59f3-8cac-29902af68007,CLASSIFIES
d0cb7723-caaf-519f-8e52-8e2d9a3beb15,aab57de7-b655-56bd-8cd2-7cdbc8d62191,CLASSIFIES
80091054-d2df-5c46-8644-8c9456560740,dce141d6-037f-5099-8f7b-d20bc50c540a,CLASSIFIES
c200fcf2-8556-59a2-8f9a-5fc8a710aeab,18f178f5-0c88-5cbf-8db0-14cdde813af5,CLASSIFIES
56785f5a-5b9e-5413-85ed-5e7c48f28668,3013e2d3-6408-5ce2-85ff-e05af72b09e6,CLASSIFIES
a02118eb-ea1e-5abf-8a9b-16d0f389b251,56d88256-0a64-5989-8ec0-d5aa2b4837e4,CLASSIFIES
918306d6-cd72-5b38-8bb3-32296372c068,4f175ad4-9710-5c47-8f4a-2f957d8257a2,CLASSIFIES
fc9a3908-5e5e-56f9-8e3b-0cd4f36b2962,06507f22-2435-5d0f-88dc-16e3fdcf3f0b,CLASSIFIES
d8d9b13c-1b09-5596-8489-25b55d9000ba,1c0a5950-be6b-52e9-8aff-d569b3b41dbc,CLASSIFIES
e5b72fd6-d874-5510-8b64-eb0aadf7182d,752c88cb-dfbe-561a-8c2c-35b2e7e5b5dc,CLASSIFIES
10599b26-39fb-5be7-8aa1-4fbf947661d6,a1e80828-3687-5bd6-86ea-c6fa1cb1cac7,CLASSIFIES
953367f1-b284-5e27-8888-3016835a4600,45c997e9-8b26-5db6-875e-aa751441c317,CLASSIFIES
4b001272-01b3-5e4d-83a1-1a6ad5c42f56,bcbec48a-bf04-5bd6-8b97-77abf1c7867a,CLASSIFIES
f894addb-ead6-53f8-8adf-dcc6307b0f1f,d2323bcd-f562-567f-8180-800cbf3abe82,CLASSIFIES
03c3c802-7fbd-58a2-81e4-e1cb178bf9d0,a06e75eb-3558-5fda-8bcb-3a8c7d91e35e,CLASSIFIES
0b16d224-ddc9-5028-8d97-0acd685c5c48,a6b8e800-9896-5c6c-84cb-458975bbc680,CLASSIFIES
44773e9a-ff1b-5f8f-88c7-8a7832911534,d41b3fff-9a30-5697-8ed9-96e58891e229,CLASSIFIES
009b0727-35b6-5695-837a-2d2c6becb8a8,1b2e29ad-a8ac-5c10-8f04-bb7c9875eb8b,CLASSIFIES
9be31100-b48b-5955-847f-d878796b1f57,2dbdb887-b027-53f3-8f06-81b8dd46ce2c,CLASSIFIES
7276d6b0-639c-5ac3-843e-f1d5d762b2d7,beca4f5e-929f-508c-8344-aa2f69c8da7f,CLASSIFIES
6d3cd8ba-30ea-57e2-8788-ab8330661284,4e98423f-f354-5ffe-8d9d-a102bfe5d622,CLASSIFIES
0ed1dd06-88dc-5ce1-8436-e450965062cd,86ebc921-cddb-5973-86ee-18afbc63a854,CLASSIFIES
97675adf-b4a9-5a4f-8611-272e51bc9017,0720e11d-3fcb-5ad7-8c6d-bdf58ec409ba,CLASSIFIES
b7799a01-fe7f-5808-8a62-8b5a33e2863e,109a4120-dd9d-57ad-8427-5c5ada1e7c2b,CLASSIFIES
d8bab175-30b9-5098-8657-c50fcd4d805a,fb173528-f5ea-593b-8f0c-4018761ad0f7,CLASSIFIES
a668aa9a-8921-543d-8e31-9754bb3044f9,ab1ed519-99b5-5b52-8ce6-4d7dedf4ffbb,CLASSIFIES
46ead718-08a4-599f-8f3e-fcab4b9e6c69,1b06f843-9138-5555-87af-3231adce6220,CLASSIFIES
7b855ad0-aa45-56e0-890b-fa41ad27b80b,9241b2fe-50a8-57de-8289-dac5ab930bf8,CLASSIFIES
beb1d65e-ad85-5a1a-8811-6f19663e25f6,d13a8b5d-9942-5378-82bc-2478c721b45e,CLASSIFIES
3a6ecae4-f3c7-55dc-8db3-d0ee31e37427,39f2916f-c2e3-58be-8c5c-c08a9a03152c,CLASSIFIES
dc91dcea-1e92-5169-8292-8a1da515938e,e48144e5-09f5-5ef5-8d0a-cba26123455d,CLASSIFIES
dcd78fc4-4876-5cfd-8bc0-4b71b56d3826,f9315c69-1018-5a25-84da-3978ad29784e,CLASSIFIES
6cbe4a16-0118-5b6d-8dc4-874567fe498d,47179ff7-fe09-5262-8dd1-0c15485b23c8,CLASSIFIES
47456ca7-71f0-5045-8968-5ab077799bc5,4e26f4ac-03b9-5cbe-8c2c-f46a09e4fc3e,CLASSIFIES
eb614097-6a7a-5702-830e-89c5e4f0220d,0715cfea-2fb0-5528-88f7-2b96976078dc,CLASSIFIES
38b2ef75-aa94-50b0-88ea-3f067c821f5b,40559af0-c3f3-55ea-82a8-e7819c391bfd,CLASSIFIES
2f0ef1d5-8b5a-54b8-8862-95e5dbce532f,fb93a373-91e4-55eb-8c12-dd7cd1dc0a90,CLASSIFIES
8d6f13eb-b122-5dd7-84b1-2c4d79f8bbf7,ae583a23-145f-563a-869c-74b208115672,CLASSIFIES
9f89c579-b86a-5e1b-87ec-f5ed97e5685f,817a0a0c-01e2-5b3c-86f6-351bf81c5043,CLASSIFIES
b100591a-d2db-5310-897a-c0ad5892b41c,a8d8fc24-715b-55b2-8de1-3310648eb687,CLASSIFIES
ad230b72-cbb2-53d7-8f29-80d09cf69303,668d13a0-0e76-593e-898c-e5cdd47d8faa,CLASSIFIES
816f05bd-a72a-502a-80fa-4562929bf0bd,9edb5c3f-0f52-5d2f-8529-aaafc54cff64,CLASSIFIES
08fb4c52-66c8-5d27-8f56-762ef0acd03b,e2508974-20a6-5663-8e2e-698a5d04c78f,CLASSIFIES
998e6ac3-8375-56da-8201-ec46aa0d5146,cd34e688-51b7-5ad4-8ce0-7a3641da0738,CLASSIFIES
325d93c3-fe31-58e7-88ae-879680f9da21,efa3c345-501a-5dff-85ef-22bcf787338c,CLASSIFIES
fcedd92a-c59b-5223-8278-4d4294de6450,48953034-222f-52fd-890e-85a2063098bb,CLASSIFIES
445a7bf3-d7f6-535a-886a-518b8427beb9,d268c55e-f14a-59a4-889e-d9a9c3a9cbfe,CLASSIFIES
20921440-488e-5593-8f8f-7ed52c2249c8,b4bab001-c705-5b14-8a2e-da55511b1fa6,CLASSIFIES
97ace563-173e-5f54-8456-c7e9091abab3,b6c486b0-9746-581b-8283-14aafcd730dc,CLASSIFIES
b48282c5-7b47-58ca-8106-a14d7533e62c,f9085e27-22ac-5ca8-88b7-db33cd6ab08d,CLASSIFIES
6d972a8a-51d9-507a-8bfa-7a5101187191,29ff9663-05ad-523a-8308-262f3fd42ae2,CLASSIFIES
5954dbf9-323c-555b-8dbd-5a64928fd3cb,34e74120-1f67-570a-8047-57a2de280371,CLASSIFIES
aeef80c2-fa1f-5e98-8f45-1be41235d885,b963b9d0-7c03-5ebf-8803-99177c72ec3f,CLASSIFIES
2f575782-928e-542f-8745-8c426cc0231c,59b46f7c-e72f-51b8-8f68-a00c1058a224,CLASSIFIES
c6c59863-745e-51e5-8f99-e184807ea85b,e6e7ea0f-8f41-5ed7-8e6a-af3c7da00b14,CLASSIFIES
5794855f-109e-5c6f-8436-9abcc6121fb0,c8679de0-59b6-5c50-84a2-502aaab33d09,CLASSIFIES
ad685a97-afd1-5126-8cf9-e847233d0462,dfcbabfc-57ec-5bfa-831f-3b355b95426c,CLASSIFIES
53562b4a-5e8b-5775-8516-6dc368a4043d,1c67ccea-d372-5353-8919-437198c9b497,CLASSIFIES
dc183edc-e45a-569d-8633-64db368ec5ad,6a22d661-14dc-510c-8ffd-57e0837208b0,CLASSIFIES
bfe37cad-9128-5084-8263-e2f58d581f52,7162df86-f91a-5728-86cd-8dda1db2f318,CLASSIFIES
e573c05a-6989-56d6-84c5-e1e87e9c2209,34f42b28-6f95-55cb-8e67-f5af9a1b27d1,CLASSIFIES
16e4f14e-0453-5f1c-8aa2-0e886ff9a453,3288e5c2-1626-5a0a-8db3-2d9949e5fa44,CLASSIFIES
9b38afc2-61cd-564e-8025-27db26738f6c,608cb1ef-7629-57c5-8f4c-3d28eaae757f,CLASSIFIES
50dfaac2-f03a-5c3c-8eec-b9a59c7a735a,a7205dc2-4e49-5810-8877-16387067895b,CLASSIFIES
647c0946-f646-59ee-8ca8-f996709d1637,b61b0537-77dc-5066-80a7-07903097629b,CLASSIFIES
a25439c9-2b7a-571a-8d43-3d257aa68c64,f3775137-ad3b-52f0-8891-f0a6a1e3ea4c,CLASSIFIES
b46418a1-f51a-58e9-8fcf-8e24eeab636f,44d99f30-73e3-52ed-8914-5620ef89ae6f,CLASSIFIES
9644881e-d351-5161-84fa-dffbe41de8ac,aac4e908-b426-5118-84a2-9716685c693b,CLASSIFIES
86b09f1e-c6bb-5891-87e4-e75a76e933e3,8a94d791-cd36-5e7f-8627-c003e2e39842,CLASSIFIES
b29a3cd4-790f-5d78-84c0-0c331f33f27c,76eaf2e8-d488-5ed8-8f5f-629bc7962061,CLASSIFIES
413f8f39-e00b-540b-8354-8b78003cfdb7,af872d6d-d899-586b-8afe-da186a0f2289,CLASSIFIES
41e6d992-d720-5056-85c2-5c71636ed206,f85633f4-5191-5ec0-89f8-06f446d03661,CLASSIFIES
c9eb570b-da9c-5ca9-8007-e0ad948463b6,642e3db3-f704-5007-8bb1-9cc847270a47,CLASSIFIES
2203b7ef-0bac-5f04-8931-36c9805cc757,96eaa848-f896-5beb-856a-6083d2b774aa,CLASSIFIES
6647c07c-7f68-5f35-8def-c8f4c472d0b5,9ecd9adb-a652-5444-856b-218d76e9ad1f,CLASSIFIES
6090889a-0688-5027-85a0-5a14744b5038,00c68458-fbca-5c8d-8d04-3015fa2bf393,CLASSIFIES
f8f8d686-60d0-5dec-86b5-366d1734058c,604fb9c6-78a3-5183-8911-a2be7c9bf94d,CLASSIFIES
02133292-0be6-5fc4-8941-b587275a0f00,d88446be-f05c-5bc0-8fc7-8c5dbf26bf13,CLASSIFIES
5c813ac8-e4f3-555e-86b1-53b422621c9b,d9748668-7b85-5e1b-87e1-f4c52ab331c5,CLASSIFIES
963e0c0b-7633-537e-8777-76e3fb6783ca,84c42b46-c4a8-5f47-853a-f3556f757583,CLASSIFIES
e6a3873d-6957-5d0d-8360-2c8d1e56ad1f,37dd342b-cd2f-562c-8f05-5bacffe1f6c9,CLASSIFIES
5928aee0-793b-50ab-8a65-73bb0f93668f,8eab6b68-e941-5a98-83b0-4b4803c486e5,CLASSIFIES
6964f96b-5659-5b47-8061-99eb9fc96444,b01b3d37-2b11-5506-8aba-dfa1a9fbb004,CLASSIFIES
b98c51e3-1114-5fed-8237-84d79079177f,ecaf4707-8f86-5ddc-8f1f-f1c5efbafeca,CLASSIFIES
94cc586c-7bb3-5232-8b81-49676c6a79c8,b3cb72df-8cdf-5307-8d78-87dc2087795d,CLASSIFIES
f507cfa4-e1b4-52c7-844c-25a3a080cb40,55c89073-e061-5bb3-8795-b3d3c2d5e995,CLASSIFIES
9ef56a41-ff95-5394-81ea-16ff95806f88,5fbc1652-76a1-5f95-81a7-a37e75db35e2,CLASSIFIES
6ff3f3c2-0cd6-5c76-8030-4ab4be845b8d,e406f28e-3049-5e24-818a-3e55bd5ec69e,CLASSIFIES
a843ac20-916b-5906-8289-e4382c279935,ecdbb7a3-240c-5c04-8703-fc7b6979931d,CLASSIFIES
3cc4b255-4949-5e4f-8f94-d3f2c3d586f2,b7665c60-6750-59d3-81c3-ffefe5a483c5,CLASSIFIES
412240b9-5e86-5e72-8e19-28be17cac785,561e279c-0215-5310-8226-c5aaf2665a3d,CLASSIFIES
2458affd-ad42-5553-8f71-2a85c4dba2e1,e7f9c3bf-e9ab-525e-8fa1-608afc78b7d3,CLASSIFIES
8761c1a5-ba93-50c4-843f-ab8bb2bf4de1,7504d301-1f42-5921-8b6e-25ec3c94d190,CLASSIFIES
671122a4-36fe-50c6-8e9e-5de95df8f370,f2d13e09-fe84-5929-8a86-63a94d5c840c,CLASSIFIES
740e3e63-230e-5961-811e-48e1cbdc9e2b,74fe9ae8-2a24-5f2d-8cf9-7652cb239f6d,CLASSIFIES
79c89eba-0bf3-5b71-8a78-26418080ea23,aa7c78a0-3950-52e5-8ad8-e0b049c0a435,CLASSIFIES
bfddcb04-8630-59bf-8c8c-11a2b2c5066d,838ee52a-1403-57c3-8bab-8d4f0ebb60a5,CLASSIFIES
f8d993fa-58fa-5048-8a16-67429d4be3c1,b91d4fdf-41fd-5939-823f-8b6e3f966dba,CLASSIFIES
c7c27c9e-45f8-5429-8b9b-c7be85b89f51,a028548e-6264-54a7-8844-eaba19879f11,CLASSIFIES
37e4f3e5-370a-5a70-80f7-0b44f1e01344,8f8a79bc-abe1-5fbd-8cee-3b774af45157,CLASSIFIES
bfec3ffd-8e36-5dfa-8bd3-d97e59840572,f4cd9f3e-b756-5019-8d88-ad97ef18b280,CLASSIFIES
1b0480e0-c56f-5ff9-850b-03db243a9e2f,36d38e29-a112-5c6f-8a37-bb46f4fab699,CLASSIFIES
d2af24d9-d622-561d-8fa2-9d23aeea3ffb,34c33ef9-589e-5952-8821-4be68dc88f3c,CLASSIFIES
37423be9-defc-5745-8d6a-ce5eaf35356a,d4ed5514-e17e-55d4-8dac-fcb30467fb5d,CLASSIFIES
1f0ea050-d177-5dcf-88e2-37c6c8a6fbca,f11ccc7b-1548-51a2-8be6-c62bc5ccd1aa,CLASSIFIES
f975002c-eb59-5f09-8a90-c556c250dccb,6b71981a-06fa-5c64-856a-20faf5b89d0d,CLASSIFIES
fa4d841b-2f24-59ea-87a2-3d2bf7a5f84a,bc9ec635-815e-5bef-8830-8bcd8079d5fe,CLASSIFIES
43901e23-c66e-5ca8-87a0-5b6b0231342a,88f5ea81-9a6e-529d-881d-19153849572e,CLASSIFIES
73f12e73-2e54-5a9f-8977-43fde9c1602e,1a21f645-25a9-5ebd-8b19-78727a44c9fc,CLASSIFIES
5f168486-21c8-549f-8f65-66e3ee05a9d0,b0157bee-bbc0-5d16-8a7b-5ab147bd64c2,CLASSIFIES
312d3852-649e-51a2-8f28-85ad9dca7b25,36716b49-013a-5295-8b5b-5beba4a3d9fe,CLASSIFIES
0d295ee6-f3d4-5308-87a9-91e31ead24cf,0655bd2a-f382-5f30-8cd3-86609be25d2b,CLASSIFIES
c7844dfd-4827-5ace-83ec-ab5dbca378c4,c1ab9018-4cd0-5238-8d30-6951ec04cd20,CLASSIFIES
c61dc3cd-eec8-5098-87c1-bdf4cd0fa253,2fd5f1e7-8524-5094-8824-61c2e1902fdf,CLASSIFIES
fb591b25-ef44-5a53-8578-c95e6191db3c,a7549d70-0db0-5c4b-8b16-2cc1388bbd85,CLASSIFIES
2b97c0e7-2a3d-50f0-8c04-d215280b762f,93ac024f-1e0b-551c-8bfa-67c46fee273b,CLASSIFIES
1d3ee3e0-b281-5c23-8ae3-05f55b4b4e9e,f33ef39c-e2be-5ef1-8c8e-a5921d00e8fb,CLASSIFIES
c399fe0b-f42e-5997-8267-2f08193c3636,da249474-764c-5eff-866c-12d154857ed7,CLASSIFIES
b108bf8e-9c33-52d8-8b4e-36ddf92addac,87ca7955-c514-5bb1-8b23-b2e5288f6cc6,CLASSIFIES
4f9d2674-77af-5139-89f6-261b061e9975,34b97ef9-ea10-53f9-8fda-f162d883556b,CLASSIFIES
31627fbc-598a-50fc-8c58-3400dadcd21d,7d4c9f95-862f-5d38-8fc7-7d2acb08bcc6,CLASSIFIES
6dd73391-9650-56f7-8e38-622c143fc51a,7c6d955b-f9df-5c81-81fc-5f1bc99f1b5c,CLASSIFIES
b8ed7507-9444-56d0-8f9e-e65ea6f17834,4cdb4b18-4363-56e7-8297-d98aad0b6931,CLASSIFIES
bb9504e7-778e-5879-8fc3-39ba35e915d5,ca247f6a-22e8-569b-863c-d13ccdb9ce7e,CLASSIFIES
b5d6d92e-a93e-5b6f-8460-59a5b31645e5,1bc33ed5-c908-54cd-8f5b-5fa77674e5a4,CLASSIFIES
b00f0fbc-2dfa-5e4e-8695-012e8f2df2cd,ca4580d4-8de3-5c7f-861f-03f41da638fd,CLASSIFIES
4e148f72-ad1e-506c-8124-8c245e9915fe,8bcbe09a-ba9c-5a26-876b-86007112476c,CLASSIFIES
f0a0388f-e4ae-56cf-8616-67823abd04ce,34bb0aa4-5406-534c-8701-152394ce112b,CLASSIFIES
02591513-2b82-5e8a-85cc-a49f30d0391d,12252ad3-5886-59a5-8817-2f0b6b11c8a7,CLASSIFIES
2dc3da70-b688-59a5-8ebd-d14c2ab93614,2a58023f-b4c6-5350-89db-f2a57c88cadd,CLASSIFIES
bda02544-26c7-5f21-803f-b110ed7c71d2,80d13e0a-b627-58f7-8c06-931f43982cf4,CLASSIFIES
05ca5dd9-83f5-55b9-84e0-dbdfa79e551f,2b4e9dd6-a083-5bdc-88cd-0cab327344a7,CLASSIFIES
4e71ff7e-2803-53e9-819a-f5d2781c8b85,83e3715d-e984-5211-83c5-476dfb87c391,CLASSIFIES
acb15690-9dde-5012-8cb4-eb383f371087,58c00442-cd8e-5727-81cf-e5d7383918c2,CLASSIFIES
9d0d45bf-c7a2-56ae-8524-5ef8ea3b497e,e4a71a28-fde1-5b04-8844-e9cb128636dd,CLASSIFIES
feb8c146-cb42-58a3-8808-9143df1bd107,3c5a20a2-bc1a-5e44-8abc-e7e39cd4dc71,CLASSIFIES
1ff515d8-9cde-5b56-89c1-7ab4cb401838,c32f5d17-f6ad-5e5c-8afc-edecbc85806b,CLASSIFIES
77a0b39e-5ea9-5258-8572-7ccdf663fa05,3d372c6c-4a23-5011-815e-3e3c04bed0b1,CLASSIFIES
c914fe63-fb6f-52b3-8131-a388bec37703,96ca3bdd-bfb1-5ba4-8758-820e024e2072,CLASSIFIES
dcd93b87-e2fa-51de-8323-b630bd8ae923,32cec655-3ac7-5be3-86f0-bf293ee96c69,CLASSIFIES
8a1463a5-d072-5ca2-89e5-821ab4f98346,0453fcb6-5198-5ec2-8e22-6cd8a214cdfe,CLASSIFIES
f4c3f0c0-fdca-5004-8c24-716cce26d88e,1f4e1c3e-eb95-58c0-8154-34fc643b27c6,CLASSIFIES
1aaf6109-eb5c-5056-83e6-faa9dce3be88,0fc1da00-9b80-5735-8f9d-7b742327cb5b,CLASSIFIES
ef4e3e95-ab28-5451-8257-08139e7016e4,a2931418-d7f3-539c-88d3-96e0a328a632,CLASSIFIES
f9bc7a5d-1190-58e5-827b-e2b341dee1b1,a5afed3f-c3a5-5e0b-871d-eb6bedde879f,CLASSIFIES
fc3884e8-b7fe-5fb4-836e-ae45bc10280c,8895fbc2-f481-5e6e-8f70-8a34d154099c,CLASSIFIES
76af7616-6f07-5d29-842c-4fd2b6ddc9b0,22832afc-44d4-51f6-8238-eae804519ab6,CLASSIFIES
9d4bac44-b316-5140-86b5-b1295b5cbe8b,88c26dc4-4aaf-5625-8d66-cb409752585a,CLASSIFIES
d2366026-6fc8-5452-8003-aed1ce118dd8,5ffcca96-462f-522a-8370-e48c11d79667,CLASSIFIES
66f164b7-7702-5828-8876-fc0841cf6efa,1e758555-04cd-5fbc-8b43-a0bc11fb1702,CLASSIFIES
36385f62-116c-5754-81cb-2772748f188c,32cdad67-8374-532c-8a72-b44ff06ff898,CLASSIFIES
acea7ae6-f6f7-500c-8970-40175f1098b3,f0f8b6b6-de96-5b22-8339-b3a9af71633e,CLASSIFIES
cbafb1ca-a28d-55f8-81a6-487190f36866,0b14fc5d-2106-55d8-8d9a-679674edb318,CLASSIFIES
b6170f29-f4b2-5359-8bb1-2a1e11e84933,75cc761e-7c69-5d72-8a37-ded8d8237f02,CLASSIFIES
aaab103f-35ee-50e0-8a71-e54163f518cf,41eecc04-6419-50fe-883b-fa71cb1acff7,CLASSIFIES
f77be142-f82d-5dde-853a-f539a725fbcf,293bd0b5-3c36-5d30-8e31-a6e64c1e118a,CLASSIFIES
c2cd1047-e09c-5a4a-8415-718a53f9e77b,4e7b77f3-53bc-50b6-894a-c003ceb7c62d,CLASSIFIES
07a11ebc-20e3-547c-8971-c94bf6470cfa,c2885ff8-b1e8-5506-8bad-95c257c16028,CLASSIFIES
9e4e8dfa-5075-5203-83ea-a8ab573a85bc,6aedffaa-f763-5748-873c-cafd6c0ac3a7,CLASSIFIES
91c1fba6-91b3-5901-8931-78964e127457,984d1f92-6fa0-536d-882f-64a6e8ee9a47,CLASSIFIES
4fb0fc0a-6f29-5c54-8912-c6574aa41957,b922e92d-dc46-5820-8a1f-59eaaf92f561,CLASSIFIES
9ba8eb22-123e-576d-8a25-d446c90f3ebe,3b2d958a-cd89-545e-83c0-d1ba812b9e0a,CLASSIFIES
0d966bd3-1c81-56ab-8f1b-2b0a74a33d70,196b56a1-7bd5-5e7a-8e7f-16c1985d32ff,CLASSIFIES
b7e439b7-3d3a-5859-83ad-a8b32510d054,d567376a-fd83-5065-8202-9ec2a098eb6a,CLASSIFIES
a880fbc9-5c46-5e3f-8e33-1ec922bf6068,3533582a-c9e4-5166-8198-4fedbc2621c1,CLASSIFIES
36ae7e93-a404-561a-8a8f-601c0025c221,59f261db-4807-5098-88db-cae0f555516e,CLASSIFIES
3b66a157-e478-5ebc-88cd-b96d5f3088cf,0a735ef5-f042-5101-8f17-0aac66c2bdd5,CLASSIFIES
caddcc22-b451-5b80-8a6d-d93aaf374328,838ed4c4-793d-575c-8bbd-887dc3946e06,CLASSIFIES
44a6d922-0361-536a-8825-e2247ee0b26e,314ee696-2a78-5579-83ed-afacf17bced4,CLASSIFIES
0adc4198-857e-5eed-8f95-4fa9086bf7a4,98b97199-d046-5cd8-8619-c251d7d94609,CLASSIFIES
229e2b59-32f1-5db8-8dcc-a1414d53b4c6,8bdce1c0-c785-5716-897b-43c65cc4f966,CLASSIFIES
a171e87f-eb0d-5382-8c93-7428a99cfd34,783c6691-6756-57de-8234-141de993133f,CLASSIFIES
124f0625-8929-51ac-85e5-31fd1dba61d1,80b4f6b3-a229-5c27-811b-1ec289273f7f,CLASSIFIES
caf4c595-ef5f-512d-8e7f-437ab8aeeed3,0ca396d8-9069-55db-86d6-bad62bdbc661,CLASSIFIES
1e86ee7b-7320-5d45-8df1-9339a94727bf,461cd28b-8dfb-5030-8148-68ab3f7842ba,CLASSIFIES
8b8a45ab-1a1a-5fa6-8731-d8f7a4ca9728,e9bd0ae1-d8df-5b39-8826-1a2723868bf2,CLASSIFIES
1c0ee152-c024-557f-87c4-44d7529e5f3a,58eb93e3-2e48-5812-85e9-2803eeac7ddb,CLASSIFIES
1c297a95-f8a9-54b3-8fe4-6b9da5220678,939e4a11-4999-5273-8fc9-253e24f2ff29,CLASSIFIES
46e27e31-d93f-5710-8b24-9361d8828717,230f54cf-e9e3-50aa-8616-603d11c601c1,CLASSIFIES
48c536a1-604b-5df4-8ffa-11a0680002a4,c38874c5-72e5-5d22-8ad8-6ed01b26bc8d,CLASSIFIES
3bf57a80-86cb-5387-89b5-4213b89a4d67,4b75057d-10b4-5bdd-8296-0e2941b55d29,CLASSIFIES
2f1bbe66-d6a1-5c73-8dfd-be2849163345,53a4dee4-fa4f-5f44-817e-f2aa269346a4,CLASSIFIES
e1926fe1-9026-59b2-8b82-13bc79589c35,c77c6de0-79ac-5cf0-8fa9-d0ea4b21d634,CLASSIFIES
7869cf02-a074-5267-82cf-a07ca25996e2,efa3e352-d9f7-59e4-8031-e41a47508bee,CLASSIFIES
98f7a698-2543-5c62-8561-c4c0b6f832d1,4a835ca4-0e0e-5c5c-809a-c949cb452195,CLASSIFIES
1c467df1-25b2-5a5d-82de-079c2ff59ec4,41af3ff7-43f6-5492-8df8-abea2f529660,CLASSIFIES
8f7a84df-a42c-5d53-85f3-872ddc4902cd,eb4a8d18-b818-518a-8098-034f40d9ebe0,CLASSIFIES
be2b2bdb-eefb-5505-8fdc-bb12a3f75b33,5c63615f-1a85-5c95-8f7c-2a3ea3fccd55,CLASSIFIES
a808b485-5f6d-59c4-88d1-717a803689a9,8b86cab6-ca9b-5abc-8ac8-61809bc1042a,CLASSIFIES
4f7a1e90-5513-5bd6-8a92-90df617ab4f1,5b0fbcd0-d64e-5a43-8291-8035412802d4,CLASSIFIES
cba69b6d-db97-5100-8a60-cee0db83fac2,e2d018b8-a0a8-5704-8a80-ae0874294e55,CLASSIFIES
39e2adf9-c8be-5b82-8a63-56c85d74ddff,882d2c3f-2b16-5cef-8ffa-84f3c19c504a,CLASSIFIES
c9a4daf0-e186-5658-8f1c-7404451ac2af,a628e5da-61c2-5222-8a79-c8eeaf74d635,CLASSIFIES
f472098c-d6cc-50b2-8890-50ee53b9b28c,f98bd76c-d5eb-5068-8a7e-5f97d526ea72,CLASSIFIES
15afd02a-3e23-5379-8ed2-00186023d833,85fea34c-1593-5aaf-8d51-401622557a72,CLASSIFIES
293d0669-c859-58bc-8aeb-7bf4246f6928,420c1c6a-7a15-5775-813d-014824c1f166,CLASSIFIES
f237540b-ee69-5d35-88c2-3add29b2a4ee,e675876d-3a84-5d3e-84e3-cafa3294b1af,CLASSIFIES
0540ad21-d7bb-55eb-84db-78543ed18722,50d9cfcf-4ecb-5015-8c7e-14ef369def64,CLASSIFIES
f197d75d-f528-59c6-803e-0fb484efd54c,b3e7280f-fd05-5e0e-87ad-3a724a0bd251,CLASSIFIES
03407c6d-b168-52ec-8bf7-e4fd9fef16ef,892d636f-17b8-54df-8ebc-c98a1d10b3e5,CLASSIFIES
553909cf-f817-5d62-829c-980cba8a22e7,5b8d271f-e4a9-501c-8f10-b260b33277f4,CLASSIFIES
d25c0a5b-caee-54e2-8213-06f2a10446bb,d2c4a705-1e20-5061-825a-56ef58600c64,CLASSIFIES
6c96e087-5b5c-58dd-8a82-682481e51a49,fdb89373-5f92-5f69-8f83-f856891da1fb,CLASSIFIES
69cd9d6a-a03b-554b-8944-5204af6a304a,cd27f61d-4348-5ae4-823e-5dcebf8e1b2b,CLASSIFIES
26eb9a28-33c6-51d3-8ae0-569ca94b4bba,d557db6a-0090-5563-8417-2dbc6688fd49,CLASSIFIES
3d3baae6-2f28-59bf-8a5f-1d9ab5ac67de,b35de5aa-3be5-5a52-877a-9cfb3fcc5950,CLASSIFIES
b21fa1fd-3622-5aae-8fd4-c3dc8b203978,23de2793-11f9-50b6-8d54-d00e417750f9,CLASSIFIES
13ed970e-8bbf-50e4-8ba9-41afae804cda,feb753bf-a07c-547e-8d22-065912ceabab,CLASSIFIES
20e912fc-b50c-5b69-89b4-6c78b1de66df,0d7b6e9b-8ef3-5ba2-8893-60b8374d36a7,CLASSIFIES
47046c9d-2d48-5ac0-8d39-77b5d2c965a3,b4840a48-cf8c-5525-8cc5-95d41f2599b9,CLASSIFIES
f296f58c-aac4-574c-83ec-d142667a2727,b0e7fc3d-de54-54b4-86da-c9d4c826f6cc,CLASSIFIES
b4fdda24-0019-50b2-89fb-40cc631ebed2,8ace81fc-777b-5e55-8a03-644f194ab7d8,CLASSIFIES
147c0a4f-4499-5bcd-8cf2-0adcec346bd2,313ee250-568e-52e7-8ea0-354b593c6778,CLASSIFIES
b38eaf0a-fa86-5cfd-8ca1-5aec8174f5af,f9308537-85af-5dd6-8b71-74891ab83f17,CLASSIFIES
f116c9f4-c1a7-5a39-8db2-ceca79621565,d6848a7a-3f37-5ec7-8a02-2da0057cc07b,CLASSIFIES
6db2ec70-6375-5074-86be-2d8c6a7f0e3a,01e1b735-f01d-574c-83a4-f423ddd4995c,CLASSIFIES
472dd805-513e-5e83-820e-700affb4734a,8ba21471-8296-5e5c-83de-7ac57ae6dfd0,CLASSIFIES
6de398f0-f80e-5d8c-876e-0f0542bc9eef,e448519e-d610-56ba-8154-d3de6023a68a,CLASSIFIES
ca4c36da-6e5e-519b-8a66-9730cba927f3,ecbbd1d6-5b4b-532d-8eec-b10f2e23e025,CLASSIFIES
35a000a8-28a0-5944-86a7-bc226cc9bfe6,0a327cef-2f56-5aeb-8e53-938fd662c08e,CLASSIFIES
6c1fa204-0aca-5956-8197-08b8c2c59fcc,016745e3-dff2-5be7-87e7-b0e62e69836b,CLASSIFIES
dddd031d-4679-5457-8acd-de316623d9ab,21e277f0-8237-56e0-8784-330d8337d73a,CLASSIFIES
0ae19e02-8d17-5b92-8c8a-2b29d65c185f,7a7e0319-f63d-5269-8997-9a5d3a3f35ff,CLASSIFIES
154f6fff-3b17-564c-83b1-91bfb2ecee51,ad016104-7e57-51e9-8f6d-04dff00156dc,CLASSIFIES
c373aa26-0b02-5dc0-8d7c-731220b1b179,69498c53-948e-5978-81fb-3f47d864a15e,CLASSIFIES
1ce28909-46ca-5beb-8ffe-6eb9cf23a734,55160b71-5ce3-5462-8400-2b606040a87b,CLASSIFIES
9c3e734a-dbaa-57ed-8033-ae5dea9ce3e1,c6cc7c01-76e8-519f-8fa4-5b8e675e2964,CLASSIFIES
396683d3-05cf-590a-8655-f5385f4466c6,505b26b6-8e33-50bd-8170-44e86e6536ce,CLASSIFIES
ab583ce1-725b-5556-8b32-8c0767cab850,6ef710dd-7afd-5275-8559-b05f5e23c437,CLASSIFIES
9fe3af60-28c7-5278-8340-1061d6bb5070,2706c37e-000d-5e63-8870-821bc3b508f4,CLASSIFIES
ce7a957a-c0e9-5ec8-81d3-c5a950926818,990e14fe-37f8-59ff-85fb-f8bd83710178,CLASSIFIES
a55ba5b1-758f-5451-809b-2c5cbbfe0f5c,cbb56d90-b112-5d70-8307-7c39c3e2c008,CLASSIFIES
4636f080-a88f-58e3-869f-16cccde1a817,d201e668-19ce-5d5c-86db-5bb40e75244f,CLASSIFIES
696b93b3-acf0-5ae4-898e-a6a3af3a4a5c,7977c866-70f0-5560-84ef-b536590577ba,CLASSIFIES
a764dcb8-6fc5-56a7-8fef-701d9af610d5,c8548025-0a5b-5424-88a5-b585307df63d,CLASSIFIES
9da7007c-c176-54f6-8c5d-5c853d81fb75,137280da-0f6f-56b3-8bed-4572090f9fa8,CLASSIFIES
fbb1f4f0-d605-5ae4-8f3d-316df214806b,7d58715c-8817-5fe0-8747-fd8242657062,CLASSIFIES
0f89000b-4d93-541d-8fec-662bcaba3971,eada56ef-e6fb-57a3-8651-381d32f59f9f,CLASSIFIES
55f56aa4-4217-585d-8e4d-9a0716ba52d9,bf7df958-710d-5e3e-89c3-536ac2d0abcd,CLASSIFIES
45d17c92-cde5-5957-8ff4-f4ca7de09d98,426d97f7-e386-53f8-8d0d-fad52b3ad083,CLASSIFIES
26d9fd52-b100-5edb-877d-73736e4ebc68,72c8d4d3-6cd3-5260-835d-37aadeeaec68,CLASSIFIES
8f6e4fdd-dae6-5270-848b-5da42c3f33b5,15a6a942-df9c-50fb-8719-5dbaa5b89397,CLASSIFIES
bfdf50ee-0ba9-575c-8d6d-17f8220bb174,9a793179-796b-5c9a-8436-c1a55d577ac6,CLASSIFIES
f7ce47a7-f7f1-5774-8c6b-80717a7eb41b,41840e04-805e-58e5-838c-78add92f67e1,CLASSIFIES
32f97b3f-cc97-53c6-8df4-d4c536afc042,277922b5-b599-5608-8ffd-09b9489e8e59,CLASSIFIES
5befd070-6de6-5f43-814b-d7fab5625325,eeee57ee-4056-5787-87cb-f8be9c180535,CLASSIFIES
fc3a167d-6f99-5b6f-8c78-2b12d186678c,2069cc9a-6fd1-564d-895e-43710a590685,CLASSIFIES
f34cdb9c-b600-534b-8cbb-90555855649c,d1d90fed-b6b6-5083-8674-a783eb62a1dd,CLASSIFIES
a9dc2cff-6475-5441-84f5-dcf098d5bc2c,b44cc8c9-d91c-5e87-8cb2-309542ed345a,CLASSIFIES
962b7610-f423-5eed-86e3-f85749c7b312,e1b5673b-a6d3-58ea-8eb8-fbc92c38f634,CLASSIFIES
c70087cb-a55a-52b7-8cde-7e69e8fbdb80,900f19ff-0434-5958-8e89-1eac7fe4eb40,CLASSIFIES
c22695af-4a07-5705-89b4-756f5ca423a3,41a855eb-95a2-5113-8cfc-6aaa2dcbf9c7,CLASSIFIES
08749e47-4c4e-519e-8483-5a902a6109ad,f35ffb64-bca4-5216-8482-f76a670d4038,CLASSIFIES
085c4646-efc4-5980-8cda-a0168b1de72a,6a993cd8-00d3-55e4-861a-4576f2ddee9c,CLASSIFIES
205faeb0-e5d3-5d35-8dfe-4d7fe21a2078,b0b22a31-2866-5377-8b76-11f71d80e888,CLASSIFIES
98f446de-b65f-5cf1-825d-93f73969e382,53aa11bc-ed79-5cd0-837a-2e5178f88795,CLASSIFIES
541cb7fd-2841-5672-8ab2-c39e8e7c5cf9,ff0c7b3e-3c89-5830-8bf2-6f8450a1e66d,CLASSIFIES
6001ee1c-9c2a-5074-83d4-d0175aad9adf,70f39b2b-3e14-520d-8439-a2831ae2bbde,CLASSIFIES
e96c9597-03fd-5164-8a65-9809fa590304,e0ca3d93-3aa5-5570-8d1d-edf6900ef03f,CLASSIFIES
fd5d6bf1-299d-5d81-81b2-11b71bc8592c,77cc4c26-28e2-55a3-8cd7-f03e2b56c8f8,CLASSIFIES
d4b21cdb-dbc7-5fce-88f7-97ba59dc3de0,8445b1e6-9d49-530e-84fd-46eea5e0c59b,CLASSIFIES
a066f4a1-ff44-5ab9-86e5-045db27e7386,1be094d8-2951-5afb-8dc2-5715cf4b9ff1,CLASSIFIES
0b0cb2e5-e0ab-58aa-8849-1088098c7ac1,210325cb-465c-552c-8754-6e09364b3243,CLASSIFIES
504e433a-3b59-5bea-8008-400c11d752c7,5f73b234-4d94-5f69-8b52-435b6b85a6bc,CLASSIFIES
d3508b8b-ab07-574b-819c-e4fd02c41cbc,cab7be77-f93d-55cd-8fc6-c04939730ff6,CLASSIFIES
73611e68-0b90-5ae0-880b-72b951b4209e,2b24fd72-f55c-5c04-8f4a-d79952db152b,CLASSIFIES
b136ef10-7df8-51dc-81c5-b3fb655b60f3,4bec872d-6180-585b-8bfd-47e91fcdd9e2,CLASSIFIES
84d9ef03-6c28-5b3a-8008-ee37df69f568,edf14bca-8be6-5010-8b26-e41ef3eed07f,CLASSIFIES
6e4fe10b-075c-5e7a-87a2-faeff0149217,ea334de1-f838-5f94-8aa3-5eaf58211218,CLASSIFIES
03967f60-57b7-5294-85e5-3567caf13e9c,376dc88d-baca-540e-895f-20aa05655105,CLASSIFIES
e4bf9ebd-8357-5664-8ae1-635548b8bfe1,15ab5242-4c5b-5b39-87e2-b96d413fdbb8,CLASSIFIES
0dc0da1f-8b3b-5148-878a-5dc7f6282396,1e6abf07-6e93-5519-8dcb-f46c0679fcc7,CLASSIFIES
080c0547-1904-5e61-82d9-b455dbc11a56,194d8895-2a64-5213-85d1-5c071f0c1217,CLASSIFIES
cc94906d-6d98-53bc-8b1b-ebebe1d3207d,e4d5aee7-59d3-52e6-83f2-21d3d3aa04f6,CLASSIFIES
0e11c99b-0d26-5118-84f3-eeddb26b1ab3,c6e20d05-70ae-51af-8114-1752bb562110,CLASSIFIES
da626173-8d55-5b7a-8314-fe941644f8db,f7898b60-a0ba-5247-8247-7e3c22dac9e3,CLASSIFIES
721c404b-5b17-5442-8d74-622edeb7ffb3,afd2fe87-587c-5f05-8afe-0ee3220c7388,CLASSIFIES
b590a7ce-dbee-5332-8e3b-3ecabf950a08,73b00b96-75fc-58f3-85f3-bc0ee1c7cc08,CLASSIFIES
ad03c14b-62f2-55a9-888f-79cc496e01fb,812374a3-b3f1-5ed8-81fa-9cdd87e10bfb,CLASSIFIES
388a88c0-8361-5b24-857d-23cf213e976a,8011fbd9-c3d8-5bc2-8b87-ff2e10fe49d2,CLASSIFIES
285c4433-cf2e-5616-8fed-d300bf76eec5,dc905ba5-8dec-55fd-8811-6cee9e20fc5b,CLASSIFIES
bacd8164-f6f7-5c36-89af-36b4a0570e7b,7e47db81-1879-553d-8a77-2a5cfb3bcb62,CLASSIFIES
8e4352b4-503e-508c-8951-185c075bc418,600d2e3d-de9d-548f-87a9-18990b678d4f,CLASSIFIES
70b3fc59-db26-5ca0-8129-2e5c705ad4e2,91e319f9-7183-5be7-806e-9cf3c4bc15f7,CLASSIFIES
e18fa391-e79d-5c9e-8e00-df8bb9ad02c6,894215fc-936f-5113-8ad1-faa8b61d9087,CLASSIFIES
d6218598-2289-5de2-8c72-9beadabd8201,e9ae5e4d-1dfd-5105-8b0a-69879a02e67f,CLASSIFIES
986f5ea9-d69c-5b8b-8667-3c426d7034d2,b1957018-8d5a-5c10-855a-b7d927da01f5,CLASSIFIES
cc5901c8-82f5-5af6-8f52-be3678773816,b29e8f33-c70f-57ac-83d6-263955031ccd,CLASSIFIES
d834476e-d25a-5432-8205-7ec4d5ef2514,a5ed59e5-7fc3-5955-88a5-49f4e708ce24,CLASSIFIES
d1ef76f4-8352-5c54-860a-8c4918992baa,12438598-2e27-5a9b-8131-115c7edd5ef8,CLASSIFIES
21aa568a-3056-5ac4-81bf-24bcd2b57d09,04372c4d-b312-5dc6-8b68-985c2274af3e,CLASSIFIES
5caa7ddf-4593-5810-8db3-9bdc414da6f8,4a28b088-c5bc-536b-85c1-b9c4118d2c82,CLASSIFIES
93246f97-9780-56b9-87a3-3ed011b001a5,cbd59bfc-4751-5938-88c6-6190aa82a83b,CLASSIFIES
e27218e8-4c26-52a2-82ef-7782ed58a4d1,487c2028-276c-52b3-8536-ae33bb2a4b53,CLASSIFIES
9773e4ad-c337-55fa-8193-95910e9fd710,156451d8-94a5-59b9-828d-5714c66eeacb,CLASSIFIES
08fca8a8-296d-512a-8e66-9d4b0b5aca62,94531348-8fb5-51fb-8689-e1c58b66b28c,CLASSIFIES
4b668c13-829c-572f-8e7d-f9e87d0f9317,04ca7775-d692-5738-8d33-4cb306e7a3c7,CLASSIFIES
9eee2c79-de3a-5f72-8b3f-354628bb6af9,2e01bca3-b67b-5225-8489-9c533c41757c,CLASSIFIES
9d06537e-c283-5930-864e-49446e4eff62,83d8fb03-78b9-59f5-8a76-562ed8c13f02,CLASSIFIES
54a01572-a45a-5727-8be5-9f6c220441a7,f19e2072-ae82-54de-873e-686aaa94e6c0,CLASSIFIES
6244ba28-b6ac-5dbe-8354-353c46c68682,7e65e136-9723-5225-8cba-1a843d469193,CLASSIFIES
ce45c04c-f33b-571e-8dd8-3a0334a8455d,3baab00e-3b2c-5daf-88ee-87ddea4b4d62,CLASSIFIES
2c9c37c6-2013-586c-8af2-097e9ac30f88,b42523c3-d259-5889-861b-a73c4e3b4575,CLASSIFIES
1658ad94-5db9-5518-8210-7f145362ca65,5b31a525-71c3-56e5-8ae3-7c43c2d7b702,CLASSIFIES
546e3d9c-f71f-57ca-898c-818a55bb4bb7,3a6b5331-7f57-5b0a-8a5f-a476f16dbd4c,CLASSIFIES
d9da62a3-a69e-572b-8eba-2c603d659b3c,5654ca7d-5f4b-5acf-8cfb-a1ac43662683,CLASSIFIES
73fdd26b-ce53-5bdf-826f-305d86231d46,907c0753-dec8-5073-81c0-4eb1e3646852,CLASSIFIES
d5647e4e-5e12-5a41-8bf5-b818a367e39a,6d475de6-d7d4-5a56-8b9a-234ee602a709,CLASSIFIES
6da2c51c-a614-57c7-88cf-c7f3a627579b,7ecc5b65-9df9-5606-8e13-5911e2aba01a,CLASSIFIES
d8fb22c1-dbbd-5a68-84a2-b7748d58d65c,fc2d1aa1-d060-52a7-88b8-2b2f6298d0b2,CLASSIFIES
f0a491f3-de81-5068-88ce-527366b89d06,10d770a0-af19-55a7-8ceb-586001ebc597,CLASSIFIES
9d00a061-cf8a-5b56-864f-03016edf3381,9a091951-1164-5fa1-883f-74086a04e194,CLASSIFIES
77185f0c-a859-5402-8630-eb05dba6367c,0c0a809d-3e55-5791-8033-14d0ff36606a,CLASSIFIES
b62e13b1-328d-5cb5-8c3d-f215e217dfaa,9f2fdf24-dc0f-5029-8f5b-4681c2baf037,CLASSIFIES
ba898edd-4d3c-56db-829a-c7ac80a904b3,67c79a02-dd96-53e0-8e71-56001ec3a0f4,CLASSIFIES
6f2f32ed-9705-53c5-8351-c6dc23d4cccd,d0a70ca1-a4a2-5047-832b-1ea17d4a3d75,CLASSIFIES
7a645ab3-9898-56ce-89bd-6ea00e00b4a6,551631ae-adb0-5cf6-83e4-8d72dc337bfe,CLASSIFIES
f8bff7d8-a726-53d2-8d65-289bb27eaf54,93c5f232-f468-5e6b-8583-1e182423c99f,CLASSIFIES
9a45c176-98b2-509e-87aa-cbed1db6e13b,30cda251-1e8c-5722-80e2-19e368e23082,CLASSIFIES
b5626a57-cfbd-53dd-8344-8cca9efa2fcb,fd64729e-70e4-55eb-8b93-37dd5f35477a,CLASSIFIES
5b1ced56-c51f-50da-83ae-2c6509f57fc0,e0164379-f62b-5035-8b01-cc3001cbc534,CLASSIFIES
4d00420f-74a8-5ab4-8ef7-f0d97ab4bb95,beaf101b-55e7-5dd5-8580-18d338ee6778,CLASSIFIES
04e41991-d6f3-5720-8f7e-ca7459078d26,6deae01c-6ad5-58ea-894a-9efe868bb7ec,CLASSIFIES
59e9e71f-3cd3-5e74-8cf5-a4a1091f04c9,96258d60-030e-5391-88b1-77a724d8b9e6,CLASSIFIES
f55c8ec7-a331-54f0-829a-a68254146093,b733b643-b71a-5568-8ac6-bdadcc41296d,CLASSIFIES
f839bf43-035a-5a5b-875e-cc509a4748f6,46f1d799-aa07-5de8-8066-362645972ad8,CLASSIFIES
c245aca4-c29e-5777-84b5-554f9b41e06b,a589bd4e-e7d3-5004-8e40-4def963a004f,CLASSIFIES
2acb6c3e-16fd-565d-85bf-58c8eb939649,2757fef2-10db-5e0b-8a79-0509a3a38d8f,CLASSIFIES
62b60e3c-d7df-578d-842e-267c5830bb66,20a10535-6291-51b6-8ceb-ea09c3b34b40,CLASSIFIES
ac29552b-6129-52c9-8328-fd6c5575b796,8588cb66-daf6-54fb-8bd9-bee9b2e6721c,CLASSIFIES
93fc8b50-0ddf-5eea-8cce-9e6c11e95974,c3769dbd-d292-54fe-803d-f5c9c06283b9,CLASSIFIES
43629fe0-8524-5d04-8afc-edca69c3645a,ba3bc8a9-842e-5a1d-8d1a-a39813b75928,CLASSIFIES
f2861ac0-4c1d-5462-8443-3470fe1fa451,3d56ba03-13df-5bd5-8814-a07ccc63a06a,CLASSIFIES
8a9a09a6-454a-5eb8-8253-d2c460c61890,f0d91ea3-b49b-559c-8e44-90be8f7d0657,CLASSIFIES
144dcd93-7db5-5fed-87b7-d33dbbe893b1,dee585fb-22ee-56ea-876e-b1329470dd67,CLASSIFIES
ec4beafe-0410-58f2-8e03-c2548d5bd625,18a26e74-b53b-5df2-8c19-250678d6c863,CLASSIFIES
6b47ad1e-ee98-5074-8d6c-e0235c54f00f,bc57f4c9-5cff-5d74-8118-8888d568b588,CLASSIFIES
b1340909-828f-5acd-8eb5-10c7d87d3de9,0a0f5abf-1298-5f3f-80f5-234b42ba5332,CLASSIFIES
e920d2ff-c46b-51e2-8903-c813478ee891,ebc298ab-49be-581a-84d4-84ae46fc34d3,CLASSIFIES
ca4a712c-6be6-53f0-866b-e94edaac3f94,ce4fc523-911d-51d3-8ae5-44bf65fbf961,CLASSIFIES
43b786a8-df2f-5352-8721-3d1f940ca7a7,0ad3cd8c-2598-565f-8893-feadeba7fc5a,CLASSIFIES
c16915ca-931f-520f-8065-4a8cb0cf4f22,b3c8bf69-57f2-5c2b-8956-b9663784299f,CLASSIFIES
c0544d2e-2f3f-5f1b-8cd2-797aae4416dd,e88016c4-9b6a-5792-87f7-cc01ea69b500,CLASSIFIES
b3bffb70-684a-5087-8577-37c0190361f0,ea6a7ece-7bbc-501a-8fcb-b4e94251bceb,CLASSIFIES
5e9a5f85-0e2e-587e-82b6-ad4b285bdb7d,4a6b86bb-5db2-5063-8bc4-574435c0f2ea,CLASSIFIES
492a2105-9b80-58f6-8600-2bdd0e036a34,4c2a121f-cec3-5234-8786-ab414c281d19,CLASSIFIES
c5311d84-e8e4-5f06-89b8-38e5bcac0d01,ae5698c3-bd9b-51ce-8f3f-52662b76078b,CLASSIFIES
86c446d1-7a2d-5631-8843-d4991633fea8,d2711e49-3370-5707-82f2-e333a1465345,CLASSIFIES
e3f3524f-4c0f-5e43-86f3-4d4c68cc7d6a,3a0605be-13de-5ec4-8d95-f79760d1a1a5,CLASSIFIES
6799ff53-de8f-5af7-8fab-fb3f011730f2,c21116d8-f879-5bb2-823e-5ccbac22667e,CLASSIFIES
4bcf7702-e869-5eb2-8093-9825bc55cc66,cb7af5f9-ef6c-58e3-85e2-ac46df36530a,CLASSIFIES
aa43d7c1-db31-5596-8cb4-1e50ef2f8d43,7cc5ca2c-fbb3-5295-8b6d-7c56f0b82153,CLASSIFIES
30b50a40-74d4-5fa2-8221-fb6cb9272516,e4503aee-f6d0-5a5e-8dca-72ad47cbdfef,CLASSIFIES
efedd439-7264-5544-8c2b-e0f593707640,31c908af-adc5-550e-8a6a-7c7cab45b307,CLASSIFIES
e1391348-12e1-56d7-8d53-2e9d943870ac,dd76c069-6282-52a2-86cb-6c27c57ae70b,CLASSIFIES
373637d2-d541-5cde-8718-ed3c87900de0,83b33245-79e4-5c23-8d01-db1c4b1da7dc,CLASSIFIES
94f4b50a-3170-50e7-8318-262df26dc657,cd414a96-c664-513d-8e80-bae14d3a2ee2,CLASSIFIES
9084ec05-f3ae-58d5-82b0-a3f154dddea0,cdd2e4fc-e2d5-5114-8d3c-ba86ea1c9e12,CLASSIFIES
8d598b51-2964-5d31-8dd8-2aa7657d654c,146270b5-5340-5333-8c6e-766fe3d14701,CLASSIFIES
10b1c994-004b-5f7b-87c0-7aa452676560,15921a3d-4221-59e4-87f1-a83f3bf9b8e8,CLASSIFIES
e43b45e7-dc50-5e8c-8760-38bd22cd766c,4fa58bbd-23aa-5cda-8ede-428246553ce1,CLASSIFIES
3535a9a9-258a-5d72-80c8-316313bb5021,7a7fe938-779d-534c-8250-62b9641f329f,CLASSIFIES
0d3fc107-f6da-5d7d-815d-56baff0d8c6b,9b3f1b2d-999b-5167-832f-a2f68789422a,CLASSIFIES
1d86252f-7465-50fa-89d1-67ef75ebda21,c37be620-bd05-519f-864e-1f4be077cf53,CLASSIFIES
74df0f52-a9dd-592b-8afd-5505626bf934,09547af6-501b-52c0-8536-fd6e91cda8a3,CLASSIFIES
28fa74c5-65fd-5bc2-8071-e84e05e4c14e,5bfc3081-a041-5ebd-8aec-1f2904cbcfba,CLASSIFIES
dffa778f-6041-50cb-8f76-08f61e999b60,d34eff69-0160-5ee9-8304-a33d16c12c2b,CLASSIFIES
5af20221-0ff6-55fd-8851-4877745fe3fb,b3f34da9-a457-5b72-8081-1a756c748e4f,CLASSIFIES
afa74bc9-a28b-5d26-82c9-4204b1fe94f5,ba439c83-bf88-5606-8737-10ea31f1b7c3,CLASSIFIES
80078b4b-b52f-54cc-8c71-ad0ac202d75b,774291a3-59b9-551d-8acc-d8c0abe27dd6,CLASSIFIES
248f1e64-6680-5a91-8bdf-3dd6b4a2f8a1,bf0106b8-cc03-55bb-8594-c1e56462939c,CLASSIFIES
e03b503c-a7fe-577b-85af-6de10d4ab509,f864439d-b03a-5b2f-87b4-948e8b0966c4,CLASSIFIES
aff65513-5b06-59b7-8c6b-4c54429cf846,574936c0-721b-5a99-8bf7-4d3df7c2091b,CLASSIFIES
a5c94733-f6cb-5a04-8542-ecafcebd2919,e1fa638b-cf22-52c5-8e12-1962e57bf1db,CLASSIFIES
e3b2e19d-6242-5986-8b23-3aa54493a53c,eb0e9fe8-aefc-5b4c-8e2a-ddc30cc928b2,CLASSIFIES
59b6a0cd-85ed-59e2-8212-168956b153e5,03858948-3eb1-593f-8c8a-63d21dec73c8,CLASSIFIES
08492277-3a32-509b-8cd4-8ffafd0eacfd,29008035-313e-5987-83ba-1d47a29d3eb8,CLASSIFIES
157a6149-f6c4-5ebf-8256-471ee442ba5d,f5ff70f7-7ef5-5f6f-8f25-9f5797e2cf37,CLASSIFIES
eac62457-f53e-5103-8d44-dcfb34a004cd,4f45460c-c345-5e5b-80a1-25fa566193d4,CLASSIFIES
4cecfa2e-4365-5744-8332-27c77f7f9722,ebbf3c3a-a072-5d9a-8bb9-65600003fdbf,CLASSIFIES
ed646673-a191-5673-897f-176410da97e0,39d81959-bfef-5321-8a61-f6b160d1e178,CLASSIFIES
497219c5-6339-5529-8e61-389f6ca96b49,b70c7499-0b76-5b3c-8ed2-bb418d88151b,CLASSIFIES
4709819f-acf4-58e1-8165-55defef68157,cf587b28-e7c9-5f9f-8440-8745b4b6923b,CLASSIFIES
ae8feae0-5bfe-5810-85ec-226d4d0ad0f7,a17a6d81-c9c5-5902-84c3-fd8c8d679426,CLASSIFIES
bc5ca8aa-42e1-5749-8b53-ffa325a71907,90a357ad-d827-577e-8059-80f1a207c393,CLASSIFIES
043e1f8b-205b-56c8-88d4-265e8ff229f7,1978cd2d-2d3a-559d-871a-ba9f12a71568,CLASSIFIES
e4bb6062-030c-5e66-8103-a892398ea3ba,10f9d2ad-b652-5aaf-8b2f-22277e8af3d4,CLASSIFIES
ee6e552b-d967-546e-8abe-07c1cfc8c23c,c21eaf54-ec70-5a55-860e-074da54ca4c3,CLASSIFIES
8c7735ed-93be-5e41-82f8-fafedde2c66d,da33506b-88ef-5b46-8656-e3db3f159be8,CLASSIFIES
c715a64f-bc96-573d-8cdd-7d711f424cf1,c4c39311-181b-54b3-8f8f-04fb3d4959c0,CLASSIFIES
cd98f32b-974e-5922-8a8e-38a0240fc7d6,01cd05f3-b7ed-5cea-85f1-f97095ebf51a,CLASSIFIES
11f013c8-6139-5100-8ac0-666103a0080a,58df22b3-fe6c-5e2a-8c33-579c91b753d6,CLASSIFIES
9bd28298-dd6e-5923-8684-615238e125f8,a5aafe57-093a-59ba-8374-14e1be505a03,CLASSIFIES
474f92ed-8cbf-5456-856f-f70aee13d949,bff1bf25-8c63-518e-8178-866ae9149172,CLASSIFIES
59918909-ab5b-514f-810f-bab1bc3368d5,e5e8d9f1-f7fc-521e-89a3-9cd709a925b9,CLASSIFIES
c8b9fcd7-9f29-5da1-8b92-145149c2ac25,7436a67e-6dd4-56de-857a-dfc33ff72773,CLASSIFIES
2f03f2db-b47b-56b9-8b9d-3feb8e2d70b2,40a82f9f-5130-52fc-8386-25a9d5262ae5,CLASSIFIES
c48e4f9f-483b-5ed0-8357-1bc7f201a2c6,b1dd3608-5ff5-543b-83ad-9bb493d71d7e,SOURCED_FROM
ff54d7ca-067d-5d14-82e5-3ee1226dd0bf,b1dd3608-5ff5-543b-83ad-9bb493d71d7e,SOURCED_FROM
4f65fd01-36ba-5008-8d55-1fa22699644b,b1dd3608-5ff5-543b-83ad-9bb493d71d7e,SOURCED_FROM
c3dd0a86-b86c-5559-894c-c45e42e694ca,b1dd3608-5ff5-543b-83ad-9bb493d71d7e,SOURCED_FROM
2cf892cf-d109-513e-88a9-7088d31e0941,b1dd3608-5ff5-543b-83ad-9bb493d71d7e,SOURCED_FROM
53c31f8b-ac15-51fa-8b42-8fe2cc841ea0,b1dd3608-5ff5-543b-83ad-9bb493d71d7e,SOURCED_FROM
a303ee8e-3804-5075-8fa8-115a0ace4a59,b1dd3608-5ff5-543b-83ad-9bb493d71d7e,SOURCED_FROM
efe7a485-f2b9-5a55-8d82-476377383aba,b1dd3608-5ff5-543b-83ad-9bb493d71d7e,SOURCED_FROM
f01c3474-6ac4-5d54-82f7-a284a296c537,b1dd3608-5ff5-543b-83ad-9bb493d71d7e,SOURCED_FROM
5018387e-c98d-50cc-84aa-884ed5655e87,b1dd3608-5ff5-543b-83ad-9bb493d71d7e,SOURCED_FROM
0e83630f-7785-5d3c-8064-b1ebd9d686fd,b1dd3608-5ff5-543b-83ad-9bb493d71d7e,SOURCED_FROM
abf665e4-f273-58da-84a9-333b05545c61,b1dd3608-5ff5-543b-83ad-9bb493d71d7e,SOURCED_FROM
c1c2111e-eaa2-515a-832a-68e89110690c,b1dd3608-5ff5-543b-83ad-9bb493d71d7e,SOURCED_FROM
c96be310-8e63-5789-8435-dbe78bb82647,b1dd3608-5ff5-543b-83ad-9bb493d71d7e,SOURCED_FROM
7244d898-b1eb-5a3c-80de-cab6e4b32988,b1dd3608-5ff5-543b-83ad-9bb493d71d7e,SOURCED_FROM
7b5db8ae-3e0a-59ac-807c-1098ae6ed81b,b1dd3608-5ff5-543b-83ad-9bb493d71d7e,SOURCED_FROM
7266fd76-d55e-5151-8357-3e0835c35c9d,b1dd3608-5ff5-543b-83ad-9bb493d71d7e,SOURCED_FROM
6986e74f-3cba-5d93-8d63-c36e7192b4c9,b1dd3608-5ff5-543b-83ad-9bb493d71d7e,SOURCED_FROM
d48183b3-d6cd-512b-858a-99e1553fd2ab,b1dd3608-5ff5-543b-83ad-9bb493d71d7e,SOURCED_FROM
cf8a5d70-7e74-5b4f-85e4-1af81c0035ea,b1dd3608-5ff5-543b-83ad-9bb493d71d7e,SOURCED_FROM
846b9385-65d3-557f-815e-0854a440ef9f,b1dd3608-5ff5-543b-83ad-9bb493d71d7e,SOURCED_FROM
3821e276-39c1-5b65-8998-b0e6123c0661,b1dd3608-5ff5-543b-83ad-9bb493d71d7e,SOURCED_FROM
08021892-4ddc-5504-8873-87cfd9bb75e1,b1dd3608-5ff5-543b-83ad-9bb493d71d7e,SOURCED_FROM
f12c1513-9cf9-575a-83ff-18c6e4627a40,b1dd3608-5ff5-543b-83ad-9bb493d71d7e,SOURCED_FROM
87e695a4-6786-538a-8fd5-034b6992dc8f,b1dd3608-5ff5-543b-83ad-9bb493d71d7e,SOURCED_FROM
80d7cba8-8710-5575-84dd-2fa25c5f1eb1,b1dd3608-5ff5-543b-83ad-9bb493d71d7e,SOURCED_FROM
033d79b8-8cf7-5312-8404-50bcb2d14f0f,b1dd3608-5ff5-543b-83ad-9bb493d71d7e,SOURCED_FROM
f805dd89-e3c6-5df9-86ed-38ba4637129f,b1dd3608-5ff5-543b-83ad-9bb493d71d7e,SOURCED_FROM
e947d014-7f92-5a27-801f-180af21a22e1,b1dd3608-5ff5-543b-83ad-9bb493d71d7e,SOURCED_FROM
91fa88c1-7590-5566-8ce7-8cfd757eb168,b1dd3608-5ff5-543b-83ad-9bb493d71d7e,SOURCED_FROM
9178560f-67e7-5965-82c0-f8752fe3c5a8,b1dd3608-5ff5-543b-83ad-9bb493d71d7e,SOURCED_FROM
93f6505c-f517-5d94-8931-3a66499f3a98,b1dd3608-5ff5-543b-83ad-9bb493d71d7e,SOURCED_FROM
d92f9067-91b4-5107-8177-e2c55fdb70f1,b1dd3608-5ff5-543b-83ad-9bb493d71d7e,SOURCED_FROM
644f8952-9eb0-54a4-8b62-423c45a4e27c,b1dd3608-5ff5-543b-83ad-9bb493d71d7e,SOURCED_FROM
3cb76ff8-ed90-52bb-8846-cdb1d9c25f4e,b1dd3608-5ff5-543b-83ad-9bb493d71d7e,SOURCED_FROM
1d9edcbe-26ef-5643-8daa-a7ab234245c0,b1dd3608-5ff5-543b-83ad-9bb493d71d7e,SOURCED_FROM
0f7a8d74-a2a5-53e5-8063-c5a18e7430af,b1dd3608-5ff5-543b-83ad-9bb493d71d7e,SOURCED_FROM
6560e8a7-ccba-5bd5-8eec-e76105cffef4,b1dd3608-5ff5-543b-83ad-9bb493d71d7e,SOURCED_FROM
2798c12c-7406-52b5-8cec-a2bf4d15e055,b1dd3608-5ff5-543b-83ad-9bb493d71d7e,SOURCED_FROM
cbc5fe6b-308a-5d91-8a81-15181e9c2cc6,b1dd3608-5ff5-543b-83ad-9bb493d71d7e,SOURCED_FROM
0500c594-a24a-5e75-8665-a8d84ea59299,b1dd3608-5ff5-543b-83ad-9bb493d71d7e,SOURCED_FROM
3c0ad303-c9b5-549a-8599-68b7f7a2d2bf,b1dd3608-5ff5-543b-83ad-9bb493d71d7e,SOURCED_FROM
14bde36d-013e-55c2-896d-d7a403599a26,b1dd3608-5ff5-543b-83ad-9bb493d71d7e,SOURCED_FROM
cbb30143-899b-5771-8af1-84437a49f9ec,b1dd3608-5ff5-543b-83ad-9bb493d71d7e,SOURCED_FROM
ca311898-c666-5da8-8fc6-02766f0a4c0e,b1dd3608-5ff5-543b-83ad-9bb493d71d7e,SOURCED_FROM
fa84e2c1-0beb-5e39-8516-4380659c4f12,b1dd3608-5ff5-543b-83ad-9bb493d71d7e,SOURCED_FROM
bac78600-24f8-5306-8506-2384fd35191a,b1dd3608-5ff5-543b-83ad-9bb493d71d7e,SOURCED_FROM
112f8b5e-4b71-51a8-8550-8b3f93ad4ef4,b1dd3608-5ff5-543b-83ad-9bb493d71d7e,SOURCED_FROM
bf5c6649-eb44-52c7-8f85-53507ef8dacf,b1dd3608-5ff5-543b-83ad-9bb493d71d7e,SOURCED_FROM
d1adb36d-ecf0-5b42-8e8c-a68d994d984e,b1dd3608-5ff5-543b-83ad-9bb493d71d7e,SOURCED_FROM
08515e6a-857b-5148-8fe3-b38ea84054af,b1dd3608-5ff5-543b-83ad-9bb493d71d7e,SOURCED_FROM
695f18e0-7654-5f74-8803-a9cbef018671,b1dd3608-5ff5-543b-83ad-9bb493d71d7e,SOURCED_FROM
5ae74d29-2ebf-59bb-8972-116ca0b611f6,b1dd3608-5ff5-543b-83ad-9bb493d71d7e,SOURCED_FROM
e374e935-f638-5863-814b-7640d425e63a,b1dd3608-5ff5-543b-83ad-9bb493d71d7e,SOURCED_FROM
a5288698-d8b1-5f6b-852b-8180f03d92e3,b1dd3608-5ff5-543b-83ad-9bb493d71d7e,SOURCED_FROM
d88c5cec-0872-5490-8342-fddc1c3e8218,b1dd3608-5ff5-543b-83ad-9bb493d71d7e,SOURCED_FROM
210648b4-8d5a-572d-8d78-9a906aef993a,b1dd3608-5ff5-543b-83ad-9bb493d71d7e,SOURCED_FROM
dfea4fa6-8e3d-59cf-83d8-453992c4deb1,b1dd3608-5ff5-543b-83ad-9bb493d71d7e,SOURCED_FROM
022a7d48-7aa3-5b69-8e2d-1b6f070dd188,b1dd3608-5ff5-543b-83ad-9bb493d71d7e,SOURCED_FROM
874d1995-0488-5f9b-8c6a-bed6ecb63bcd,b1dd3608-5ff5-543b-83ad-9bb493d71d7e,SOURCED_FROM
88d12803-b0c2-5154-839b-8ef5e348b4f4,b1dd3608-5ff5-543b-83ad-9bb493d71d7e,SOURCED_FROM
85e343f7-da31-545e-8d17-cb4d78b410af,b1dd3608-5ff5-543b-83ad-9bb493d71d7e,SOURCED_FROM
888d93be-9166-50d2-8684-4c1b571424c0,b1dd3608-5ff5-543b-83ad-9bb493d71d7e,SOURCED_FROM
5b9f81d1-87b7-5ba7-8693-889716795ce7,b1dd3608-5ff5-543b-83ad-9bb493d71d7e,SOURCED_FROM
23a42115-7af5-5c5f-84da-ead6cbd4d97b,b1dd3608-5ff5-543b-83ad-9bb493d71d7e,SOURCED_FROM
069a129e-2bd3-57bb-81d3-b06d9d57b9c3,b1dd3608-5ff5-543b-83ad-9bb493d71d7e,SOURCED_FROM
2c1bdcd6-2f26-5788-82b2-91984eccac56,b1dd3608-5ff5-543b-83ad-9bb493d71d7e,SOURCED_FROM
b112a275-28a6-5f4b-866b-74dacb4f38ab,b1dd3608-5ff5-543b-83ad-9bb493d71d7e,SOURCED_FROM
068967c7-53aa-5495-8846-504d9bf32d14,b1dd3608-5ff5-543b-83ad-9bb493d71d7e,SOURCED_FROM
e9a296c8-c613-5407-8ed7-b1fb08a0fbb1,b1dd3608-5ff5-543b-83ad-9bb493d71d7e,SOURCED_FROM
15cde53a-d1fc-5511-8c28-492f618c0ecf,b1dd3608-5ff5-543b-83ad-9bb493d71d7e,SOURCED_FROM
237a15c6-52e4-5ce8-8f15-116edb839b7b,b1dd3608-5ff5-543b-83ad-9bb493d71d7e,SOURCED_FROM
423ce06e-683c-5c0f-8b5d-73661f94c166,b1dd3608-5ff5-543b-83ad-9bb493d71d7e,SOURCED_FROM
28c3f30e-908c-5647-8724-35e69c22d72e,b1dd3608-5ff5-543b-83ad-9bb493d71d7e,SOURCED_FROM
6afcb84d-736a-5798-8462-0b9b3a0fdbb7,b1dd3608-5ff5-543b-83ad-9bb493d71d7e,SOURCED_FROM
fc689304-a38c-5025-8cde-d045f839deac,b1dd3608-5ff5-543b-83ad-9bb493d71d7e,SOURCED_FROM
7b566b1f-8e8c-57df-87b2-376d896974c8,b1dd3608-5ff5-543b-83ad-9bb493d71d7e,SOURCED_FROM
7e05c3b7-075f-584f-8300-26ef65852036,b1dd3608-5ff5-543b-83ad-9bb493d71d7e,SOURCED_FROM
7e838b70-c26f-56b3-8d39-57acf9940060,b1dd3608-5ff5-543b-83ad-9bb493d71d7e,SOURCED_FROM
6d44b55f-f58b-5f03-8c2e-a9919d090fa5,b1dd3608-5ff5-543b-83ad-9bb493d71d7e,SOURCED_FROM
2c66db0c-2cc2-59c7-8df0-3efed468b389,b1dd3608-5ff5-543b-83ad-9bb493d71d7e,SOURCED_FROM
62684310-3c0f-5adf-85d7-7569478a2e96,b1dd3608-5ff5-543b-83ad-9bb493d71d7e,SOURCED_FROM
2c48121b-5a74-5962-821c-e6997305b3df,b1dd3608-5ff5-543b-83ad-9bb493d71d7e,SOURCED_FROM
9a178119-459a-5224-8371-23f5465fb735,b1dd3608-5ff5-543b-83ad-9bb493d71d7e,SOURCED_FROM
b3cd88b3-0986-56de-821d-baf29f6c6f87,b1dd3608-5ff5-543b-83ad-9bb493d71d7e,SOURCED_FROM
9dae9ddc-ac90-5e0c-813f-7dc9a510c8d2,b1dd3608-5ff5-543b-83ad-9bb493d71d7e,SOURCED_FROM
d9708758-dca8-5d15-8138-2821559bf899,b1dd3608-5ff5-543b-83ad-9bb493d71d7e,SOURCED_FROM
56447d1e-ef8e-5a57-8943-f7bd56a68a00,b1dd3608-5ff5-543b-83ad-9bb493d71d7e,SOURCED_FROM
0374aeea-19a6-5a16-8720-8784032ed328,b1dd3608-5ff5-543b-83ad-9bb493d71d7e,SOURCED_FROM
154bf48c-d2ca-51e0-89dc-279ecd3c8262,b1dd3608-5ff5-543b-83ad-9bb493d71d7e,SOURCED_FROM
e0c3848b-4760-5241-8186-bc19f1702084,b1dd3608-5ff5-543b-83ad-9bb493d71d7e,SOURCED_FROM
9d6cebfd-c2a0-5d8b-8b82-21afda4a186a,b1dd3608-5ff5-543b-83ad-9bb493d71d7e,SOURCED_FROM
aa467fcd-e1c4-564a-8789-f4fd198d403d,b1dd3608-5ff5-543b-83ad-9bb493d71d7e,SOURCED_FROM
d59ebf93-2953-5540-893a-99e6deda9982,b1dd3608-5ff5-543b-83ad-9bb493d71d7e,SOURCED_FROM
0a8ae389-63ce-586e-8264-44414e10834e,b1dd3608-5ff5-543b-83ad-9bb493d71d7e,SOURCED_FROM
5906b6e0-0038-5b4e-8266-83ce064b5985,b1dd3608-5ff5-543b-83ad-9bb493d71d7e,SOURCED_FROM
c06184af-7664-5bab-8423-af0a96429d48,b1dd3608-5ff5-543b-83ad-9bb493d71d7e,SOURCED_FROM
879d611c-4f62-5750-83cd-baeae16a289c,b1dd3608-5ff5-543b-83ad-9bb493d71d7e,SOURCED_FROM
987b4b86-4943-5ae8-84b2-faa08965141c,b1dd3608-5ff5-543b-83ad-9bb493d71d7e,SOURCED_FROM
8e7af985-871b-59ee-8a59-96735cbf7516,b1dd3608-5ff5-543b-83ad-9bb493d71d7e,SOURCED_FROM
9c47128a-1c29-599b-8d53-83c56546f989,b1dd3608-5ff5-543b-83ad-9bb493d71d7e,SOURCED_FROM
91d8f891-e238-580a-8c2f-c9131345a70b,b1dd3608-5ff5-543b-83ad-9bb493d71d7e,SOURCED_FROM
a61a2b52-31c9-5b11-8ebd-2cf90214ef3a,b1dd3608-5ff5-543b-83ad-9bb493d71d7e,SOURCED_FROM
c75dc4e4-cb61-5649-871a-80d94c02696f,b1dd3608-5ff5-543b-83ad-9bb493d71d7e,SOURCED_FROM
e1a717a5-3cfd-5339-8196-8a1652dc6ff4,b1dd3608-5ff5-543b-83ad-9bb493d71d7e,SOURCED_FROM
c571add4-9921-5c9f-896b-34d6164f33e7,b1dd3608-5ff5-543b-83ad-9bb493d71d7e,SOURCED_FROM
5c43de62-d1e0-59b0-8c5a-907d044ffd76,b1dd3608-5ff5-543b-83ad-9bb493d71d7e,SOURCED_FROM
2e387df1-545f-599b-8c03-7b93c4fef68d,b1dd3608-5ff5-543b-83ad-9bb493d71d7e,SOURCED_FROM
e5d25f27-6f1b-54ef-87bd-623679a04f13,b1dd3608-5ff5-543b-83ad-9bb493d71d7e,SOURCED_FROM
667c47a6-0706-59ce-8585-5d7dccc05209,b1dd3608-5ff5-543b-83ad-9bb493d71d7e,SOURCED_FROM
5a06d0c0-07f3-55e3-85ec-fb63840d7f62,b1dd3608-5ff5-543b-83ad-9bb493d71d7e,SOURCED_FROM
c0a782db-4e44-53ee-8ba5-18aa7423a6ec,b1dd3608-5ff5-543b-83ad-9bb493d71d7e,SOURCED_FROM
075a4e75-66b3-507f-8ff5-142add2492d4,b1dd3608-5ff5-543b-83ad-9bb493d71d7e,SOURCED_FROM
de1a247f-1db3-50a1-8944-ba83c4da913b,b1dd3608-5ff5-543b-83ad-9bb493d71d7e,SOURCED_FROM
20688300-ea53-59a3-8d78-a653361a2638,b1dd3608-5ff5-543b-83ad-9bb493d71d7e,SOURCED_FROM
a24b32ef-e894-5729-8948-af817a54e82c,b1dd3608-5ff5-543b-83ad-9bb493d71d7e,SOURCED_FROM
bb06500c-122a-5989-85f3-bd057eb7d074,b1dd3608-5ff5-543b-83ad-9bb493d71d7e,SOURCED_FROM
a66e4184-3a5e-5df0-83c8-13383e1a4350,b1dd3608-5ff5-543b-83ad-9bb493d71d7e,SOURCED_FROM
f2ade6c6-0d2b-521d-857d-111d25cdd471,b1dd3608-5ff5-543b-83ad-9bb493d71d7e,SOURCED_FROM
d581dd01-60f5-5296-8169-963d35e37578,b1dd3608-5ff5-543b-83ad-9bb493d71d7e,SOURCED_FROM
57e15abf-d319-5bb9-8513-81f288bf4772,b1dd3608-5ff5-543b-83ad-9bb493d71d7e,SOURCED_FROM
302a51c8-f42b-5934-82d0-8d83c84564a8,b1dd3608-5ff5-543b-83ad-9bb493d71d7e,SOURCED_FROM
f95793a2-158f-584c-8eeb-ed718f017278,b1dd3608-5ff5-543b-83ad-9bb493d71d7e,SOURCED_FROM
2bf322fa-8aba-51f9-8a18-2a3021da7736,b1dd3608-5ff5-543b-83ad-9bb493d71d7e,SOURCED_FROM
4b1807ef-0a99-582f-8eef-0e1e66ce3f18,b1dd3608-5ff5-543b-83ad-9bb493d71d7e,SOURCED_FROM
faa9e1ad-d307-58d7-8a1f-a4b376242698,b1dd3608-5ff5-543b-83ad-9bb493d71d7e,SOURCED_FROM
53e586de-fd81-5180-8224-5e4b0148ad7c,b1dd3608-5ff5-543b-83ad-9bb493d71d7e,SOURCED_FROM
78ecd5de-57f4-53eb-8f5c-84da31abb851,b1dd3608-5ff5-543b-83ad-9bb493d71d7e,SOURCED_FROM
ebd95f74-bbf5-5cf2-8e8b-6d2372817214,b1dd3608-5ff5-543b-83ad-9bb493d71d7e,SOURCED_FROM
66f0dc90-2383-5cb6-8846-9d2de4d4595e,b1dd3608-5ff5-543b-83ad-9bb493d71d7e,SOURCED_FROM
ef988c6f-a097-5342-8277-a64329be8689,b1dd3608-5ff5-543b-83ad-9bb493d71d7e,SOURCED_FROM
bb1a4e38-8c4e-55b7-81dc-85d9252fc426,b1dd3608-5ff5-543b-83ad-9bb493d71d7e,SOURCED_FROM
0b119a00-fd04-59f7-8e73-3ac82a127b2f,b1dd3608-5ff5-543b-83ad-9bb493d71d7e,SOURCED_FROM
117e4ade-193b-5539-8100-cfe95f4bb071,b1dd3608-5ff5-543b-83ad-9bb493d71d7e,SOURCED_FROM
d8f7dcfc-a97f-52e0-8b95-45d59ebe9e58,b1dd3608-5ff5-543b-83ad-9bb493d71d7e,SOURCED_FROM
dd85c48a-5f5a-5b50-8aff-5c1edec8afea,b1dd3608-5ff5-543b-83ad-9bb493d71d7e,SOURCED_FROM
926fd82d-255b-5f24-83d6-80c038f44443,b1dd3608-5ff5-543b-83ad-9bb493d71d7e,SOURCED_FROM
54bec441-bfb4-5533-8ce1-61702c4afa40,b1dd3608-5ff5-543b-83ad-9bb493d71d7e,SOURCED_FROM
bb914b05-d18c-53bb-801a-7a7b642b963c,b1dd3608-5ff5-543b-83ad-9bb493d71d7e,SOURCED_FROM
fe3f7e5f-87fb-5ee7-8ed8-7da8cf11fdca,b1dd3608-5ff5-543b-83ad-9bb493d71d7e,SOURCED_FROM
2630d2f9-ec06-5aa7-8e77-b3a46d885237,b1dd3608-5ff5-543b-83ad-9bb493d71d7e,SOURCED_FROM
e516a920-7e0f-5a50-8eda-4bb210517b7e,b1dd3608-5ff5-543b-83ad-9bb493d71d7e,SOURCED_FROM
3f1ddda6-b1ec-59dd-8e54-1b6e6f7f02f4,b1dd3608-5ff5-543b-83ad-9bb493d71d7e,SOURCED_FROM
f793a679-5346-5a73-8ff1-a1b981204f57,b1dd3608-5ff5-543b-83ad-9bb493d71d7e,SOURCED_FROM
95b6bf2c-0e4b-5bd0-8118-628a572ecbf8,b1dd3608-5ff5-543b-83ad-9bb493d71d7e,SOURCED_FROM
98696592-ad88-546e-88c5-53e97a0a8021,b1dd3608-5ff5-543b-83ad-9bb493d71d7e,SOURCED_FROM
8fcc0d9b-39a9-5461-85eb-9a6dbb168b8b,b1dd3608-5ff5-543b-83ad-9bb493d71d7e,SOURCED_FROM
1289c4ef-afb6-584e-8d8c-cb98c402b664,b1dd3608-5ff5-543b-83ad-9bb493d71d7e,SOURCED_FROM
50c6f8b3-b00f-5e27-8e1a-8714451da2df,b1dd3608-5ff5-543b-83ad-9bb493d71d7e,SOURCED_FROM
876aa531-a823-5871-8af1-976eda6c5e63,b1dd3608-5ff5-543b-83ad-9bb493d71d7e,SOURCED_FROM
1b2b2b25-218c-5102-8354-b4b7eca43fc2,b1dd3608-5ff5-543b-83ad-9bb493d71d7e,SOURCED_FROM
7dd2809f-4b38-5287-845a-c470b12c22dc,b1dd3608-5ff5-543b-83ad-9bb493d71d7e,SOURCED_FROM
513d5ac1-5115-5685-8bd2-c83fa7fcb4b7,b1dd3608-5ff5-543b-83ad-9bb493d71d7e,SOURCED_FROM
d99e1997-2626-5d47-8767-c818fc3892c7,b1dd3608-5ff5-543b-83ad-9bb493d71d7e,SOURCED_FROM
5d22e493-feaa-541e-8c65-ccfb569be24b,b1dd3608-5ff5-543b-83ad-9bb493d71d7e,SOURCED_FROM
d0c3d625-3db6-5710-8ae4-31cc63dff40d,b1dd3608-5ff5-543b-83ad-9bb493d71d7e,SOURCED_FROM
25f647f3-b08e-5364-8637-b6332e418b19,b1dd3608-5ff5-543b-83ad-9bb493d71d7e,SOURCED_FROM
1f88dedb-4bce-5ff9-8f97-b7595672ebfa,b1dd3608-5ff5-543b-83ad-9bb493d71d7e,SOURCED_FROM
7d69a19b-6263-5b8e-8a95-0996ba079ff1,b1dd3608-5ff5-543b-83ad-9bb493d71d7e,SOURCED_FROM
564e8c17-f8be-5489-8e58-76ea57379bfb,b1dd3608-5ff5-543b-83ad-9bb493d71d7e,SOURCED_FROM
9d00721b-7069-5412-8fd4-090dbd7339b6,b1dd3608-5ff5-543b-83ad-9bb493d71d7e,SOURCED_FROM
a4ae0c2f-3a33-5216-8b34-24b6bc9ab205,b1dd3608-5ff5-543b-83ad-9bb493d71d7e,SOURCED_FROM
4af7fd41-3407-59b3-8de9-30d9c548d839,b1dd3608-5ff5-543b-83ad-9bb493d71d7e,SOURCED_FROM
2bce8c95-28f3-546d-850c-af2f9e32a3e9,b1dd3608-5ff5-543b-83ad-9bb493d71d7e,SOURCED_FROM
659509e3-5b45-577d-820b-832868c0e022,b1dd3608-5ff5-543b-83ad-9bb493d71d7e,SOURCED_FROM
6d6aadcd-05bc-5dd6-8acb-cd4e2f60e4f6,b1dd3608-5ff5-543b-83ad-9bb493d71d7e,SOURCED_FROM
febdd0f3-6194-5b83-8cb8-3518b851e0ff,b1dd3608-5ff5-543b-83ad-9bb493d71d7e,SOURCED_FROM
73c6040a-ecb2-5574-8074-5ac839ecf13a,b1dd3608-5ff5-543b-83ad-9bb493d71d7e,SOURCED_FROM
6593da91-3293-55e2-8ac5-9d8068891217,b1dd3608-5ff5-543b-83ad-9bb493d71d7e,SOURCED_FROM
e88e667a-ff28-5f98-8803-3f9a70420aae,b1dd3608-5ff5-543b-83ad-9bb493d71d7e,SOURCED_FROM
9a57d8e3-2a7f-52ce-87b5-1ca14d300b3f,b1dd3608-5ff5-543b-83ad-9bb493d71d7e,SOURCED_FROM
78813b2d-41fa-5438-8e43-e1899ffdfd35,b1dd3608-5ff5-543b-83ad-9bb493d71d7e,SOURCED_FROM
38b99c3d-1768-59c6-8e8b-3ee64b35abfa,b1dd3608-5ff5-543b-83ad-9bb493d71d7e,SOURCED_FROM
87374d64-a54b-509b-8c68-b8e2ea550093,b1dd3608-5ff5-543b-83ad-9bb493d71d7e,SOURCED_FROM
49886699-17b5-5a42-8581-55c0826fee9e,b1dd3608-5ff5-543b-83ad-9bb493d71d7e,SOURCED_FROM
e6eafd05-fe02-502c-800c-260b1b49352c,b1dd3608-5ff5-543b-83ad-9bb493d71d7e,SOURCED_FROM
d0999f16-1736-55b7-87e3-09136ead638e,b1dd3608-5ff5-543b-83ad-9bb493d71d7e,SOURCED_FROM
fd622c42-a02d-5827-866e-1ad2b4607aed,b1dd3608-5ff5-543b-83ad-9bb493d71d7e,SOURCED_FROM
6b497204-13ff-5a44-83c4-2a9be89cece8,b1dd3608-5ff5-543b-83ad-9bb493d71d7e,SOURCED_FROM
a13ebfde-c960-5285-834b-6afa7d107c99,b1dd3608-5ff5-543b-83ad-9bb493d71d7e,SOURCED_FROM
fe1e3d3d-452a-5930-82bd-c12872352896,b1dd3608-5ff5-543b-83ad-9bb493d71d7e,SOURCED_FROM
16c0a81c-e8c1-52a7-8768-8152f74aa186,b1dd3608-5ff5-543b-83ad-9bb493d71d7e,SOURCED_FROM
8cee6d1b-bb91-5b14-8c72-38fa6edced8d,b1dd3608-5ff5-543b-83ad-9bb493d71d7e,SOURCED_FROM
e00ae8e8-1b8f-57f9-8c30-4542583ab852,b1dd3608-5ff5-543b-83ad-9bb493d71d7e,SOURCED_FROM
07114e08-9059-5084-84a6-dc601a4564a9,b1dd3608-5ff5-543b-83ad-9bb493d71d7e,SOURCED_FROM
22d218fe-f085-515a-807a-9d5ed1faefdd,b1dd3608-5ff5-543b-83ad-9bb493d71d7e,SOURCED_FROM
b6338c72-1d8e-5517-8b48-d7ee836027a5,b1dd3608-5ff5-543b-83ad-9bb493d71d7e,SOURCED_FROM
dc642006-7571-5f15-8e79-8af9fbbb6c72,b1dd3608-5ff5-543b-83ad-9bb493d71d7e,SOURCED_FROM
09a04e4c-34f9-5253-8730-53d1626a6ba6,b1dd3608-5ff5-543b-83ad-9bb493d71d7e,SOURCED_FROM
12c5dd30-2a69-5c1e-85be-d5da458771da,b1dd3608-5ff5-543b-83ad-9bb493d71d7e,SOURCED_FROM
f79b4327-d335-5743-8db2-5faa8472677e,b1dd3608-5ff5-543b-83ad-9bb493d71d7e,SOURCED_FROM
78ac2a44-1107-5618-8e5a-238df8a0fadb,b1dd3608-5ff5-543b-83ad-9bb493d71d7e,SOURCED_FROM
e687b872-282f-53ff-80f6-a7ffacbb885b,b1dd3608-5ff5-543b-83ad-9bb493d71d7e,SOURCED_FROM
21eeb17d-f4ca-53e0-8a3e-74dde9159f52,b1dd3608-5ff5-543b-83ad-9bb493d71d7e,SOURCED_FROM
6ef3368e-1d16-5ffa-8cd3-9e0128cd5873,b1dd3608-5ff5-543b-83ad-9bb493d71d7e,SOURCED_FROM
2fcd2f2c-2484-5372-8f37-cfca08f06d2b,b1dd3608-5ff5-543b-83ad-9bb493d71d7e,SOURCED_FROM
f8d5bbe2-1b49-5d70-8ba5-517e4460cb06,b1dd3608-5ff5-543b-83ad-9bb493d71d7e,SOURCED_FROM
723b1976-cf8e-5657-809a-9b969431daa2,b1dd3608-5ff5-543b-83ad-9bb493d71d7e,SOURCED_FROM
3e1ced8e-3e34-5f00-89dc-ab8f9f315bd2,b1dd3608-5ff5-543b-83ad-9bb493d71d7e,SOURCED_FROM
723dd416-8895-5da4-841e-42a4d0eb824e,b1dd3608-5ff5-543b-83ad-9bb493d71d7e,SOURCED_FROM
8c8001e0-8cd3-5f53-81fa-0987c0faaf3c,b1dd3608-5ff5-543b-83ad-9bb493d71d7e,SOURCED_FROM
5c59a43c-8919-5083-8d1a-f653682f4897,b1dd3608-5ff5-543b-83ad-9bb493d71d7e,SOURCED_FROM
1f075f93-8635-560c-8fce-6f9bcfe262d7,b1dd3608-5ff5-543b-83ad-9bb493d71d7e,SOURCED_FROM
6939e6e5-85fa-5abd-8319-a45b5f4fe88d,b1dd3608-5ff5-543b-83ad-9bb493d71d7e,SOURCED_FROM
f34e0d1b-42f1-5dc0-8740-3b95f7020adb,b1dd3608-5ff5-543b-83ad-9bb493d71d7e,SOURCED_FROM
63cf6a47-8982-545b-8673-e98db4d0979a,b1dd3608-5ff5-543b-83ad-9bb493d71d7e,SOURCED_FROM
aaab6ab2-50f4-57ac-804b-47710af2dc22,b1dd3608-5ff5-543b-83ad-9bb493d71d7e,SOURCED_FROM
27e8d966-e49e-584a-8d5a-49ba2e7714ef,b1dd3608-5ff5-543b-83ad-9bb493d71d7e,SOURCED_FROM
d291d48a-5158-5750-8ed5-2deae98ef5e3,b1dd3608-5ff5-543b-83ad-9bb493d71d7e,SOURCED_FROM
9f5b7a14-e66c-59f1-8350-70f1a622930f,b1dd3608-5ff5-543b-83ad-9bb493d71d7e,SOURCED_FROM
1f3d4dfe-4154-5bb7-8246-c0f477e4f377,b1dd3608-5ff5-543b-83ad-9bb493d71d7e,SOURCED_FROM
b5147cd1-2b73-5a11-8ce4-d83b4e77f622,b1dd3608-5ff5-543b-83ad-9bb493d71d7e,SOURCED_FROM
3a7e02d4-7047-5658-8973-620645257616,b1dd3608-5ff5-543b-83ad-9bb493d71d7e,SOURCED_FROM
83fd7947-8554-5f91-8653-bea38327b547,b1dd3608-5ff5-543b-83ad-9bb493d71d7e,SOURCED_FROM
2899c2ba-9820-5b12-8b23-ba5623164358,b1dd3608-5ff5-543b-83ad-9bb493d71d7e,SOURCED_FROM
ad909432-3073-58a6-8052-bfa69a1a7aa7,b1dd3608-5ff5-543b-83ad-9bb493d71d7e,SOURCED_FROM
fa254391-8622-51af-822f-e248dcc3e61a,b1dd3608-5ff5-543b-83ad-9bb493d71d7e,SOURCED_FROM
01c50659-fee8-55b3-82f2-5ce49a8c1c34,b1dd3608-5ff5-543b-83ad-9bb493d71d7e,SOURCED_FROM
cfaec598-ffd8-59f3-8cac-29902af68007,b1dd3608-5ff5-543b-83ad-9bb493d71d7e,SOURCED_FROM
aab57de7-b655-56bd-8cd2-7cdbc8d62191,b1dd3608-5ff5-543b-83ad-9bb493d71d7e,SOURCED_FROM
dce141d6-037f-5099-8f7b-d20bc50c540a,b1dd3608-5ff5-543b-83ad-9bb493d71d7e,SOURCED_FROM
18f178f5-0c88-5cbf-8db0-14cdde813af5,b1dd3608-5ff5-543b-83ad-9bb493d71d7e,SOURCED_FROM
3013e2d3-6408-5ce2-85ff-e05af72b09e6,b1dd3608-5ff5-543b-83ad-9bb493d71d7e,SOURCED_FROM
56d88256-0a64-5989-8ec0-d5aa2b4837e4,b1dd3608-5ff5-543b-83ad-9bb493d71d7e,SOURCED_FROM
4f175ad4-9710-5c47-8f4a-2f957d8257a2,b1dd3608-5ff5-543b-83ad-9bb493d71d7e,SOURCED_FROM
06507f22-2435-5d0f-88dc-16e3fdcf3f0b,b1dd3608-5ff5-543b-83ad-9bb493d71d7e,SOURCED_FROM
1c0a5950-be6b-52e9-8aff-d569b3b41dbc,b1dd3608-5ff5-543b-83ad-9bb493d71d7e,SOURCED_FROM
752c88cb-dfbe-561a-8c2c-35b2e7e5b5dc,b1dd3608-5ff5-543b-83ad-9bb493d71d7e,SOURCED_FROM
a1e80828-3687-5bd6-86ea-c6fa1cb1cac7,b1dd3608-5ff5-543b-83ad-9bb493d71d7e,SOURCED_FROM
45c997e9-8b26-5db6-875e-aa751441c317,b1dd3608-5ff5-543b-83ad-9bb493d71d7e,SOURCED_FROM
bcbec48a-bf04-5bd6-8b97-77abf1c7867a,b1dd3608-5ff5-543b-83ad-9bb493d71d7e,SOURCED_FROM
d2323bcd-f562-567f-8180-800cbf3abe82,b1dd3608-5ff5-543b-83ad-9bb493d71d7e,SOURCED_FROM
a06e75eb-3558-5fda-8bcb-3a8c7d91e35e,b1dd3608-5ff5-543b-83ad-9bb493d71d7e,SOURCED_FROM
a6b8e800-9896-5c6c-84cb-458975bbc680,b1dd3608-5ff5-543b-83ad-9bb493d71d7e,SOURCED_FROM
d41b3fff-9a30-5697-8ed9-96e58891e229,b1dd3608-5ff5-543b-83ad-9bb493d71d7e,SOURCED_FROM
1b2e29ad-a8ac-5c10-8f04-bb7c9875eb8b,b1dd3608-5ff5-543b-83ad-9bb493d71d7e,SOURCED_FROM
2dbdb887-b027-53f3-8f06-81b8dd46ce2c,b1dd3608-5ff5-543b-83ad-9bb493d71d7e,SOURCED_FROM
beca4f5e-929f-508c-8344-aa2f69c8da7f,b1dd3608-5ff5-543b-83ad-9bb493d71d7e,SOURCED_FROM
4e98423f-f354-5ffe-8d9d-a102bfe5d622,b1dd3608-5ff5-543b-83ad-9bb493d71d7e,SOURCED_FROM
86ebc921-cddb-5973-86ee-18afbc63a854,b1dd3608-5ff5-543b-83ad-9bb493d71d7e,SOURCED_FROM
0720e11d-3fcb-5ad7-8c6d-bdf58ec409ba,b1dd3608-5ff5-543b-83ad-9bb493d71d7e,SOURCED_FROM
109a4120-dd9d-57ad-8427-5c5ada1e7c2b,b1dd3608-5ff5-543b-83ad-9bb493d71d7e,SOURCED_FROM
fb173528-f5ea-593b-8f0c-4018761ad0f7,b1dd3608-5ff5-543b-83ad-9bb493d71d7e,SOURCED_FROM
ab1ed519-99b5-5b52-8ce6-4d7dedf4ffbb,b1dd3608-5ff5-543b-83ad-9bb493d71d7e,SOURCED_FROM
1b06f843-9138-5555-87af-3231adce6220,b1dd3608-5ff5-543b-83ad-9bb493d71d7e,SOURCED_FROM
9241b2fe-50a8-57de-8289-dac5ab930bf8,b1dd3608-5ff5-543b-83ad-9bb493d71d7e,SOURCED_FROM
d13a8b5d-9942-5378-82bc-2478c721b45e,b1dd3608-5ff5-543b-83ad-9bb493d71d7e,SOURCED_FROM
39f2916f-c2e3-58be-8c5c-c08a9a03152c,b1dd3608-5ff5-543b-83ad-9bb493d71d7e,SOURCED_FROM
e48144e5-09f5-5ef5-8d0a-cba26123455d,b1dd3608-5ff5-543b-83ad-9bb493d71d7e,SOURCED_FROM
f9315c69-1018-5a25-84da-3978ad29784e,b1dd3608-5ff5-543b-83ad-9bb493d71d7e,SOURCED_FROM
47179ff7-fe09-5262-8dd1-0c15485b23c8,b1dd3608-5ff5-543b-83ad-9bb493d71d7e,SOURCED_FROM
4e26f4ac-03b9-5cbe-8c2c-f46a09e4fc3e,b1dd3608-5ff5-543b-83ad-9bb493d71d7e,SOURCED_FROM
0715cfea-2fb0-5528-88f7-2b96976078dc,b1dd3608-5ff5-543b-83ad-9bb493d71d7e,SOURCED_FROM
40559af0-c3f3-55ea-82a8-e7819c391bfd,b1dd3608-5ff5-543b-83ad-9bb493d71d7e,SOURCED_FROM
fb93a373-91e4-55eb-8c12-dd7cd1dc0a90,b1dd3608-5ff5-543b-83ad-9bb493d71d7e,SOURCED_FROM
ae583a23-145f-563a-869c-74b208115672,b1dd3608-5ff5-543b-83ad-9bb493d71d7e,SOURCED_FROM
817a0a0c-01e2-5b3c-86f6-351bf81c5043,b1dd3608-5ff5-543b-83ad-9bb493d71d7e,SOURCED_FROM
a8d8fc24-715b-55b2-8de1-3310648eb687,b1dd3608-5ff5-543b-83ad-9bb493d71d7e,SOURCED_FROM
668d13a0-0e76-593e-898c-e5cdd47d8faa,b1dd3608-5ff5-543b-83ad-9bb493d71d7e,SOURCED_FROM
9edb5c3f-0f52-5d2f-8529-aaafc54cff64,b1dd3608-5ff5-543b-83ad-9bb493d71d7e,SOURCED_FROM
e2508974-20a6-5663-8e2e-698a5d04c78f,b1dd3608-5ff5-543b-83ad-9bb493d71d7e,SOURCED_FROM
cd34e688-51b7-5ad4-8ce0-7a3641da0738,b1dd3608-5ff5-543b-83ad-9bb493d71d7e,SOURCED_FROM
efa3c345-501a-5dff-85ef-22bcf787338c,b1dd3608-5ff5-543b-83ad-9bb493d71d7e,SOURCED_FROM
48953034-222f-52fd-890e-85a2063098bb,b1dd3608-5ff5-543b-83ad-9bb493d71d7e,SOURCED_FROM
d268c55e-f14a-59a4-889e-d9a9c3a9cbfe,b1dd3608-5ff5-543b-83ad-9bb493d71d7e,SOURCED_FROM
b4bab001-c705-5b14-8a2e-da55511b1fa6,b1dd3608-5ff5-543b-83ad-9bb493d71d7e,SOURCED_FROM
b6c486b0-9746-581b-8283-14aafcd730dc,b1dd3608-5ff5-543b-83ad-9bb493d71d7e,SOURCED_FROM
f9085e27-22ac-5ca8-88b7-db33cd6ab08d,b1dd3608-5ff5-543b-83ad-9bb493d71d7e,SOURCED_FROM
29ff9663-05ad-523a-8308-262f3fd42ae2,b1dd3608-5ff5-543b-83ad-9bb493d71d7e,SOURCED_FROM
34e74120-1f67-570a-8047-57a2de280371,b1dd3608-5ff5-543b-83ad-9bb493d71d7e,SOURCED_FROM
b963b9d0-7c03-5ebf-8803-99177c72ec3f,b1dd3608-5ff5-543b-83ad-9bb493d71d7e,SOURCED_FROM
59b46f7c-e72f-51b8-8f68-a00c1058a224,b1dd3608-5ff5-543b-83ad-9bb493d71d7e,SOURCED_FROM
e6e7ea0f-8f41-5ed7-8e6a-af3c7da00b14,b1dd3608-5ff5-543b-83ad-9bb493d71d7e,SOURCED_FROM
c8679de0-59b6-5c50-84a2-502aaab33d09,b1dd3608-5ff5-543b-83ad-9bb493d71d7e,SOURCED_FROM
dfcbabfc-57ec-5bfa-831f-3b355b95426c,b1dd3608-5ff5-543b-83ad-9bb493d71d7e,SOURCED_FROM
1c67ccea-d372-5353-8919-437198c9b497,b1dd3608-5ff5-543b-83ad-9bb493d71d7e,SOURCED_FROM
6a22d661-14dc-510c-8ffd-57e0837208b0,b1dd3608-5ff5-543b-83ad-9bb493d71d7e,SOURCED_FROM
7162df86-f91a-5728-86cd-8dda1db2f318,b1dd3608-5ff5-543b-83ad-9bb493d71d7e,SOURCED_FROM
34f42b28-6f95-55cb-8e67-f5af9a1b27d1,b1dd3608-5ff5-543b-83ad-9bb493d71d7e,SOURCED_FROM
3288e5c2-1626-5a0a-8db3-2d9949e5fa44,b1dd3608-5ff5-543b-83ad-9bb493d71d7e,SOURCED_FROM
608cb1ef-7629-57c5-8f4c-3d28eaae757f,b1dd3608-5ff5-543b-83ad-9bb493d71d7e,SOURCED_FROM
a7205dc2-4e49-5810-8877-16387067895b,b1dd3608-5ff5-543b-83ad-9bb493d71d7e,SOURCED_FROM
b61b0537-77dc-5066-80a7-07903097629b,b1dd3608-5ff5-543b-83ad-9bb493d71d7e,SOURCED_FROM
f3775137-ad3b-52f0-8891-f0a6a1e3ea4c,b1dd3608-5ff5-543b-83ad-9bb493d71d7e,SOURCED_FROM
44d99f30-73e3-52ed-8914-5620ef89ae6f,b1dd3608-5ff5-543b-83ad-9bb493d71d7e,SOURCED_FROM
aac4e908-b426-5118-84a2-9716685c693b,b1dd3608-5ff5-543b-83ad-9bb493d71d7e,SOURCED_FROM
8a94d791-cd36-5e7f-8627-c003e2e39842,b1dd3608-5ff5-543b-83ad-9bb493d71d7e,SOURCED_FROM
76eaf2e8-d488-5ed8-8f5f-629bc7962061,b1dd3608-5ff5-543b-83ad-9bb493d71d7e,SOURCED_FROM
af872d6d-d899-586b-8afe-da186a0f2289,b1dd3608-5ff5-543b-83ad-9bb493d71d7e,SOURCED_FROM
f85633f4-5191-5ec0-89f8-06f446d03661,b1dd3608-5ff5-543b-83ad-9bb493d71d7e,SOURCED_FROM
642e3db3-f704-5007-8bb1-9cc847270a47,b1dd3608-5ff5-543b-83ad-9bb493d71d7e,SOURCED_FROM
96eaa848-f896-5beb-856a-6083d2b774aa,b1dd3608-5ff5-543b-83ad-9bb493d71d7e,SOURCED_FROM
9ecd9adb-a652-5444-856b-218d76e9ad1f,b1dd3608-5ff5-543b-83ad-9bb493d71d7e,SOURCED_FROM
00c68458-fbca-5c8d-8d04-3015fa2bf393,b1dd3608-5ff5-543b-83ad-9bb493d71d7e,SOURCED_FROM
604fb9c6-78a3-5183-8911-a2be7c9bf94d,b1dd3608-5ff5-543b-83ad-9bb493d71d7e,SOURCED_FROM
d88446be-f05c-5bc0-8fc7-8c5dbf26bf13,b1dd3608-5ff5-543b-83ad-9bb493d71d7e,SOURCED_FROM
d9748668-7b85-5e1b-87e1-f4c52ab331c5,b1dd3608-5ff5-543b-83ad-9bb493d71d7e,SOURCED_FROM
84c42b46-c4a8-5f47-853a-f3556f757583,b1dd3608-5ff5-543b-83ad-9bb493d71d7e,SOURCED_FROM
37dd342b-cd2f-562c-8f05-5bacffe1f6c9,b1dd3608-5ff5-543b-83ad-9bb493d71d7e,SOURCED_FROM
8eab6b68-e941-5a98-83b0-4b4803c486e5,b1dd3608-5ff5-543b-83ad-9bb493d71d7e,SOURCED_FROM
b01b3d37-2b11-5506-8aba-dfa1a9fbb004,b1dd3608-5ff5-543b-83ad-9bb493d71d7e,SOURCED_FROM
ecaf4707-8f86-5ddc-8f1f-f1c5efbafeca,b1dd3608-5ff5-543b-83ad-9bb493d71d7e,SOURCED_FROM
b3cb72df-8cdf-5307-8d78-87dc2087795d,b1dd3608-5ff5-543b-83ad-9bb493d71d7e,SOURCED_FROM
55c89073-e061-5bb3-8795-b3d3c2d5e995,b1dd3608-5ff5-543b-83ad-9bb493d71d7e,SOURCED_FROM
5fbc1652-76a1-5f95-81a7-a37e75db35e2,b1dd3608-5ff5-543b-83ad-9bb493d71d7e,SOURCED_FROM
e406f28e-3049-5e24-818a-3e55bd5ec69e,b1dd3608-5ff5-543b-83ad-9bb493d71d7e,SOURCED_FROM
ecdbb7a3-240c-5c04-8703-fc7b6979931d,b1dd3608-5ff5-543b-83ad-9bb493d71d7e,SOURCED_FROM
b7665c60-6750-59d3-81c3-ffefe5a483c5,b1dd3608-5ff5-543b-83ad-9bb493d71d7e,SOURCED_FROM
561e279c-0215-5310-8226-c5aaf2665a3d,b1dd3608-5ff5-543b-83ad-9bb493d71d7e,SOURCED_FROM
e7f9c3bf-e9ab-525e-8fa1-608afc78b7d3,b1dd3608-5ff5-543b-83ad-9bb493d71d7e,SOURCED_FROM
7504d301-1f42-5921-8b6e-25ec3c94d190,b1dd3608-5ff5-543b-83ad-9bb493d71d7e,SOURCED_FROM
f2d13e09-fe84-5929-8a86-63a94d5c840c,b1dd3608-5ff5-543b-83ad-9bb493d71d7e,SOURCED_FROM
74fe9ae8-2a24-5f2d-8cf9-7652cb239f6d,b1dd3608-5ff5-543b-83ad-9bb493d71d7e,SOURCED_FROM
aa7c78a0-3950-52e5-8ad8-e0b049c0a435,b1dd3608-5ff5-543b-83ad-9bb493d71d7e,SOURCED_FROM
838ee52a-1403-57c3-8bab-8d4f0ebb60a5,b1dd3608-5ff5-543b-83ad-9bb493d71d7e,SOURCED_FROM
b91d4fdf-41fd-5939-823f-8b6e3f966dba,b1dd3608-5ff5-543b-83ad-9bb493d71d7e,SOURCED_FROM
a028548e-6264-54a7-8844-eaba19879f11,b1dd3608-5ff5-543b-83ad-9bb493d71d7e,SOURCED_FROM
8f8a79bc-abe1-5fbd-8cee-3b774af45157,b1dd3608-5ff5-543b-83ad-9bb493d71d7e,SOURCED_FROM
f4cd9f3e-b756-5019-8d88-ad97ef18b280,b1dd3608-5ff5-543b-83ad-9bb493d71d7e,SOURCED_FROM
36d38e29-a112-5c6f-8a37-bb46f4fab699,b1dd3608-5ff5-543b-83ad-9bb493d71d7e,SOURCED_FROM
34c33ef9-589e-5952-8821-4be68dc88f3c,b1dd3608-5ff5-543b-83ad-9bb493d71d7e,SOURCED_FROM
d4ed5514-e17e-55d4-8dac-fcb30467fb5d,b1dd3608-5ff5-543b-83ad-9bb493d71d7e,SOURCED_FROM
f11ccc7b-1548-51a2-8be6-c62bc5ccd1aa,b1dd3608-5ff5-543b-83ad-9bb493d71d7e,SOURCED_FROM
6b71981a-06fa-5c64-856a-20faf5b89d0d,b1dd3608-5ff5-543b-83ad-9bb493d71d7e,SOURCED_FROM
bc9ec635-815e-5bef-8830-8bcd8079d5fe,b1dd3608-5ff5-543b-83ad-9bb493d71d7e,SOURCED_FROM
88f5ea81-9a6e-529d-881d-19153849572e,b1dd3608-5ff5-543b-83ad-9bb493d71d7e,SOURCED_FROM
1a21f645-25a9-5ebd-8b19-78727a44c9fc,b1dd3608-5ff5-543b-83ad-9bb493d71d7e,SOURCED_FROM
b0157bee-bbc0-5d16-8a7b-5ab147bd64c2,b1dd3608-5ff5-543b-83ad-9bb493d71d7e,SOURCED_FROM
36716b49-013a-5295-8b5b-5beba4a3d9fe,b1dd3608-5ff5-543b-83ad-9bb493d71d7e,SOURCED_FROM
0655bd2a-f382-5f30-8cd3-86609be25d2b,b1dd3608-5ff5-543b-83ad-9bb493d71d7e,SOURCED_FROM
c1ab9018-4cd0-5238-8d30-6951ec04cd20,b1dd3608-5ff5-543b-83ad-9bb493d71d7e,SOURCED_FROM
2fd5f1e7-8524-5094-8824-61c2e1902fdf,b1dd3608-5ff5-543b-83ad-9bb493d71d7e,SOURCED_FROM
a7549d70-0db0-5c4b-8b16-2cc1388bbd85,b1dd3608-5ff5-543b-83ad-9bb493d71d7e,SOURCED_FROM
93ac024f-1e0b-551c-8bfa-67c46fee273b,b1dd3608-5ff5-543b-83ad-9bb493d71d7e,SOURCED_FROM
f33ef39c-e2be-5ef1-8c8e-a5921d00e8fb,b1dd3608-5ff5-543b-83ad-9bb493d71d7e,SOURCED_FROM
da249474-764c-5eff-866c-12d154857ed7,b1dd3608-5ff5-543b-83ad-9bb493d71d7e,SOURCED_FROM
87ca7955-c514-5bb1-8b23-b2e5288f6cc6,b1dd3608-5ff5-543b-83ad-9bb493d71d7e,SOURCED_FROM
34b97ef9-ea10-53f9-8fda-f162d883556b,b1dd3608-5ff5-543b-83ad-9bb493d71d7e,SOURCED_FROM
7d4c9f95-862f-5d38-8fc7-7d2acb08bcc6,b1dd3608-5ff5-543b-83ad-9bb493d71d7e,SOURCED_FROM
7c6d955b-f9df-5c81-81fc-5f1bc99f1b5c,b1dd3608-5ff5-543b-83ad-9bb493d71d7e,SOURCED_FROM
4cdb4b18-4363-56e7-8297-d98aad0b6931,b1dd3608-5ff5-543b-83ad-9bb493d71d7e,SOURCED_FROM
ca247f6a-22e8-569b-863c-d13ccdb9ce7e,b1dd3608-5ff5-543b-83ad-9bb493d71d7e,SOURCED_FROM
1bc33ed5-c908-54cd-8f5b-5fa77674e5a4,b1dd3608-5ff5-543b-83ad-9bb493d71d7e,SOURCED_FROM
ca4580d4-8de3-5c7f-861f-03f41da638fd,b1dd3608-5ff5-543b-83ad-9bb493d71d7e,SOURCED_FROM
8bcbe09a-ba9c-5a26-876b-86007112476c,b1dd3608-5ff5-543b-83ad-9bb493d71d7e,SOURCED_FROM
34bb0aa4-5406-534c-8701-152394ce112b,b1dd3608-5ff5-543b-83ad-9bb493d71d7e,SOURCED_FROM
12252ad3-5886-59a5-8817-2f0b6b11c8a7,b1dd3608-5ff5-543b-83ad-9bb493d71d7e,SOURCED_FROM
2a58023f-b4c6-5350-89db-f2a57c88cadd,b1dd3608-5ff5-543b-83ad-9bb493d71d7e,SOURCED_FROM
80d13e0a-b627-58f7-8c06-931f43982cf4,b1dd3608-5ff5-543b-83ad-9bb493d71d7e,SOURCED_FROM
2b4e9dd6-a083-5bdc-88cd-0cab327344a7,b1dd3608-5ff5-543b-83ad-9bb493d71d7e,SOURCED_FROM
83e3715d-e984-5211-83c5-476dfb87c391,b1dd3608-5ff5-543b-83ad-9bb493d71d7e,SOURCED_FROM
58c00442-cd8e-5727-81cf-e5d7383918c2,b1dd3608-5ff5-543b-83ad-9bb493d71d7e,SOURCED_FROM
e4a71a28-fde1-5b04-8844-e9cb128636dd,b1dd3608-5ff5-543b-83ad-9bb493d71d7e,SOURCED_FROM
3c5a20a2-bc1a-5e44-8abc-e7e39cd4dc71,b1dd3608-5ff5-543b-83ad-9bb493d71d7e,SOURCED_FROM
c32f5d17-f6ad-5e5c-8afc-edecbc85806b,b1dd3608-5ff5-543b-83ad-9bb493d71d7e,SOURCED_FROM
3d372c6c-4a23-5011-815e-3e3c04bed0b1,b1dd3608-5ff5-543b-83ad-9bb493d71d7e,SOURCED_FROM
96ca3bdd-bfb1-5ba4-8758-820e024e2072,b1dd3608-5ff5-543b-83ad-9bb493d71d7e,SOURCED_FROM
32cec655-3ac7-5be3-86f0-bf293ee96c69,b1dd3608-5ff5-543b-83ad-9bb493d71d7e,SOURCED_FROM
0453fcb6-5198-5ec2-8e22-6cd8a214cdfe,b1dd3608-5ff5-543b-83ad-9bb493d71d7e,SOURCED_FROM
1f4e1c3e-eb95-58c0-8154-34fc643b27c6,b1dd3608-5ff5-543b-83ad-9bb493d71d7e,SOURCED_FROM
0fc1da00-9b80-5735-8f9d-7b742327cb5b,b1dd3608-5ff5-543b-83ad-9bb493d71d7e,SOURCED_FROM
a2931418-d7f3-539c-88d3-96e0a328a632,b1dd3608-5ff5-543b-83ad-9bb493d71d7e,SOURCED_FROM
a5afed3f-c3a5-5e0b-871d-eb6bedde879f,b1dd3608-5ff5-543b-83ad-9bb493d71d7e,SOURCED_FROM
8895fbc2-f481-5e6e-8f70-8a34d154099c,b1dd3608-5ff5-543b-83ad-9bb493d71d7e,SOURCED_FROM
22832afc-44d4-51f6-8238-eae804519ab6,b1dd3608-5ff5-543b-83ad-9bb493d71d7e,SOURCED_FROM
88c26dc4-4aaf-5625-8d66-cb409752585a,b1dd3608-5ff5-543b-83ad-9bb493d71d7e,SOURCED_FROM
5ffcca96-462f-522a-8370-e48c11d79667,b1dd3608-5ff5-543b-83ad-9bb493d71d7e,SOURCED_FROM
1e758555-04cd-5fbc-8b43-a0bc11fb1702,b1dd3608-5ff5-543b-83ad-9bb493d71d7e,SOURCED_FROM
32cdad67-8374-532c-8a72-b44ff06ff898,b1dd3608-5ff5-543b-83ad-9bb493d71d7e,SOURCED_FROM
f0f8b6b6-de96-5b22-8339-b3a9af71633e,b1dd3608-5ff5-543b-83ad-9bb493d71d7e,SOURCED_FROM
0b14fc5d-2106-55d8-8d9a-679674edb318,b1dd3608-5ff5-543b-83ad-9bb493d71d7e,SOURCED_FROM
75cc761e-7c69-5d72-8a37-ded8d8237f02,b1dd3608-5ff5-543b-83ad-9bb493d71d7e,SOURCED_FROM
41eecc04-6419-50fe-883b-fa71cb1acff7,b1dd3608-5ff5-543b-83ad-9bb493d71d7e,SOURCED_FROM
293bd0b5-3c36-5d30-8e31-a6e64c1e118a,b1dd3608-5ff5-543b-83ad-9bb493d71d7e,SOURCED_FROM
4e7b77f3-53bc-50b6-894a-c003ceb7c62d,b1dd3608-5ff5-543b-83ad-9bb493d71d7e,SOURCED_FROM
c2885ff8-b1e8-5506-8bad-95c257c16028,b1dd3608-5ff5-543b-83ad-9bb493d71d7e,SOURCED_FROM
6aedffaa-f763-5748-873c-cafd6c0ac3a7,b1dd3608-5ff5-543b-83ad-9bb493d71d7e,SOURCED_FROM
984d1f92-6fa0-536d-882f-64a6e8ee9a47,b1dd3608-5ff5-543b-83ad-9bb493d71d7e,SOURCED_FROM
b922e92d-dc46-5820-8a1f-59eaaf92f561,b1dd3608-5ff5-543b-83ad-9bb493d71d7e,SOURCED_FROM
3b2d958a-cd89-545e-83c0-d1ba812b9e0a,b1dd3608-5ff5-543b-83ad-9bb493d71d7e,SOURCED_FROM
196b56a1-7bd5-5e7a-8e7f-16c1985d32ff,b1dd3608-5ff5-543b-83ad-9bb493d71d7e,SOURCED_FROM
d567376a-fd83-5065-8202-9ec2a098eb6a,b1dd3608-5ff5-543b-83ad-9bb493d71d7e,SOURCED_FROM
3533582a-c9e4-5166-8198-4fedbc2621c1,b1dd3608-5ff5-543b-83ad-9bb493d71d7e,SOURCED_FROM
59f261db-4807-5098-88db-cae0f555516e,b1dd3608-5ff5-543b-83ad-9bb493d71d7e,SOURCED_FROM
0a735ef5-f042-5101-8f17-0aac66c2bdd5,b1dd3608-5ff5-543b-83ad-9bb493d71d7e,SOURCED_FROM
838ed4c4-793d-575c-8bbd-887dc3946e06,b1dd3608-5ff5-543b-83ad-9bb493d71d7e,SOURCED_FROM
314ee696-2a78-5579-83ed-afacf17bced4,b1dd3608-5ff5-543b-83ad-9bb493d71d7e,SOURCED_FROM
98b97199-d046-5cd8-8619-c251d7d94609,b1dd3608-5ff5-543b-83ad-9bb493d71d7e,SOURCED_FROM
8bdce1c0-c785-5716-897b-43c65cc4f966,b1dd3608-5ff5-543b-83ad-9bb493d71d7e,SOURCED_FROM
783c6691-6756-57de-8234-141de993133f,b1dd3608-5ff5-543b-83ad-9bb493d71d7e,SOURCED_FROM
80b4f6b3-a229-5c27-811b-1ec289273f7f,b1dd3608-5ff5-543b-83ad-9bb493d71d7e,SOURCED_FROM
0ca396d8-9069-55db-86d6-bad62bdbc661,b1dd3608-5ff5-543b-83ad-9bb493d71d7e,SOURCED_FROM
461cd28b-8dfb-5030-8148-68ab3f7842ba,b1dd3608-5ff5-543b-83ad-9bb493d71d7e,SOURCED_FROM
e9bd0ae1-d8df-5b39-8826-1a2723868bf2,b1dd3608-5ff5-543b-83ad-9bb493d71d7e,SOURCED_FROM
58eb93e3-2e48-5812-85e9-2803eeac7ddb,b1dd3608-5ff5-543b-83ad-9bb493d71d7e,SOURCED_FROM
939e4a11-4999-5273-8fc9-253e24f2ff29,b1dd3608-5ff5-543b-83ad-9bb493d71d7e,SOURCED_FROM
230f54cf-e9e3-50aa-8616-603d11c601c1,b1dd3608-5ff5-543b-83ad-9bb493d71d7e,SOURCED_FROM
c38874c5-72e5-5d22-8ad8-6ed01b26bc8d,b1dd3608-5ff5-543b-83ad-9bb493d71d7e,SOURCED_FROM
4b75057d-10b4-5bdd-8296-0e2941b55d29,b1dd3608-5ff5-543b-83ad-9bb493d71d7e,SOURCED_FROM
53a4dee4-fa4f-5f44-817e-f2aa269346a4,b1dd3608-5ff5-543b-83ad-9bb493d71d7e,SOURCED_FROM
c77c6de0-79ac-5cf0-8fa9-d0ea4b21d634,b1dd3608-5ff5-543b-83ad-9bb493d71d7e,SOURCED_FROM
efa3e352-d9f7-59e4-8031-e41a47508bee,b1dd3608-5ff5-543b-83ad-9bb493d71d7e,SOURCED_FROM
4a835ca4-0e0e-5c5c-809a-c949cb452195,b1dd3608-5ff5-543b-83ad-9bb493d71d7e,SOURCED_FROM
41af3ff7-43f6-5492-8df8-abea2f529660,b1dd3608-5ff5-543b-83ad-9bb493d71d7e,SOURCED_FROM
eb4a8d18-b818-518a-8098-034f40d9ebe0,b1dd3608-5ff5-543b-83ad-9bb493d71d7e,SOURCED_FROM
5c63615f-1a85-5c95-8f7c-2a3ea3fccd55,b1dd3608-5ff5-543b-83ad-9bb493d71d7e,SOURCED_FROM
8b86cab6-ca9b-5abc-8ac8-61809bc1042a,b1dd3608-5ff5-543b-83ad-9bb493d71d7e,SOURCED_FROM
5b0fbcd0-d64e-5a43-8291-8035412802d4,b1dd3608-5ff5-543b-83ad-9bb493d71d7e,SOURCED_FROM
e2d018b8-a0a8-5704-8a80-ae0874294e55,b1dd3608-5ff5-543b-83ad-9bb493d71d7e,SOURCED_FROM
882d2c3f-2b16-5cef-8ffa-84f3c19c504a,b1dd3608-5ff5-543b-83ad-9bb493d71d7e,SOURCED_FROM
a628e5da-61c2-5222-8a79-c8eeaf74d635,b1dd3608-5ff5-543b-83ad-9bb493d71d7e,SOURCED_FROM
f98bd76c-d5eb-5068-8a7e-5f97d526ea72,b1dd3608-5ff5-543b-83ad-9bb493d71d7e,SOURCED_FROM
85fea34c-1593-5aaf-8d51-401622557a72,b1dd3608-5ff5-543b-83ad-9bb493d71d7e,SOURCED_FROM
420c1c6a-7a15-5775-813d-014824c1f166,b1dd3608-5ff5-543b-83ad-9bb493d71d7e,SOURCED_FROM
e675876d-3a84-5d3e-84e3-cafa3294b1af,b1dd3608-5ff5-543b-83ad-9bb493d71d7e,SOURCED_FROM
50d9cfcf-4ecb-5015-8c7e-14ef369def64,b1dd3608-5ff5-543b-83ad-9bb493d71d7e,SOURCED_FROM
b3e7280f-fd05-5e0e-87ad-3a724a0bd251,b1dd3608-5ff5-543b-83ad-9bb493d71d7e,SOURCED_FROM
892d636f-17b8-54df-8ebc-c98a1d10b3e5,b1dd3608-5ff5-543b-83ad-9bb493d71d7e,SOURCED_FROM
5b8d271f-e4a9-501c-8f10-b260b33277f4,b1dd3608-5ff5-543b-83ad-9bb493d71d7e,SOURCED_FROM
d2c4a705-1e20-5061-825a-56ef58600c64,b1dd3608-5ff5-543b-83ad-9bb493d71d7e,SOURCED_FROM
fdb89373-5f92-5f69-8f83-f856891da1fb,b1dd3608-5ff5-543b-83ad-9bb493d71d7e,SOURCED_FROM
cd27f61d-4348-5ae4-823e-5dcebf8e1b2b,b1dd3608-5ff5-543b-83ad-9bb493d71d7e,SOURCED_FROM
d557db6a-0090-5563-8417-2dbc6688fd49,b1dd3608-5ff5-543b-83ad-9bb493d71d7e,SOURCED_FROM
b35de5aa-3be5-5a52-877a-9cfb3fcc5950,b1dd3608-5ff5-543b-83ad-9bb493d71d7e,SOURCED_FROM
23de2793-11f9-50b6-8d54-d00e417750f9,b1dd3608-5ff5-543b-83ad-9bb493d71d7e,SOURCED_FROM
feb753bf-a07c-547e-8d22-065912ceabab,b1dd3608-5ff5-543b-83ad-9bb493d71d7e,SOURCED_FROM
0d7b6e9b-8ef3-5ba2-8893-60b8374d36a7,b1dd3608-5ff5-543b-83ad-9bb493d71d7e,SOURCED_FROM
b4840a48-cf8c-5525-8cc5-95d41f2599b9,b1dd3608-5ff5-543b-83ad-9bb493d71d7e,SOURCED_FROM
b0e7fc3d-de54-54b4-86da-c9d4c826f6cc,b1dd3608-5ff5-543b-83ad-9bb493d71d7e,SOURCED_FROM
8ace81fc-777b-5e55-8a03-644f194ab7d8,b1dd3608-5ff5-543b-83ad-9bb493d71d7e,SOURCED_FROM
313ee250-568e-52e7-8ea0-354b593c6778,b1dd3608-5ff5-543b-83ad-9bb493d71d7e,SOURCED_FROM
f9308537-85af-5dd6-8b71-74891ab83f17,b1dd3608-5ff5-543b-83ad-9bb493d71d7e,SOURCED_FROM
d6848a7a-3f37-5ec7-8a02-2da0057cc07b,b1dd3608-5ff5-543b-83ad-9bb493d71d7e,SOURCED_FROM
01e1b735-f01d-574c-83a4-f423ddd4995c,b1dd3608-5ff5-543b-83ad-9bb493d71d7e,SOURCED_FROM
8ba21471-8296-5e5c-83de-7ac57ae6dfd0,b1dd3608-5ff5-543b-83ad-9bb493d71d7e,SOURCED_FROM
e448519e-d610-56ba-8154-d3de6023a68a,b1dd3608-5ff5-543b-83ad-9bb493d71d7e,SOURCED_FROM
ecbbd1d6-5b4b-532d-8eec-b10f2e23e025,b1dd3608-5ff5-543b-83ad-9bb493d71d7e,SOURCED_FROM
0a327cef-2f56-5aeb-8e53-938fd662c08e,b1dd3608-5ff5-543b-83ad-9bb493d71d7e,SOURCED_FROM
016745e3-dff2-5be7-87e7-b0e62e69836b,b1dd3608-5ff5-543b-83ad-9bb493d71d7e,SOURCED_FROM
21e277f0-8237-56e0-8784-330d8337d73a,b1dd3608-5ff5-543b-83ad-9bb493d71d7e,SOURCED_FROM
7a7e0319-f63d-5269-8997-9a5d3a3f35ff,b1dd3608-5ff5-543b-83ad-9bb493d71d7e,SOURCED_FROM
ad016104-7e57-51e9-8f6d-04dff00156dc,b1dd3608-5ff5-543b-83ad-9bb493d71d7e,SOURCED_FROM
69498c53-948e-5978-81fb-3f47d864a15e,b1dd3608-5ff5-543b-83ad-9bb493d71d7e,SOURCED_FROM
55160b71-5ce3-5462-8400-2b606040a87b,b1dd3608-5ff5-543b-83ad-9bb493d71d7e,SOURCED_FROM
c6cc7c01-76e8-519f-8fa4-5b8e675e2964,b1dd3608-5ff5-543b-83ad-9bb493d71d7e,SOURCED_FROM
505b26b6-8e33-50bd-8170-44e86e6536ce,b1dd3608-5ff5-543b-83ad-9bb493d71d7e,SOURCED_FROM
6ef710dd-7afd-5275-8559-b05f5e23c437,b1dd3608-5ff5-543b-83ad-9bb493d71d7e,SOURCED_FROM
2706c37e-000d-5e63-8870-821bc3b508f4,b1dd3608-5ff5-543b-83ad-9bb493d71d7e,SOURCED_FROM
990e14fe-37f8-59ff-85fb-f8bd83710178,b1dd3608-5ff5-543b-83ad-9bb493d71d7e,SOURCED_FROM
cbb56d90-b112-5d70-8307-7c39c3e2c008,b1dd3608-5ff5-543b-83ad-9bb493d71d7e,SOURCED_FROM
d201e668-19ce-5d5c-86db-5bb40e75244f,b1dd3608-5ff5-543b-83ad-9bb493d71d7e,SOURCED_FROM
7977c866-70f0-5560-84ef-b536590577ba,b1dd3608-5ff5-543b-83ad-9bb493d71d7e,SOURCED_FROM
c8548025-0a5b-5424-88a5-b585307df63d,b1dd3608-5ff5-543b-83ad-9bb493d71d7e,SOURCED_FROM
137280da-0f6f-56b3-8bed-4572090f9fa8,b1dd3608-5ff5-543b-83ad-9bb493d71d7e,SOURCED_FROM
7d58715c-8817-5fe0-8747-fd8242657062,b1dd3608-5ff5-543b-83ad-9bb493d71d7e,SOURCED_FROM
eada56ef-e6fb-57a3-8651-381d32f59f9f,b1dd3608-5ff5-543b-83ad-9bb493d71d7e,SOURCED_FROM
bf7df958-710d-5e3e-89c3-536ac2d0abcd,b1dd3608-5ff5-543b-83ad-9bb493d71d7e,SOURCED_FROM
426d97f7-e386-53f8-8d0d-fad52b3ad083,b1dd3608-5ff5-543b-83ad-9bb493d71d7e,SOURCED_FROM
72c8d4d3-6cd3-5260-835d-37aadeeaec68,b1dd3608-5ff5-543b-83ad-9bb493d71d7e,SOURCED_FROM
15a6a942-df9c-50fb-8719-5dbaa5b89397,b1dd3608-5ff5-543b-83ad-9bb493d71d7e,SOURCED_FROM
9a793179-796b-5c9a-8436-c1a55d577ac6,b1dd3608-5ff5-543b-83ad-9bb493d71d7e,SOURCED_FROM
41840e04-805e-58e5-838c-78add92f67e1,b1dd3608-5ff5-543b-83ad-9bb493d71d7e,SOURCED_FROM
277922b5-b599-5608-8ffd-09b9489e8e59,b1dd3608-5ff5-543b-83ad-9bb493d71d7e,SOURCED_FROM
eeee57ee-4056-5787-87cb-f8be9c180535,b1dd3608-5ff5-543b-83ad-9bb493d71d7e,SOURCED_FROM
2069cc9a-6fd1-564d-895e-43710a590685,b1dd3608-5ff5-543b-83ad-9bb493d71d7e,SOURCED_FROM
d1d90fed-b6b6-5083-8674-a783eb62a1dd,b1dd3608-5ff5-543b-83ad-9bb493d71d7e,SOURCED_FROM
b44cc8c9-d91c-5e87-8cb2-309542ed345a,b1dd3608-5ff5-543b-83ad-9bb493d71d7e,SOURCED_FROM
e1b5673b-a6d3-58ea-8eb8-fbc92c38f634,b1dd3608-5ff5-543b-83ad-9bb493d71d7e,SOURCED_FROM
900f19ff-0434-5958-8e89-1eac7fe4eb40,b1dd3608-5ff5-543b-83ad-9bb493d71d7e,SOURCED_FROM
41a855eb-95a2-5113-8cfc-6aaa2dcbf9c7,b1dd3608-5ff5-543b-83ad-9bb493d71d7e,SOURCED_FROM
f35ffb64-bca4-5216-8482-f76a670d4038,b1dd3608-5ff5-543b-83ad-9bb493d71d7e,SOURCED_FROM
6a993cd8-00d3-55e4-861a-4576f2ddee9c,b1dd3608-5ff5-543b-83ad-9bb493d71d7e,SOURCED_FROM
b0b22a31-2866-5377-8b76-11f71d80e888,b1dd3608-5ff5-543b-83ad-9bb493d71d7e,SOURCED_FROM
53aa11bc-ed79-5cd0-837a-2e5178f88795,b1dd3608-5ff5-543b-83ad-9bb493d71d7e,SOURCED_FROM
ff0c7b3e-3c89-5830-8bf2-6f8450a1e66d,b1dd3608-5ff5-543b-83ad-9bb493d71d7e,SOURCED_FROM
70f39b2b-3e14-520d-8439-a2831ae2bbde,b1dd3608-5ff5-543b-83ad-9bb493d71d7e,SOURCED_FROM
e0ca3d93-3aa5-5570-8d1d-edf6900ef03f,b1dd3608-5ff5-543b-83ad-9bb493d71d7e,SOURCED_FROM
77cc4c26-28e2-55a3-8cd7-f03e2b56c8f8,b1dd3608-5ff5-543b-83ad-9bb493d71d7e,SOURCED_FROM
8445b1e6-9d49-530e-84fd-46eea5e0c59b,b1dd3608-5ff5-543b-83ad-9bb493d71d7e,SOURCED_FROM
1be094d8-2951-5afb-8dc2-5715cf4b9ff1,b1dd3608-5ff5-543b-83ad-9bb493d71d7e,SOURCED_FROM
210325cb-465c-552c-8754-6e09364b3243,b1dd3608-5ff5-543b-83ad-9bb493d71d7e,SOURCED_FROM
5f73b234-4d94-5f69-8b52-435b6b85a6bc,b1dd3608-5ff5-543b-83ad-9bb493d71d7e,SOURCED_FROM
cab7be77-f93d-55cd-8fc6-c04939730ff6,b1dd3608-5ff5-543b-83ad-9bb493d71d7e,SOURCED_FROM
2b24fd72-f55c-5c04-8f4a-d79952db152b,b1dd3608-5ff5-543b-83ad-9bb493d71d7e,SOURCED_FROM
4bec872d-6180-585b-8bfd-47e91fcdd9e2,b1dd3608-5ff5-543b-83ad-9bb493d71d7e,SOURCED_FROM
edf14bca-8be6-5010-8b26-e41ef3eed07f,b1dd3608-5ff5-543b-83ad-9bb493d71d7e,SOURCED_FROM
ea334de1-f838-5f94-8aa3-5eaf58211218,b1dd3608-5ff5-543b-83ad-9bb493d71d7e,SOURCED_FROM
376dc88d-baca-540e-895f-20aa05655105,b1dd3608-5ff5-543b-83ad-9bb493d71d7e,SOURCED_FROM
15ab5242-4c5b-5b39-87e2-b96d413fdbb8,b1dd3608-5ff5-543b-83ad-9bb493d71d7e,SOURCED_FROM
1e6abf07-6e93-5519-8dcb-f46c0679fcc7,b1dd3608-5ff5-543b-83ad-9bb493d71d7e,SOURCED_FROM
194d8895-2a64-5213-85d1-5c071f0c1217,b1dd3608-5ff5-543b-83ad-9bb493d71d7e,SOURCED_FROM
e4d5aee7-59d3-52e6-83f2-21d3d3aa04f6,b1dd3608-5ff5-543b-83ad-9bb493d71d7e,SOURCED_FROM
c6e20d05-70ae-51af-8114-1752bb562110,b1dd3608-5ff5-543b-83ad-9bb493d71d7e,SOURCED_FROM
f7898b60-a0ba-5247-8247-7e3c22dac9e3,b1dd3608-5ff5-543b-83ad-9bb493d71d7e,SOURCED_FROM
afd2fe87-587c-5f05-8afe-0ee3220c7388,b1dd3608-5ff5-543b-83ad-9bb493d71d7e,SOURCED_FROM
73b00b96-75fc-58f3-85f3-bc0ee1c7cc08,b1dd3608-5ff5-543b-83ad-9bb493d71d7e,SOURCED_FROM
812374a3-b3f1-5ed8-81fa-9cdd87e10bfb,b1dd3608-5ff5-543b-83ad-9bb493d71d7e,SOURCED_FROM
8011fbd9-c3d8-5bc2-8b87-ff2e10fe49d2,b1dd3608-5ff5-543b-83ad-9bb493d71d7e,SOURCED_FROM
dc905ba5-8dec-55fd-8811-6cee9e20fc5b,b1dd3608-5ff5-543b-83ad-9bb493d71d7e,SOURCED_FROM
7e47db81-1879-553d-8a77-2a5cfb3bcb62,b1dd3608-5ff5-543b-83ad-9bb493d71d7e,SOURCED_FROM
600d2e3d-de9d-548f-87a9-18990b678d4f,b1dd3608-5ff5-543b-83ad-9bb493d71d7e,SOURCED_FROM
91e319f9-7183-5be7-806e-9cf3c4bc15f7,b1dd3608-5ff5-543b-83ad-9bb493d71d7e,SOURCED_FROM
894215fc-936f-5113-8ad1-faa8b61d9087,b1dd3608-5ff5-543b-83ad-9bb493d71d7e,SOURCED_FROM
e9ae5e4d-1dfd-5105-8b0a-69879a02e67f,b1dd3608-5ff5-543b-83ad-9bb493d71d7e,SOURCED_FROM
b1957018-8d5a-5c10-855a-b7d927da01f5,b1dd3608-5ff5-543b-83ad-9bb493d71d7e,SOURCED_FROM
b29e8f33-c70f-57ac-83d6-263955031ccd,b1dd3608-5ff5-543b-83ad-9bb493d71d7e,SOURCED_FROM
a5ed59e5-7fc3-5955-88a5-49f4e708ce24,b1dd3608-5ff5-543b-83ad-9bb493d71d7e,SOURCED_FROM
12438598-2e27-5a9b-8131-115c7edd5ef8,b1dd3608-5ff5-543b-83ad-9bb493d71d7e,SOURCED_FROM
04372c4d-b312-5dc6-8b68-985c2274af3e,b1dd3608-5ff5-543b-83ad-9bb493d71d7e,SOURCED_FROM
4a28b088-c5bc-536b-85c1-b9c4118d2c82,b1dd3608-5ff5-543b-83ad-9bb493d71d7e,SOURCED_FROM
cbd59bfc-4751-5938-88c6-6190aa82a83b,b1dd3608-5ff5-543b-83ad-9bb493d71d7e,SOURCED_FROM
487c2028-276c-52b3-8536-ae33bb2a4b53,b1dd3608-5ff5-543b-83ad-9bb493d71d7e,SOURCED_FROM
156451d8-94a5-59b9-828d-5714c66eeacb,b1dd3608-5ff5-543b-83ad-9bb493d71d7e,SOURCED_FROM
94531348-8fb5-51fb-8689-e1c58b66b28c,b1dd3608-5ff5-543b-83ad-9bb493d71d7e,SOURCED_FROM
04ca7775-d692-5738-8d33-4cb306e7a3c7,b1dd3608-5ff5-543b-83ad-9bb493d71d7e,SOURCED_FROM
2e01bca3-b67b-5225-8489-9c533c41757c,b1dd3608-5ff5-543b-83ad-9bb493d71d7e,SOURCED_FROM
83d8fb03-78b9-59f5-8a76-562ed8c13f02,b1dd3608-5ff5-543b-83ad-9bb493d71d7e,SOURCED_FROM
f19e2072-ae82-54de-873e-686aaa94e6c0,b1dd3608-5ff5-543b-83ad-9bb493d71d7e,SOURCED_FROM
7e65e136-9723-5225-8cba-1a843d469193,b1dd3608-5ff5-543b-83ad-9bb493d71d7e,SOURCED_FROM
3baab00e-3b2c-5daf-88ee-87ddea4b4d62,b1dd3608-5ff5-543b-83ad-9bb493d71d7e,SOURCED_FROM
b42523c3-d259-5889-861b-a73c4e3b4575,b1dd3608-5ff5-543b-83ad-9bb493d71d7e,SOURCED_FROM
5b31a525-71c3-56e5-8ae3-7c43c2d7b702,b1dd3608-5ff5-543b-83ad-9bb493d71d7e,SOURCED_FROM
3a6b5331-7f57-5b0a-8a5f-a476f16dbd4c,b1dd3608-5ff5-543b-83ad-9bb493d71d7e,SOURCED_FROM
5654ca7d-5f4b-5acf-8cfb-a1ac43662683,b1dd3608-5ff5-543b-83ad-9bb493d71d7e,SOURCED_FROM
907c0753-dec8-5073-81c0-4eb1e3646852,b1dd3608-5ff5-543b-83ad-9bb493d71d7e,SOURCED_FROM
6d475de6-d7d4-5a56-8b9a-234ee602a709,b1dd3608-5ff5-543b-83ad-9bb493d71d7e,SOURCED_FROM
7ecc5b65-9df9-5606-8e13-5911e2aba01a,b1dd3608-5ff5-543b-83ad-9bb493d71d7e,SOURCED_FROM
fc2d1aa1-d060-52a7-88b8-2b2f6298d0b2,b1dd3608-5ff5-543b-83ad-9bb493d71d7e,SOURCED_FROM
10d770a0-af19-55a7-8ceb-586001ebc597,b1dd3608-5ff5-543b-83ad-9bb493d71d7e,SOURCED_FROM
9a091951-1164-5fa1-883f-74086a04e194,b1dd3608-5ff5-543b-83ad-9bb493d71d7e,SOURCED_FROM
0c0a809d-3e55-5791-8033-14d0ff36606a,b1dd3608-5ff5-543b-83ad-9bb493d71d7e,SOURCED_FROM
9f2fdf24-dc0f-5029-8f5b-4681c2baf037,b1dd3608-5ff5-543b-83ad-9bb493d71d7e,SOURCED_FROM
67c79a02-dd96-53e0-8e71-56001ec3a0f4,b1dd3608-5ff5-543b-83ad-9bb493d71d7e,SOURCED_FROM
d0a70ca1-a4a2-5047-832b-1ea17d4a3d75,b1dd3608-5ff5-543b-83ad-9bb493d71d7e,SOURCED_FROM
551631ae-adb0-5cf6-83e4-8d72dc337bfe,b1dd3608-5ff5-543b-83ad-9bb493d71d7e,SOURCED_FROM
93c5f232-f468-5e6b-8583-1e182423c99f,b1dd3608-5ff5-543b-83ad-9bb493d71d7e,SOURCED_FROM
30cda251-1e8c-5722-80e2-19e368e23082,b1dd3608-5ff5-543b-83ad-9bb493d71d7e,SOURCED_FROM
fd64729e-70e4-55eb-8b93-37dd5f35477a,b1dd3608-5ff5-543b-83ad-9bb493d71d7e,SOURCED_FROM
e0164379-f62b-5035-8b01-cc3001cbc534,b1dd3608-5ff5-543b-83ad-9bb493d71d7e,SOURCED_FROM
beaf101b-55e7-5dd5-8580-18d338ee6778,b1dd3608-5ff5-543b-83ad-9bb493d71d7e,SOURCED_FROM
6deae01c-6ad5-58ea-894a-9efe868bb7ec,b1dd3608-5ff5-543b-83ad-9bb493d71d7e,SOURCED_FROM
96258d60-030e-5391-88b1-77a724d8b9e6,b1dd3608-5ff5-543b-83ad-9bb493d71d7e,SOURCED_FROM
b733b643-b71a-5568-8ac6-bdadcc41296d,b1dd3608-5ff5-543b-83ad-9bb493d71d7e,SOURCED_FROM
46f1d799-aa07-5de8-8066-362645972ad8,b1dd3608-5ff5-543b-83ad-9bb493d71d7e,SOURCED_FROM
a589bd4e-e7d3-5004-8e40-4def963a004f,b1dd3608-5ff5-543b-83ad-9bb493d71d7e,SOURCED_FROM
2757fef2-10db-5e0b-8a79-0509a3a38d8f,b1dd3608-5ff5-543b-83ad-9bb493d71d7e,SOURCED_FROM
20a10535-6291-51b6-8ceb-ea09c3b34b40,b1dd3608-5ff5-543b-83ad-9bb493d71d7e,SOURCED_FROM
8588cb66-daf6-54fb-8bd9-bee9b2e6721c,b1dd3608-5ff5-543b-83ad-9bb493d71d7e,SOURCED_FROM
c3769dbd-d292-54fe-803d-f5c9c06283b9,b1dd3608-5ff5-543b-83ad-9bb493d71d7e,SOURCED_FROM
ba3bc8a9-842e-5a1d-8d1a-a39813b75928,b1dd3608-5ff5-543b-83ad-9bb493d71d7e,SOURCED_FROM
3d56ba03-13df-5bd5-8814-a07ccc63a06a,b1dd3608-5ff5-543b-83ad-9bb493d71d7e,SOURCED_FROM
f0d91ea3-b49b-559c-8e44-90be8f7d0657,b1dd3608-5ff5-543b-83ad-9bb493d71d7e,SOURCED_FROM
dee585fb-22ee-56ea-876e-b1329470dd67,b1dd3608-5ff5-543b-83ad-9bb493d71d7e,SOURCED_FROM
18a26e74-b53b-5df2-8c19-250678d6c863,b1dd3608-5ff5-543b-83ad-9bb493d71d7e,SOURCED_FROM
bc57f4c9-5cff-5d74-8118-8888d568b588,b1dd3608-5ff5-543b-83ad-9bb493d71d7e,SOURCED_FROM
0a0f5abf-1298-5f3f-80f5-234b42ba5332,b1dd3608-5ff5-543b-83ad-9bb493d71d7e,SOURCED_FROM
ebc298ab-49be-581a-84d4-84ae46fc34d3,b1dd3608-5ff5-543b-83ad-9bb493d71d7e,SOURCED_FROM
ce4fc523-911d-51d3-8ae5-44bf65fbf961,b1dd3608-5ff5-543b-83ad-9bb493d71d7e,SOURCED_FROM
0ad3cd8c-2598-565f-8893-feadeba7fc5a,b1dd3608-5ff5-543b-83ad-9bb493d71d7e,SOURCED_FROM
b3c8bf69-57f2-5c2b-8956-b9663784299f,b1dd3608-5ff5-543b-83ad-9bb493d71d7e,SOURCED_FROM
e88016c4-9b6a-5792-87f7-cc01ea69b500,b1dd3608-5ff5-543b-83ad-9bb493d71d7e,SOURCED_FROM
ea6a7ece-7bbc-501a-8fcb-b4e94251bceb,b1dd3608-5ff5-543b-83ad-9bb493d71d7e,SOURCED_FROM
4a6b86bb-5db2-5063-8bc4-574435c0f2ea,b1dd3608-5ff5-543b-83ad-9bb493d71d7e,SOURCED_FROM
4c2a121f-cec3-5234-8786-ab414c281d19,b1dd3608-5ff5-543b-83ad-9bb493d71d7e,SOURCED_FROM
ae5698c3-bd9b-51ce-8f3f-52662b76078b,b1dd3608-5ff5-543b-83ad-9bb493d71d7e,SOURCED_FROM
d2711e49-3370-5707-82f2-e333a1465345,b1dd3608-5ff5-543b-83ad-9bb493d71d7e,SOURCED_FROM
3a0605be-13de-5ec4-8d95-f79760d1a1a5,b1dd3608-5ff5-543b-83ad-9bb493d71d7e,SOURCED_FROM
c21116d8-f879-5bb2-823e-5ccbac22667e,b1dd3608-5ff5-543b-83ad-9bb493d71d7e,SOURCED_FROM
cb7af5f9-ef6c-58e3-85e2-ac46df36530a,b1dd3608-5ff5-543b-83ad-9bb493d71d7e,SOURCED_FROM
7cc5ca2c-fbb3-5295-8b6d-7c56f0b82153,b1dd3608-5ff5-543b-83ad-9bb493d71d7e,SOURCED_FROM
e4503aee-f6d0-5a5e-8dca-72ad47cbdfef,b1dd3608-5ff5-543b-83ad-9bb493d71d7e,SOURCED_FROM
31c908af-adc5-550e-8a6a-7c7cab45b307,b1dd3608-5ff5-543b-83ad-9bb493d71d7e,SOURCED_FROM
dd76c069-6282-52a2-86cb-6c27c57ae70b,b1dd3608-5ff5-543b-83ad-9bb493d71d7e,SOURCED_FROM
83b33245-79e4-5c23-8d01-db1c4b1da7dc,b1dd3608-5ff5-543b-83ad-9bb493d71d7e,SOURCED_FROM
cd414a96-c664-513d-8e80-bae14d3a2ee2,b1dd3608-5ff5-543b-83ad-9bb493d71d7e,SOURCED_FROM
cdd2e4fc-e2d5-5114-8d3c-ba86ea1c9e12,b1dd3608-5ff5-543b-83ad-9bb493d71d7e,SOURCED_FROM
146270b5-5340-5333-8c6e-766fe3d14701,b1dd3608-5ff5-543b-83ad-9bb493d71d7e,SOURCED_FROM
15921a3d-4221-59e4-87f1-a83f3bf9b8e8,b1dd3608-5ff5-543b-83ad-9bb493d71d7e,SOURCED_FROM
4fa58bbd-23aa-5cda-8ede-428246553ce1,b1dd3608-5ff5-543b-83ad-9bb493d71d7e,SOURCED_FROM
7a7fe938-779d-534c-8250-62b9641f329f,b1dd3608-5ff5-543b-83ad-9bb493d71d7e,SOURCED_FROM
9b3f1b2d-999b-5167-832f-a2f68789422a,b1dd3608-5ff5-543b-83ad-9bb493d71d7e,SOURCED_FROM
c37be620-bd05-519f-864e-1f4be077cf53,b1dd3608-5ff5-543b-83ad-9bb493d71d7e,SOURCED_FROM
09547af6-501b-52c0-8536-fd6e91cda8a3,b1dd3608-5ff5-543b-83ad-9bb493d71d7e,SOURCED_FROM
5bfc3081-a041-5ebd-8aec-1f2904cbcfba,b1dd3608-5ff5-543b-83ad-9bb493d71d7e,SOURCED_FROM
d34eff69-0160-5ee9-8304-a33d16c12c2b,b1dd3608-5ff5-543b-83ad-9bb493d71d7e,SOURCED_FROM
b3f34da9-a457-5b72-8081-1a756c748e4f,b1dd3608-5ff5-543b-83ad-9bb493d71d7e,SOURCED_FROM
ba439c83-bf88-5606-8737-10ea31f1b7c3,b1dd3608-5ff5-543b-83ad-9bb493d71d7e,SOURCED_FROM
774291a3-59b9-551d-8acc-d8c0abe27dd6,b1dd3608-5ff5-543b-83ad-9bb493d71d7e,SOURCED_FROM
bf0106b8-cc03-55bb-8594-c1e56462939c,b1dd3608-5ff5-543b-83ad-9bb493d71d7e,SOURCED_FROM
f864439d-b03a-5b2f-87b4-948e8b0966c4,b1dd3608-5ff5-543b-83ad-9bb493d71d7e,SOURCED_FROM
574936c0-721b-5a99-8bf7-4d3df7c2091b,b1dd3608-5ff5-543b-83ad-9bb493d71d7e,SOURCED_FROM
e1fa638b-cf22-52c5-8e12-1962e57bf1db,b1dd3608-5ff5-543b-83ad-9bb493d71d7e,SOURCED_FROM
eb0e9fe8-aefc-5b4c-8e2a-ddc30cc928b2,b1dd3608-5ff5-543b-83ad-9bb493d71d7e,SOURCED_FROM
03858948-3eb1-593f-8c8a-63d21dec73c8,b1dd3608-5ff5-543b-83ad-9bb493d71d7e,SOURCED_FROM
29008035-313e-5987-83ba-1d47a29d3eb8,b1dd3608-5ff5-543b-83ad-9bb493d71d7e,SOURCED_FROM
f5ff70f7-7ef5-5f6f-8f25-9f5797e2cf37,b1dd3608-5ff5-543b-83ad-9bb493d71d7e,SOURCED_FROM
4f45460c-c345-5e5b-80a1-25fa566193d4,b1dd3608-5ff5-543b-83ad-9bb493d71d7e,SOURCED_FROM
ebbf3c3a-a072-5d9a-8bb9-65600003fdbf,b1dd3608-5ff5-543b-83ad-9bb493d71d7e,SOURCED_FROM
39d81959-bfef-5321-8a61-f6b160d1e178,b1dd3608-5ff5-543b-83ad-9bb493d71d7e,SOURCED_FROM
b70c7499-0b76-5b3c-8ed2-bb418d88151b,b1dd3608-5ff5-543b-83ad-9bb493d71d7e,SOURCED_FROM
cf587b28-e7c9-5f9f-8440-8745b4b6923b,b1dd3608-5ff5-543b-83ad-9bb493d71d7e,SOURCED_FROM
a17a6d81-c9c5-5902-84c3-fd8c8d679426,b1dd3608-5ff5-543b-83ad-9bb493d71d7e,SOURCED_FROM
90a357ad-d827-577e-8059-80f1a207c393,b1dd3608-5ff5-543b-83ad-9bb493d71d7e,SOURCED_FROM
1978cd2d-2d3a-559d-871a-ba9f12a71568,b1dd3608-5ff5-543b-83ad-9bb493d71d7e,SOURCED_FROM
10f9d2ad-b652-5aaf-8b2f-22277e8af3d4,b1dd3608-5ff5-543b-83ad-9bb493d71d7e,SOURCED_FROM
c21eaf54-ec70-5a55-860e-074da54ca4c3,b1dd3608-5ff5-543b-83ad-9bb493d71d7e,SOURCED_FROM
da33506b-88ef-5b46-8656-e3db3f159be8,b1dd3608-5ff5-543b-83ad-9bb493d71d7e,SOURCED_FROM
c4c39311-181b-54b3-8f8f-04fb3d4959c0,b1dd3608-5ff5-543b-83ad-9bb493d71d7e,SOURCED_FROM
01cd05f3-b7ed-5cea-85f1-f97095ebf51a,b1dd3608-5ff5-543b-83ad-9bb493d71d7e,SOURCED_FROM
58df22b3-fe6c-5e2a-8c33-579c91b753d6,b1dd3608-5ff5-543b-83ad-9bb493d71d7e,SOURCED_FROM
a5aafe57-093a-59ba-8374-14e1be505a03,b1dd3608-5ff5-543b-83ad-9bb493d71d7e,SOURCED_FROM
bff1bf25-8c63-518e-8178-866ae9149172,b1dd3608-5ff5-543b-83ad-9bb493d71d7e,SOURCED_FROM
e5e8d9f1-f7fc-521e-89a3-9cd709a925b9,b1dd3608-5ff5-543b-83ad-9bb493d71d7e,SOURCED_FROM
7436a67e-6dd4-56de-857a-dfc33ff72773,b1dd3608-5ff5-543b-83ad-9bb493d71d7e,SOURCED_FROM
40a82f9f-5130-52fc-8386-25a9d5262ae5,b1dd3608-5ff5-543b-83ad-9bb493d71d7e,SOURCED_FROM
54de59fb-4fe0-5a54-8dbe-3d3bac702ea3,b1dd3608-5ff5-543b-83ad-9bb493d71d7e,SOURCED_FROM
2723a981-11ba-585a-8673-12512fa258df,b1dd3608-5ff5-543b-83ad-9bb493d71d7e,SOURCED_FROM
4ccae891-c14a-5cc6-8a35-2970863f2b4c,b1dd3608-5ff5-543b-83ad-9bb493d71d7e,SOURCED_FROM
a6d5086e-460a-58d8-8f5a-92658205079d,b1dd3608-5ff5-543b-83ad-9bb493d71d7e,SOURCED_FROM
23f7831f-ccd5-537b-8da1-2d34d1973efd,b1dd3608-5ff5-543b-83ad-9bb493d71d7e,SOURCED_FROM
358a5da3-6c60-54fe-8c7c-7f60068b46ca,b1dd3608-5ff5-543b-83ad-9bb493d71d7e,SOURCED_FROM
bf7ed7b1-29e6-5819-87a4-8562c8a36722,b1dd3608-5ff5-543b-83ad-9bb493d71d7e,SOURCED_FROM
83a508ea-14fa-596e-80be-833510118c89,b1dd3608-5ff5-543b-83ad-9bb493d71d7e,SOURCED_FROM
677b4bed-5dfa-55e7-8546-f005eb2b6c59,b1dd3608-5ff5-543b-83ad-9bb493d71d7e,SOURCED_FROM
60c5764b-c2bf-5a0d-85bd-3784fc43bd09,b1dd3608-5ff5-543b-83ad-9bb493d71d7e,SOURCED_FROM
d567f394-bc06-5432-86aa-eb55c1e4ea2d,b1dd3608-5ff5-543b-83ad-9bb493d71d7e,SOURCED_FROM
018ec6c6-581a-5fdf-8c36-af07c0f8c7e7,b1dd3608-5ff5-543b-83ad-9bb493d71d7e,SOURCED_FROM
67f38d6d-4e35-5664-8bae-a218d0f26968,b1dd3608-5ff5-543b-83ad-9bb493d71d7e,SOURCED_FROM
be59be71-4015-53b7-87ef-b2160cea9833,b1dd3608-5ff5-543b-83ad-9bb493d71d7e,SOURCED_FROM
1aa38274-b18b-5a6d-8d0f-0c0818f8534d,b1dd3608-5ff5-543b-83ad-9bb493d71d7e,SOURCED_FROM
e8d366d8-6ea5-5fa3-81b7-77a4fd691180,b1dd3608-5ff5-543b-83ad-9bb493d71d7e,SOURCED_FROM
ecf8060c-2121-52f2-85bc-3e2db32a034d,b1dd3608-5ff5-543b-83ad-9bb493d71d7e,SOURCED_FROM
2ab3ac42-8bab-5506-8cc7-30a2139ba036,b1dd3608-5ff5-543b-83ad-9bb493d71d7e,SOURCED_FROM
1240dc02-1e47-55c5-8cc7-4facb3ad1e4f,b1dd3608-5ff5-543b-83ad-9bb493d71d7e,SOURCED_FROM
0642445c-917e-50aa-8be2-b4e545311d96,b1dd3608-5ff5-543b-83ad-9bb493d71d7e,SOURCED_FROM
f9a5502c-f923-5c98-83a7-9a7feb1c0af0,b1dd3608-5ff5-543b-83ad-9bb493d71d7e,SOURCED_FROM
e25d8058-96c4-5b55-8a98-fdcea389da37,b1dd3608-5ff5-543b-83ad-9bb493d71d7e,SOURCED_FROM
293fd437-d0ed-5789-88f5-f1a1964cc340,b1dd3608-5ff5-543b-83ad-9bb493d71d7e,SOURCED_FROM
598648bc-3575-5bb8-8a14-463426333866,b1dd3608-5ff5-543b-83ad-9bb493d71d7e,SOURCED_FROM
ed592839-1393-559f-82e9-61042301674d,b1dd3608-5ff5-543b-83ad-9bb493d71d7e,SOURCED_FROM
a188ff05-fa7f-59ef-862d-cb754b3f6240,b1dd3608-5ff5-543b-83ad-9bb493d71d7e,SOURCED_FROM
498f1787-a2b8-56e6-85a4-b6fc3d0fb044,b1dd3608-5ff5-543b-83ad-9bb493d71d7e,SOURCED_FROM
c81510b9-f9c8-58ac-8900-ba8fb39b3de2,b1dd3608-5ff5-543b-83ad-9bb493d71d7e,SOURCED_FROM
bd3d023a-c3e8-5f4f-88c1-0dd504ed49b5,b1dd3608-5ff5-543b-83ad-9bb493d71d7e,SOURCED_FROM
449b9ae6-12be-596c-8684-dedd3304d781,b1dd3608-5ff5-543b-83ad-9bb493d71d7e,SOURCED_FROM
fab927e8-4dff-557e-8e77-eaaa1bb8eae1,b1dd3608-5ff5-543b-83ad-9bb493d71d7e,SOURCED_FROM
5d3cdcce-a153-544b-8e88-74c571205a02,b1dd3608-5ff5-543b-83ad-9bb493d71d7e,SOURCED_FROM
b9672e7f-ec3e-501c-8cf7-8b237a80ee8d,b1dd3608-5ff5-543b-83ad-9bb493d71d7e,SOURCED_FROM
a8fa9bf2-2577-57cc-8975-3ad0049a4212,b1dd3608-5ff5-543b-83ad-9bb493d71d7e,SOURCED_FROM
c0f1d959-c883-5df3-80de-5e5988210bb6,b1dd3608-5ff5-543b-83ad-9bb493d71d7e,SOURCED_FROM
322c542f-2d87-5317-8ae9-4148c9c7b518,b1dd3608-5ff5-543b-83ad-9bb493d71d7e,SOURCED_FROM
0e0d2743-19d0-5f1f-86a3-a7f09dc07d8b,b1dd3608-5ff5-543b-83ad-9bb493d71d7e,SOURCED_FROM
f79921fb-3190-58b0-8202-80a272e04b16,b1dd3608-5ff5-543b-83ad-9bb493d71d7e,SOURCED_FROM
92aa757d-a7f8-5795-8ee5-a67aab113e55,b1dd3608-5ff5-543b-83ad-9bb493d71d7e,SOURCED_FROM
a3b3d8b5-8c30-58af-898b-0edc2ee1f5d4,b1dd3608-5ff5-543b-83ad-9bb493d71d7e,SOURCED_FROM
b429214c-8f76-55a9-8146-c11192a13def,b1dd3608-5ff5-543b-83ad-9bb493d71d7e,SOURCED_FROM
e72c1f91-e9b7-52b7-80e5-e2f982c7c3cc,b1dd3608-5ff5-543b-83ad-9bb493d71d7e,SOURCED_FROM
8e54bdd0-29ee-5ffc-8645-9afbeaeeba8d,b1dd3608-5ff5-543b-83ad-9bb493d71d7e,SOURCED_FROM
033222d8-aec5-5e4c-8ece-99b23aaf3b20,b1dd3608-5ff5-543b-83ad-9bb493d71d7e,SOURCED_FROM
beca7842-8a28-511e-8d17-77aca4543579,b1dd3608-5ff5-543b-83ad-9bb493d71d7e,SOURCED_FROM
b4acaf6c-c35d-558c-872d-d313d97a3907,b1dd3608-5ff5-543b-83ad-9bb493d71d7e,SOURCED_FROM
ab492be0-3fac-585c-8b5e-4f0ee38fd59f,b1dd3608-5ff5-543b-83ad-9bb493d71d7e,SOURCED_FROM
00937db5-078c-5503-8cee-4ac6f1f6da96,b1dd3608-5ff5-543b-83ad-9bb493d71d7e,SOURCED_FROM
8dd13b9b-3c33-573f-8bca-a74357c8e912,b1dd3608-5ff5-543b-83ad-9bb493d71d7e,SOURCED_FROM
33ba8187-8f5b-58d7-8b02-b25d4d19333b,b1dd3608-5ff5-543b-83ad-9bb493d71d7e,SOURCED_FROM
52ff0095-6aae-5159-8e69-4af9da2ba539,b1dd3608-5ff5-543b-83ad-9bb493d71d7e,SOURCED_FROM
585c5ed4-47a6-5212-89ee-d092b69acbe0,b1dd3608-5ff5-543b-83ad-9bb493d71d7e,SOURCED_FROM
120a8364-6a3d-5572-8d11-63d0e91c0411,b1dd3608-5ff5-543b-83ad-9bb493d71d7e,SOURCED_FROM
78d66331-c9d6-591b-8e6f-78aae0a84840,b1dd3608-5ff5-543b-83ad-9bb493d71d7e,SOURCED_FROM
995ecf12-38d9-50be-8885-973bba3f2a72,b1dd3608-5ff5-543b-83ad-9bb493d71d7e,SOURCED_FROM
afb7971d-4bbb-55b1-8961-61cc22267a12,b1dd3608-5ff5-543b-83ad-9bb493d71d7e,SOURCED_FROM
78184d6a-2f36-5ec8-8fe5-f1f78636fbb6,b1dd3608-5ff5-543b-83ad-9bb493d71d7e,SOURCED_FROM
3523c36f-2bc6-562a-8480-1ccc750019cc,b1dd3608-5ff5-543b-83ad-9bb493d71d7e,SOURCED_FROM
8b81cc35-0c31-59b3-8c04-00b240a7e31a,b1dd3608-5ff5-543b-83ad-9bb493d71d7e,SOURCED_FROM
41e38948-af68-57ed-857b-f769c7b41c7b,b1dd3608-5ff5-543b-83ad-9bb493d71d7e,SOURCED_FROM
aa5108ae-d0b7-518f-8114-16c50dcbbb94,b1dd3608-5ff5-543b-83ad-9bb493d71d7e,SOURCED_FROM
2a915d27-58c9-5bef-8111-86bac53c6fbe,b1dd3608-5ff5-543b-83ad-9bb493d71d7e,SOURCED_FROM
47ae15a5-57b8-533f-8073-7cc9026a1e53,b1dd3608-5ff5-543b-83ad-9bb493d71d7e,SOURCED_FROM
d6797c80-d1fb-5526-818c-be48e0f450a2,b1dd3608-5ff5-543b-83ad-9bb493d71d7e,SOURCED_FROM
969bf8e8-f9e9-574d-8a8d-6f9c7d1a965e,b1dd3608-5ff5-543b-83ad-9bb493d71d7e,SOURCED_FROM
edd5592b-1b5e-572d-87aa-8758a06e5064,b1dd3608-5ff5-543b-83ad-9bb493d71d7e,SOURCED_FROM
89a1f991-867a-5576-8aaa-69c10a6ee649,b1dd3608-5ff5-543b-83ad-9bb493d71d7e,SOURCED_FROM
e595249f-1971-53bc-8f01-4e300dd62174,b1dd3608-5ff5-543b-83ad-9bb493d71d7e,SOURCED_FROM
c365387b-4a5c-5b3c-8d31-327e11a4f59f,b1dd3608-5ff5-543b-83ad-9bb493d71d7e,SOURCED_FROM
06c99a82-33bf-56be-867c-ae0ef5016b62,b1dd3608-5ff5-543b-83ad-9bb493d71d7e,SOURCED_FROM
71e62804-0069-52a2-880a-4278c4fb94a4,b1dd3608-5ff5-543b-83ad-9bb493d71d7e,SOURCED_FROM
2996464f-ff84-5a83-8402-a9994f0f5ff6,b1dd3608-5ff5-543b-83ad-9bb493d71d7e,SOURCED_FROM
34279bf6-fcdf-5276-8e13-ae643be2b975,b1dd3608-5ff5-543b-83ad-9bb493d71d7e,SOURCED_FROM
97197a80-a1a1-5c5b-8830-cfd1d82a4eb9,b1dd3608-5ff5-543b-83ad-9bb493d71d7e,SOURCED_FROM
9af2704d-9278-5080-847f-8b6c3b25dc25,b1dd3608-5ff5-543b-83ad-9bb493d71d7e,SOURCED_FROM
90d5983f-a40f-559f-8537-c318b013b3ca,b1dd3608-5ff5-543b-83ad-9bb493d71d7e,SOURCED_FROM
9c82f304-5567-5e30-88aa-14428931238f,b1dd3608-5ff5-543b-83ad-9bb493d71d7e,SOURCED_FROM
a5d58f31-c7c9-5ef7-80af-1fc4fc3077a3,b1dd3608-5ff5-543b-83ad-9bb493d71d7e,SOURCED_FROM
f40caa44-38d2-515f-8990-e87e3f652697,b1dd3608-5ff5-543b-83ad-9bb493d71d7e,SOURCED_FROM
f542a581-760f-519f-89f6-647de705b196,b1dd3608-5ff5-543b-83ad-9bb493d71d7e,SOURCED_FROM
a8ea639a-218e-5dfa-806a-68a429697957,b1dd3608-5ff5-543b-83ad-9bb493d71d7e,SOURCED_FROM
4aa27ebc-1f68-5126-8c6a-fd88221c03ca,b1dd3608-5ff5-543b-83ad-9bb493d71d7e,SOURCED_FROM
ee5bc3ca-6b22-5547-8140-351dbe257f52,b1dd3608-5ff5-543b-83ad-9bb493d71d7e,SOURCED_FROM
b605f4e8-c72d-5f72-8f6a-da0b49190776,b1dd3608-5ff5-543b-83ad-9bb493d71d7e,SOURCED_FROM
dce606af-d4b6-5828-8eff-d548b045e074,b1dd3608-5ff5-543b-83ad-9bb493d71d7e,SOURCED_FROM
97e87f8e-a54c-5d23-867d-4f558889bf1d,b1dd3608-5ff5-543b-83ad-9bb493d71d7e,SOURCED_FROM
ec42daa7-5b7c-599f-8b5d-d0367ebae2aa,b1dd3608-5ff5-543b-83ad-9bb493d71d7e,SOURCED_FROM
7fa45501-a07d-5dbf-875b-e9d513e75f0a,b1dd3608-5ff5-543b-83ad-9bb493d71d7e,SOURCED_FROM
5a46801c-6c87-5d3b-8ca9-e70ce3de4e0f,b1dd3608-5ff5-543b-83ad-9bb493d71d7e,SOURCED_FROM
20b450d9-aa4e-55de-88ad-59e2a4740e11,b1dd3608-5ff5-543b-83ad-9bb493d71d7e,SOURCED_FROM
c16e5b21-0d25-5ef6-8dcd-9113472a1741,b1dd3608-5ff5-543b-83ad-9bb493d71d7e,SOURCED_FROM
6c96ae7a-6371-5689-89f6-50b81569f3ff,b1dd3608-5ff5-543b-83ad-9bb493d71d7e,SOURCED_FROM
1bee6e79-41b5-5603-87e1-790f277d2ba0,b1dd3608-5ff5-543b-83ad-9bb493d71d7e,SOURCED_FROM
d6d9318c-5603-54ec-8555-0f344f23c1c0,b1dd3608-5ff5-543b-83ad-9bb493d71d7e,SOURCED_FROM
db4963dc-1e84-524c-8224-b6977069fded,b1dd3608-5ff5-543b-83ad-9bb493d71d7e,SOURCED_FROM
331b458e-f703-5a72-8807-e8d181e033cf,b1dd3608-5ff5-543b-83ad-9bb493d71d7e,SOURCED_FROM
204bd714-2da7-548d-8575-5ad530d88d04,b1dd3608-5ff5-543b-83ad-9bb493d71d7e,SOURCED_FROM
c90b5fd8-fc40-5741-8d11-56ca7fd662d2,b1dd3608-5ff5-543b-83ad-9bb493d71d7e,SOURCED_FROM
fdf17b70-69f8-5ae2-84b7-9619df6f5acc,b1dd3608-5ff5-543b-83ad-9bb493d71d7e,SOURCED_FROM
74303acf-42f8-50be-8a5b-000ff8ef7eac,b1dd3608-5ff5-543b-83ad-9bb493d71d7e,SOURCED_FROM
f210a81c-0a40-5499-876f-6dfd019644b6,b1dd3608-5ff5-543b-83ad-9bb493d71d7e,SOURCED_FROM
4af2ea52-e85e-504e-8217-a006d14f2f83,b1dd3608-5ff5-543b-83ad-9bb493d71d7e,SOURCED_FROM
abeee9e3-ca18-532c-82a0-850b67d5038b,b1dd3608-5ff5-543b-83ad-9bb493d71d7e,SOURCED_FROM
a367033b-1c1b-543e-898b-3e5bc09d3c19,b1dd3608-5ff5-543b-83ad-9bb493d71d7e,SOURCED_FROM
3b5f4cb0-dc59-5dd7-8249-e77af9a16a5f,b1dd3608-5ff5-543b-83ad-9bb493d71d7e,SOURCED_FROM
5514c581-3206-570a-805e-066cf907b196,b1dd3608-5ff5-543b-83ad-9bb493d71d7e,SOURCED_FROM
7314e76a-c2ff-5510-8d3b-899f1f3c27ff,b1dd3608-5ff5-543b-83ad-9bb493d71d7e,SOURCED_FROM
c82cf27a-adda-5105-82ba-df0175e0c1c1,b1dd3608-5ff5-543b-83ad-9bb493d71d7e,SOURCED_FROM
e2e2fef8-9d48-5115-857c-e40bb9e85f6a,b1dd3608-5ff5-543b-83ad-9bb493d71d7e,SOURCED_FROM
cbcc5e53-03fa-5694-8684-39fbc55b5568,b1dd3608-5ff5-543b-83ad-9bb493d71d7e,SOURCED_FROM
b37f8474-3f6a-52df-8076-924ea1cc1cc1,b1dd3608-5ff5-543b-83ad-9bb493d71d7e,SOURCED_FROM
2117332f-dafd-5bc0-8070-e5a78cd8329f,b1dd3608-5ff5-543b-83ad-9bb493d71d7e,SOURCED_FROM
80164d58-a67f-57c4-80e2-bf79cdafb462,b1dd3608-5ff5-543b-83ad-9bb493d71d7e,SOURCED_FROM
84ad5e88-2e21-5630-89ba-dd5e41bdb958,b1dd3608-5ff5-543b-83ad-9bb493d71d7e,SOURCED_FROM
aabdc06b-98c6-5e34-86eb-0688d6c47742,b1dd3608-5ff5-543b-83ad-9bb493d71d7e,SOURCED_FROM
9f0d5c62-a4d8-531e-81fa-4907e30fcd9f,b1dd3608-5ff5-543b-83ad-9bb493d71d7e,SOURCED_FROM
82d3c5a8-0029-5e25-8ed9-d8adffefd544,b1dd3608-5ff5-543b-83ad-9bb493d71d7e,SOURCED_FROM
44cc9698-4c50-50d3-8d85-82f32a37e715,b1dd3608-5ff5-543b-83ad-9bb493d71d7e,SOURCED_FROM
eae0f7e9-9fc0-59b0-8038-522c59a4b5da,b1dd3608-5ff5-543b-83ad-9bb493d71d7e,SOURCED_FROM
7a18c28f-136e-58b1-8728-9cfe7715c42f,b1dd3608-5ff5-543b-83ad-9bb493d71d7e,SOURCED_FROM
40e08529-a3f0-5263-87af-9bdc876b97b3,b1dd3608-5ff5-543b-83ad-9bb493d71d7e,SOURCED_FROM
457ed0ae-8bed-5467-89f2-3fd3d20d8109,b1dd3608-5ff5-543b-83ad-9bb493d71d7e,SOURCED_FROM
5e990314-dfa2-5b96-8df5-6e6c3737f45e,b1dd3608-5ff5-543b-83ad-9bb493d71d7e,SOURCED_FROM
0c71c674-3449-5768-8eb8-5bc26695a5e6,b1dd3608-5ff5-543b-83ad-9bb493d71d7e,SOURCED_FROM
d626be2d-f3d2-5407-8fee-a124db396832,b1dd3608-5ff5-543b-83ad-9bb493d71d7e,SOURCED_FROM
a08ec823-4227-5584-8748-ed5e4a1b9627,b1dd3608-5ff5-543b-83ad-9bb493d71d7e,SOURCED_FROM
c4211fad-6466-5b05-87a6-a1ab62ffc919,b1dd3608-5ff5-543b-83ad-9bb493d71d7e,SOURCED_FROM
c66aa966-a9cc-5830-8cb7-c015a11a258b,b1dd3608-5ff5-543b-83ad-9bb493d71d7e,SOURCED_FROM
5ed3a0ba-1b62-574c-8400-e1dac567578f,b1dd3608-5ff5-543b-83ad-9bb493d71d7e,SOURCED_FROM
0626f11b-da4d-56ea-8692-56065130eab5,b1dd3608-5ff5-543b-83ad-9bb493d71d7e,SOURCED_FROM
d0a7102c-17f0-559e-843c-0f801c44ce4d,b1dd3608-5ff5-543b-83ad-9bb493d71d7e,SOURCED_FROM
38ab5de3-649a-5805-8172-b699128ab1e9,b1dd3608-5ff5-543b-83ad-9bb493d71d7e,SOURCED_FROM
3ef7f706-64de-5c07-8031-fc47e39ec299,b1dd3608-5ff5-543b-83ad-9bb493d71d7e,SOURCED_FROM
72b45fed-9218-5d2d-8b01-d5d5bb4e2ca7,b1dd3608-5ff5-543b-83ad-9bb493d71d7e,SOURCED_FROM
246198ed-f5fa-551e-8dff-6f2a93a48a7e,b1dd3608-5ff5-543b-83ad-9bb493d71d7e,SOURCED_FROM
8562d118-e5f4-53d3-8362-62a70685af2e,b1dd3608-5ff5-543b-83ad-9bb493d71d7e,SOURCED_FROM
38517863-489f-512c-8bcb-a0be2ff20d98,b1dd3608-5ff5-543b-83ad-9bb493d71d7e,SOURCED_FROM
30b6a386-dd2d-5cc2-85d8-301de02f3737,b1dd3608-5ff5-543b-83ad-9bb493d71d7e,SOURCED_FROM
f7abc2cd-9881-58e3-85b5-3f1c9b33c7a4,b1dd3608-5ff5-543b-83ad-9bb493d71d7e,SOURCED_FROM
f6bf7f1a-7d13-52a4-8de5-4b635b75f707,b1dd3608-5ff5-543b-83ad-9bb493d71d7e,SOURCED_FROM
e80f11a7-409e-563f-86c2-56a56d4bc9b7,b1dd3608-5ff5-543b-83ad-9bb493d71d7e,SOURCED_FROM
afb800c1-5efb-5257-8312-8c2cca3a8023,b1dd3608-5ff5-543b-83ad-9bb493d71d7e,SOURCED_FROM
93ddc565-372a-5776-8907-035c3e0ddad8,b1dd3608-5ff5-543b-83ad-9bb493d71d7e,SOURCED_FROM
b41fd5c9-98fe-5571-8869-eadb464c0c0b,b1dd3608-5ff5-543b-83ad-9bb493d71d7e,SOURCED_FROM
4c6a6efb-aad3-5a25-8039-b559d16aa667,b1dd3608-5ff5-543b-83ad-9bb493d71d7e,SOURCED_FROM
b3bc5fa1-3244-514b-8cf5-b3c43a05c89d,b1dd3608-5ff5-543b-83ad-9bb493d71d7e,SOURCED_FROM
fbd83850-02a7-5a34-8256-6e47cf0b2d99,b1dd3608-5ff5-543b-83ad-9bb493d71d7e,SOURCED_FROM
9efe1ffd-c062-509d-8f1d-b940ebd77ff9,b1dd3608-5ff5-543b-83ad-9bb493d71d7e,SOURCED_FROM
acb81eca-3e75-5f47-8792-122828c5a13f,b1dd3608-5ff5-543b-83ad-9bb493d71d7e,SOURCED_FROM
54b09104-d8cb-58e0-8256-7bd1e317447a,b1dd3608-5ff5-543b-83ad-9bb493d71d7e,SOURCED_FROM
68c2b14a-31cb-5814-85f8-16e7900b95b8,b1dd3608-5ff5-543b-83ad-9bb493d71d7e,SOURCED_FROM
1bffdc88-9ce8-56be-8f51-908dafbff766,b1dd3608-5ff5-543b-83ad-9bb493d71d7e,SOURCED_FROM
9001755c-df98-5d0c-8d01-2f2e1b8378c2,b1dd3608-5ff5-543b-83ad-9bb493d71d7e,SOURCED_FROM
b5dc8859-8c3a-5650-850a-cb8a173c1e61,b1dd3608-5ff5-543b-83ad-9bb493d71d7e,SOURCED_FROM
ce62989e-aa19-57cf-8ef9-befeafdecef9,b1dd3608-5ff5-543b-83ad-9bb493d71d7e,SOURCED_FROM
929e8d3f-8636-5123-8ce8-e5c9a64f3b0b,b1dd3608-5ff5-543b-83ad-9bb493d71d7e,SOURCED_FROM
50d5c7fd-19b9-5549-8f86-7edc82e39619,b1dd3608-5ff5-543b-83ad-9bb493d71d7e,SOURCED_FROM
1b219824-d222-5883-85d6-bf7034a6bcfd,b1dd3608-5ff5-543b-83ad-9bb493d71d7e,SOURCED_FROM
0257746c-6dcd-55b2-87e7-1616ba1fd015,b1dd3608-5ff5-543b-83ad-9bb493d71d7e,SOURCED_FROM
0c1b7d4a-0d5d-5617-8d73-df2d0a6ce3cd,b1dd3608-5ff5-543b-83ad-9bb493d71d7e,SOURCED_FROM
76c855d8-9e37-5efd-8e31-0e6a4cd0252a,b1dd3608-5ff5-543b-83ad-9bb493d71d7e,SOURCED_FROM
b533924d-31cc-5806-8283-2343f87ef60d,b1dd3608-5ff5-543b-83ad-9bb493d71d7e,SOURCED_FROM
12d5e305-18e9-5301-8120-f8b6d3ae8923,b1dd3608-5ff5-543b-83ad-9bb493d71d7e,SOURCED_FROM
78c07bb9-71db-5867-8bb2-536d4e8a1860,b1dd3608-5ff5-543b-83ad-9bb493d71d7e,SOURCED_FROM
966b4c6c-6e78-53fc-85c3-bfd04156d2ec,b1dd3608-5ff5-543b-83ad-9bb493d71d7e,SOURCED_FROM
867eb62a-dfc8-5d39-8560-e8df7ad18678,b1dd3608-5ff5-543b-83ad-9bb493d71d7e,SOURCED_FROM
02312f89-8504-51d1-8561-1606cbe1d97c,b1dd3608-5ff5-543b-83ad-9bb493d71d7e,SOURCED_FROM
d571fff9-f8f1-530a-8295-49ccbf023294,b1dd3608-5ff5-543b-83ad-9bb493d71d7e,SOURCED_FROM
cd16e1b5-81d3-5f33-830a-194e9f803f94,b1dd3608-5ff5-543b-83ad-9bb493d71d7e,SOURCED_FROM
a1d5dc2d-a823-5553-8686-20848817c2ac,b1dd3608-5ff5-543b-83ad-9bb493d71d7e,SOURCED_FROM
1f92b55d-8f3b-55b9-81da-9b123e647c9d,b1dd3608-5ff5-543b-83ad-9bb493d71d7e,SOURCED_FROM
352fc2db-f020-59f2-8aec-33a77e3d3289,b1dd3608-5ff5-543b-83ad-9bb493d71d7e,SOURCED_FROM
eba546eb-a33c-53d8-837f-bb7f4c9ae633,b1dd3608-5ff5-543b-83ad-9bb493d71d7e,SOURCED_FROM
8e2cbacb-cd8c-556f-8aca-6b29e1c5a4a1,b1dd3608-5ff5-543b-83ad-9bb493d71d7e,SOURCED_FROM
94cad444-1b73-513b-8286-d8e75ece2107,b1dd3608-5ff5-543b-83ad-9bb493d71d7e,SOURCED_FROM
70068a97-1b89-5c1e-852a-0ea761edd798,b1dd3608-5ff5-543b-83ad-9bb493d71d7e,SOURCED_FROM
f81a3ae5-1c8a-55b1-8efa-132918113db2,b1dd3608-5ff5-543b-83ad-9bb493d71d7e,SOURCED_FROM
afbaaca5-f497-54b6-8a20-3bc2cf506133,b1dd3608-5ff5-543b-83ad-9bb493d71d7e,SOURCED_FROM
758f523b-8bca-500c-845d-57909125025b,b1dd3608-5ff5-543b-83ad-9bb493d71d7e,SOURCED_FROM
f8afadb6-4d40-5e61-8f28-735a5e2e410d,b1dd3608-5ff5-543b-83ad-9bb493d71d7e,SOURCED_FROM
2703501c-84c7-5a18-8898-82c4f5229374,b1dd3608-5ff5-543b-83ad-9bb493d71d7e,SOURCED_FROM
c12d967e-5a10-5c22-8a5d-aaaf4549f75a,b1dd3608-5ff5-543b-83ad-9bb493d71d7e,SOURCED_FROM
febfef98-0a85-5f41-8f0d-3013976b81a8,b1dd3608-5ff5-543b-83ad-9bb493d71d7e,SOURCED_FROM
5b849fa3-8135-5a26-8176-33949e81b313,b1dd3608-5ff5-543b-83ad-9bb493d71d7e,SOURCED_FROM
a62cc07f-28ae-57bc-860a-6cad0b5a7fde,b1dd3608-5ff5-543b-83ad-9bb493d71d7e,SOURCED_FROM
72dd70cd-f9af-5066-87e6-cf2339802c27,b1dd3608-5ff5-543b-83ad-9bb493d71d7e,SOURCED_FROM
3bbfe8cd-155f-5088-882c-ba8c9a410932,b1dd3608-5ff5-543b-83ad-9bb493d71d7e,SOURCED_FROM
bdcdbbe9-e68f-5aeb-81a7-b7b2378f9f74,b1dd3608-5ff5-543b-83ad-9bb493d71d7e,SOURCED_FROM
fba15f73-b76c-54d6-85be-a3761f3c772d,b1dd3608-5ff5-543b-83ad-9bb493d71d7e,SOURCED_FROM
d4e6555f-1bae-5f6c-8034-25f5b078eeec,b1dd3608-5ff5-543b-83ad-9bb493d71d7e,SOURCED_FROM
15f4f69b-a292-5f49-8987-3e9bc9adae4d,b1dd3608-5ff5-543b-83ad-9bb493d71d7e,SOURCED_FROM
b2ef53a7-497d-5971-8cf3-47cd8861ea5b,b1dd3608-5ff5-543b-83ad-9bb493d71d7e,SOURCED_FROM
1c1997e9-5722-5854-8e2a-7b0c76fac786,b1dd3608-5ff5-543b-83ad-9bb493d71d7e,SOURCED_FROM
f53b08c1-3a83-5a81-8a35-2ebc6b7127bc,b1dd3608-5ff5-543b-83ad-9bb493d71d7e,SOURCED_FROM
4062165e-e6cd-5fa8-869a-0a79dbafe843,b1dd3608-5ff5-543b-83ad-9bb493d71d7e,SOURCED_FROM
45405d9a-d3b1-5a17-8b16-d3610704e1eb,b1dd3608-5ff5-543b-83ad-9bb493d71d7e,SOURCED_FROM
981fe6fd-6f95-5eb8-82e5-b0f5f82e5e70,b1dd3608-5ff5-543b-83ad-9bb493d71d7e,SOURCED_FROM
20d92252-bd43-5c7f-816d-f4e5b744b8dd,b1dd3608-5ff5-543b-83ad-9bb493d71d7e,SOURCED_FROM
2cec41ef-8ce0-5518-8bdc-95fd1d104c08,b1dd3608-5ff5-543b-83ad-9bb493d71d7e,SOURCED_FROM
83747adb-5fbb-5def-836d-0b08effb9a92,b1dd3608-5ff5-543b-83ad-9bb493d71d7e,SOURCED_FROM
4de26921-402b-5b68-875d-b88e7b175afa,b1dd3608-5ff5-543b-83ad-9bb493d71d7e,SOURCED_FROM
b1268436-bd24-550b-8655-7c4e9e614077,b1dd3608-5ff5-543b-83ad-9bb493d71d7e,SOURCED_FROM
7b1702c9-81e7-5e18-827f-b27c472d2884,b1dd3608-5ff5-543b-83ad-9bb493d71d7e,SOURCED_FROM
3c9eb311-7636-594e-89ef-756e6ac6665d,b1dd3608-5ff5-543b-83ad-9bb493d71d7e,SOURCED_FROM
db7953a5-7c49-532e-8f90-540edeea67e3,b1dd3608-5ff5-543b-83ad-9bb493d71d7e,SOURCED_FROM
d91e3f2b-45d9-5197-8351-e546cd24a2d9,b1dd3608-5ff5-543b-83ad-9bb493d71d7e,SOURCED_FROM
06c48ef1-c248-55bb-8449-c0110fdd46a9,b1dd3608-5ff5-543b-83ad-9bb493d71d7e,SOURCED_FROM
c5f31773-57b3-56bd-8e90-c3caa1f8975d,b1dd3608-5ff5-543b-83ad-9bb493d71d7e,SOURCED_FROM
39dee66c-33da-56c4-83a3-2607b1481012,b1dd3608-5ff5-543b-83ad-9bb493d71d7e,SOURCED_FROM
65ee77d7-6be7-5909-8c0f-9446747db64d,b1dd3608-5ff5-543b-83ad-9bb493d71d7e,SOURCED_FROM
f46cfb14-7e89-5e14-868c-983d3d55380a,b1dd3608-5ff5-543b-83ad-9bb493d71d7e,SOURCED_FROM
e20a6f21-bd01-5543-8f06-72423b1742af,b1dd3608-5ff5-543b-83ad-9bb493d71d7e,SOURCED_FROM
a861289c-aea6-51d2-8080-98965d560752,b1dd3608-5ff5-543b-83ad-9bb493d71d7e,SOURCED_FROM
3e4aead1-87d9-5636-8fd8-aad91b016dce,b1dd3608-5ff5-543b-83ad-9bb493d71d7e,SOURCED_FROM
78df2717-e195-5906-887b-12198fc63159,b1dd3608-5ff5-543b-83ad-9bb493d71d7e,SOURCED_FROM
15d30a72-118a-5e35-8be1-e55f25583a77,b1dd3608-5ff5-543b-83ad-9bb493d71d7e,SOURCED_FROM
52397c47-eeb1-5a12-8c44-338b31843912,b1dd3608-5ff5-543b-83ad-9bb493d71d7e,SOURCED_FROM
67b9de83-819e-5fdd-8706-a7ee3d8e39be,b1dd3608-5ff5-543b-83ad-9bb493d71d7e,SOURCED_FROM
00da3b26-e68d-558c-898d-1a398a24c307,b1dd3608-5ff5-543b-83ad-9bb493d71d7e,SOURCED_FROM
d0cb7723-caaf-519f-8e52-8e2d9a3beb15,b1dd3608-5ff5-543b-83ad-9bb493d71d7e,SOURCED_FROM
80091054-d2df-5c46-8644-8c9456560740,b1dd3608-5ff5-543b-83ad-9bb493d71d7e,SOURCED_FROM
c200fcf2-8556-59a2-8f9a-5fc8a710aeab,b1dd3608-5ff5-543b-83ad-9bb493d71d7e,SOURCED_FROM
56785f5a-5b9e-5413-85ed-5e7c48f28668,b1dd3608-5ff5-543b-83ad-9bb493d71d7e,SOURCED_FROM
a02118eb-ea1e-5abf-8a9b-16d0f389b251,b1dd3608-5ff5-543b-83ad-9bb493d71d7e,SOURCED_FROM
918306d6-cd72-5b38-8bb3-32296372c068,b1dd3608-5ff5-543b-83ad-9bb493d71d7e,SOURCED_FROM
fc9a3908-5e5e-56f9-8e3b-0cd4f36b2962,b1dd3608-5ff5-543b-83ad-9bb493d71d7e,SOURCED_FROM
d8d9b13c-1b09-5596-8489-25b55d9000ba,b1dd3608-5ff5-543b-83ad-9bb493d71d7e,SOURCED_FROM
e5b72fd6-d874-5510-8b64-eb0aadf7182d,b1dd3608-5ff5-543b-83ad-9bb493d71d7e,SOURCED_FROM
10599b26-39fb-5be7-8aa1-4fbf947661d6,b1dd3608-5ff5-543b-83ad-9bb493d71d7e,SOURCED_FROM
953367f1-b284-5e27-8888-3016835a4600,b1dd3608-5ff5-543b-83ad-9bb493d71d7e,SOURCED_FROM
4b001272-01b3-5e4d-83a1-1a6ad5c42f56,b1dd3608-5ff5-543b-83ad-9bb493d71d7e,SOURCED_FROM
f894addb-ead6-53f8-8adf-dcc6307b0f1f,b1dd3608-5ff5-543b-83ad-9bb493d71d7e,SOURCED_FROM
03c3c802-7fbd-58a2-81e4-e1cb178bf9d0,b1dd3608-5ff5-543b-83ad-9bb493d71d7e,SOURCED_FROM
0b16d224-ddc9-5028-8d97-0acd685c5c48,b1dd3608-5ff5-543b-83ad-9bb493d71d7e,SOURCED_FROM
44773e9a-ff1b-5f8f-88c7-8a7832911534,b1dd3608-5ff5-543b-83ad-9bb493d71d7e,SOURCED_FROM
009b0727-35b6-5695-837a-2d2c6becb8a8,b1dd3608-5ff5-543b-83ad-9bb493d71d7e,SOURCED_FROM
9be31100-b48b-5955-847f-d878796b1f57,b1dd3608-5ff5-543b-83ad-9bb493d71d7e,SOURCED_FROM
7276d6b0-639c-5ac3-843e-f1d5d762b2d7,b1dd3608-5ff5-543b-83ad-9bb493d71d7e,SOURCED_FROM
6d3cd8ba-30ea-57e2-8788-ab8330661284,b1dd3608-5ff5-543b-83ad-9bb493d71d7e,SOURCED_FROM
0ed1dd06-88dc-5ce1-8436-e450965062cd,b1dd3608-5ff5-543b-83ad-9bb493d71d7e,SOURCED_FROM
97675adf-b4a9-5a4f-8611-272e51bc9017,b1dd3608-5ff5-543b-83ad-9bb493d71d7e,SOURCED_FROM
b7799a01-fe7f-5808-8a62-8b5a33e2863e,b1dd3608-5ff5-543b-83ad-9bb493d71d7e,SOURCED_FROM
d8bab175-30b9-5098-8657-c50fcd4d805a,b1dd3608-5ff5-543b-83ad-9bb493d71d7e,SOURCED_FROM
a668aa9a-8921-543d-8e31-9754bb3044f9,b1dd3608-5ff5-543b-83ad-9bb493d71d7e,SOURCED_FROM
46ead718-08a4-599f-8f3e-fcab4b9e6c69,b1dd3608-5ff5-543b-83ad-9bb493d71d7e,SOURCED_FROM
7b855ad0-aa45-56e0-890b-fa41ad27b80b,b1dd3608-5ff5-543b-83ad-9bb493d71d7e,SOURCED_FROM
beb1d65e-ad85-5a1a-8811-6f19663e25f6,b1dd3608-5ff5-543b-83ad-9bb493d71d7e,SOURCED_FROM
3a6ecae4-f3c7-55dc-8db3-d0ee31e37427,b1dd3608-5ff5-543b-83ad-9bb493d71d7e,SOURCED_FROM
dc91dcea-1e92-5169-8292-8a1da515938e,b1dd3608-5ff5-543b-83ad-9bb493d71d7e,SOURCED_FROM
dcd78fc4-4876-5cfd-8bc0-4b71b56d3826,b1dd3608-5ff5-543b-83ad-9bb493d71d7e,SOURCED_FROM
6cbe4a16-0118-5b6d-8dc4-874567fe498d,b1dd3608-5ff5-543b-83ad-9bb493d71d7e,SOURCED_FROM
47456ca7-71f0-5045-8968-5ab077799bc5,b1dd3608-5ff5-543b-83ad-9bb493d71d7e,SOURCED_FROM
eb614097-6a7a-5702-830e-89c5e4f0220d,b1dd3608-5ff5-543b-83ad-9bb493d71d7e,SOURCED_FROM
38b2ef75-aa94-50b0-88ea-3f067c821f5b,b1dd3608-5ff5-543b-83ad-9bb493d71d7e,SOURCED_FROM
2f0ef1d5-8b5a-54b8-8862-95e5dbce532f,b1dd3608-5ff5-543b-83ad-9bb493d71d7e,SOURCED_FROM
8d6f13eb-b122-5dd7-84b1-2c4d79f8bbf7,b1dd3608-5ff5-543b-83ad-9bb493d71d7e,SOURCED_FROM
9f89c579-b86a-5e1b-87ec-f5ed97e5685f,b1dd3608-5ff5-543b-83ad-9bb493d71d7e,SOURCED_FROM
b100591a-d2db-5310-897a-c0ad5892b41c,b1dd3608-5ff5-543b-83ad-9bb493d71d7e,SOURCED_FROM
ad230b72-cbb2-53d7-8f29-80d09cf69303,b1dd3608-5ff5-543b-83ad-9bb493d71d7e,SOURCED_FROM
816f05bd-a72a-502a-80fa-4562929bf0bd,b1dd3608-5ff5-543b-83ad-9bb493d71d7e,SOURCED_FROM
08fb4c52-66c8-5d27-8f56-762ef0acd03b,b1dd3608-5ff5-543b-83ad-9bb493d71d7e,SOURCED_FROM
998e6ac3-8375-56da-8201-ec46aa0d5146,b1dd3608-5ff5-543b-83ad-9bb493d71d7e,SOURCED_FROM
325d93c3-fe31-58e7-88ae-879680f9da21,b1dd3608-5ff5-543b-83ad-9bb493d71d7e,SOURCED_FROM
fcedd92a-c59b-5223-8278-4d4294de6450,b1dd3608-5ff5-543b-83ad-9bb493d71d7e,SOURCED_FROM
445a7bf3-d7f6-535a-886a-518b8427beb9,b1dd3608-5ff5-543b-83ad-9bb493d71d7e,SOURCED_FROM
20921440-488e-5593-8f8f-7ed52c2249c8,b1dd3608-5ff5-543b-83ad-9bb493d71d7e,SOURCED_FROM
97ace563-173e-5f54-8456-c7e9091abab3,b1dd3608-5ff5-543b-83ad-9bb493d71d7e,SOURCED_FROM
b48282c5-7b47-58ca-8106-a14d7533e62c,b1dd3608-5ff5-543b-83ad-9bb493d71d7e,SOURCED_FROM
6d972a8a-51d9-507a-8bfa-7a5101187191,b1dd3608-5ff5-543b-83ad-9bb493d71d7e,SOURCED_FROM
5954dbf9-323c-555b-8dbd-5a64928fd3cb,b1dd3608-5ff5-543b-83ad-9bb493d71d7e,SOURCED_FROM
aeef80c2-fa1f-5e98-8f45-1be41235d885,b1dd3608-5ff5-543b-83ad-9bb493d71d7e,SOURCED_FROM
2f575782-928e-542f-8745-8c426cc0231c,b1dd3608-5ff5-543b-83ad-9bb493d71d7e,SOURCED_FROM
c6c59863-745e-51e5-8f99-e184807ea85b,b1dd3608-5ff5-543b-83ad-9bb493d71d7e,SOURCED_FROM
5794855f-109e-5c6f-8436-9abcc6121fb0,b1dd3608-5ff5-543b-83ad-9bb493d71d7e,SOURCED_FROM
ad685a97-afd1-5126-8cf9-e847233d0462,b1dd3608-5ff5-543b-83ad-9bb493d71d7e,SOURCED_FROM
53562b4a-5e8b-5775-8516-6dc368a4043d,b1dd3608-5ff5-543b-83ad-9bb493d71d7e,SOURCED_FROM
dc183edc-e45a-569d-8633-64db368ec5ad,b1dd3608-5ff5-543b-83ad-9bb493d71d7e,SOURCED_FROM
bfe37cad-9128-5084-8263-e2f58d581f52,b1dd3608-5ff5-543b-83ad-9bb493d71d7e,SOURCED_FROM
e573c05a-6989-56d6-84c5-e1e87e9c2209,b1dd3608-5ff5-543b-83ad-9bb493d71d7e,SOURCED_FROM
16e4f14e-0453-5f1c-8aa2-0e886ff9a453,b1dd3608-5ff5-543b-83ad-9bb493d71d7e,SOURCED_FROM
9b38afc2-61cd-564e-8025-27db26738f6c,b1dd3608-5ff5-543b-83ad-9bb493d71d7e,SOURCED_FROM
50dfaac2-f03a-5c3c-8eec-b9a59c7a735a,b1dd3608-5ff5-543b-83ad-9bb493d71d7e,SOURCED_FROM
647c0946-f646-59ee-8ca8-f996709d1637,b1dd3608-5ff5-543b-83ad-9bb493d71d7e,SOURCED_FROM
a25439c9-2b7a-571a-8d43-3d257aa68c64,b1dd3608-5ff5-543b-83ad-9bb493d71d7e,SOURCED_FROM
b46418a1-f51a-58e9-8fcf-8e24eeab636f,b1dd3608-5ff5-543b-83ad-9bb493d71d7e,SOURCED_FROM
9644881e-d351-5161-84fa-dffbe41de8ac,b1dd3608-5ff5-543b-83ad-9bb493d71d7e,SOURCED_FROM
86b09f1e-c6bb-5891-87e4-e75a76e933e3,b1dd3608-5ff5-543b-83ad-9bb493d71d7e,SOURCED_FROM
b29a3cd4-790f-5d78-84c0-0c331f33f27c,b1dd3608-5ff5-543b-83ad-9bb493d71d7e,SOURCED_FROM
413f8f39-e00b-540b-8354-8b78003cfdb7,b1dd3608-5ff5-543b-83ad-9bb493d71d7e,SOURCED_FROM
41e6d992-d720-5056-85c2-5c71636ed206,b1dd3608-5ff5-543b-83ad-9bb493d71d7e,SOURCED_FROM
c9eb570b-da9c-5ca9-8007-e0ad948463b6,b1dd3608-5ff5-543b-83ad-9bb493d71d7e,SOURCED_FROM
2203b7ef-0bac-5f04-8931-36c9805cc757,b1dd3608-5ff5-543b-83ad-9bb493d71d7e,SOURCED_FROM
6647c07c-7f68-5f35-8def-c8f4c472d0b5,b1dd3608-5ff5-543b-83ad-9bb493d71d7e,SOURCED_FROM
6090889a-0688-5027-85a0-5a14744b5038,b1dd3608-5ff5-543b-83ad-9bb493d71d7e,SOURCED_FROM
f8f8d686-60d0-5dec-86b5-366d1734058c,b1dd3608-5ff5-543b-83ad-9bb493d71d7e,SOURCED_FROM
02133292-0be6-5fc4-8941-b587275a0f00,b1dd3608-5ff5-543b-83ad-9bb493d71d7e,SOURCED_FROM
5c813ac8-e4f3-555e-86b1-53b422621c9b,b1dd3608-5ff5-543b-83ad-9bb493d71d7e,SOURCED_FROM
963e0c0b-7633-537e-8777-76e3fb6783ca,b1dd3608-5ff5-543b-83ad-9bb493d71d7e,SOURCED_FROM
e6a3873d-6957-5d0d-8360-2c8d1e56ad1f,b1dd3608-5ff5-543b-83ad-9bb493d71d7e,SOURCED_FROM
5928aee0-793b-50ab-8a65-73bb0f93668f,b1dd3608-5ff5-543b-83ad-9bb493d71d7e,SOURCED_FROM
6964f96b-5659-5b47-8061-99eb9fc96444,b1dd3608-5ff5-543b-83ad-9bb493d71d7e,SOURCED_FROM
b98c51e3-1114-5fed-8237-84d79079177f,b1dd3608-5ff5-543b-83ad-9bb493d71d7e,SOURCED_FROM
94cc586c-7bb3-5232-8b81-49676c6a79c8,b1dd3608-5ff5-543b-83ad-9bb493d71d7e,SOURCED_FROM
f507cfa4-e1b4-52c7-844c-25a3a080cb40,b1dd3608-5ff5-543b-83ad-9bb493d71d7e,SOURCED_FROM
9ef56a41-ff95-5394-81ea-16ff95806f88,b1dd3608-5ff5-543b-83ad-9bb493d71d7e,SOURCED_FROM
6ff3f3c2-0cd6-5c76-8030-4ab4be845b8d,b1dd3608-5ff5-543b-83ad-9bb493d71d7e,SOURCED_FROM
a843ac20-916b-5906-8289-e4382c279935,b1dd3608-5ff5-543b-83ad-9bb493d71d7e,SOURCED_FROM
3cc4b255-4949-5e4f-8f94-d3f2c3d586f2,b1dd3608-5ff5-543b-83ad-9bb493d71d7e,SOURCED_FROM
412240b9-5e86-5e72-8e19-28be17cac785,b1dd3608-5ff5-543b-83ad-9bb493d71d7e,SOURCED_FROM
2458affd-ad42-5553-8f71-2a85c4dba2e1,b1dd3608-5ff5-543b-83ad-9bb493d71d7e,SOURCED_FROM
8761c1a5-ba93-50c4-843f-ab8bb2bf4de1,b1dd3608-5ff5-543b-83ad-9bb493d71d7e,SOURCED_FROM
671122a4-36fe-50c6-8e9e-5de95df8f370,b1dd3608-5ff5-543b-83ad-9bb493d71d7e,SOURCED_FROM
740e3e63-230e-5961-811e-48e1cbdc9e2b,b1dd3608-5ff5-543b-83ad-9bb493d71d7e,SOURCED_FROM
79c89eba-0bf3-5b71-8a78-26418080ea23,b1dd3608-5ff5-543b-83ad-9bb493d71d7e,SOURCED_FROM
bfddcb04-8630-59bf-8c8c-11a2b2c5066d,b1dd3608-5ff5-543b-83ad-9bb493d71d7e,SOURCED_FROM
f8d993fa-58fa-5048-8a16-67429d4be3c1,b1dd3608-5ff5-543b-83ad-9bb493d71d7e,SOURCED_FROM
c7c27c9e-45f8-5429-8b9b-c7be85b89f51,b1dd3608-5ff5-543b-83ad-9bb493d71d7e,SOURCED_FROM
37e4f3e5-370a-5a70-80f7-0b44f1e01344,b1dd3608-5ff5-543b-83ad-9bb493d71d7e,SOURCED_FROM
bfec3ffd-8e36-5dfa-8bd3-d97e59840572,b1dd3608-5ff5-543b-83ad-9bb493d71d7e,SOURCED_FROM
1b0480e0-c56f-5ff9-850b-03db243a9e2f,b1dd3608-5ff5-543b-83ad-9bb493d71d7e,SOURCED_FROM
d2af24d9-d622-561d-8fa2-9d23aeea3ffb,b1dd3608-5ff5-543b-83ad-9bb493d71d7e,SOURCED_FROM
37423be9-defc-5745-8d6a-ce5eaf35356a,b1dd3608-5ff5-543b-83ad-9bb493d71d7e,SOURCED_FROM
1f0ea050-d177-5dcf-88e2-37c6c8a6fbca,b1dd3608-5ff5-543b-83ad-9bb493d71d7e,SOURCED_FROM
f975002c-eb59-5f09-8a90-c556c250dccb,b1dd3608-5ff5-543b-83ad-9bb493d71d7e,SOURCED_FROM
fa4d841b-2f24-59ea-87a2-3d2bf7a5f84a,b1dd3608-5ff5-543b-83ad-9bb493d71d7e,SOURCED_FROM
43901e23-c66e-5ca8-87a0-5b6b0231342a,b1dd3608-5ff5-543b-83ad-9bb493d71d7e,SOURCED_FROM
73f12e73-2e54-5a9f-8977-43fde9c1602e,b1dd3608-5ff5-543b-83ad-9bb493d71d7e,SOURCED_FROM
5f168486-21c8-549f-8f65-66e3ee05a9d0,b1dd3608-5ff5-543b-83ad-9bb493d71d7e,SOURCED_FROM
312d3852-649e-51a2-8f28-85ad9dca7b25,b1dd3608-5ff5-543b-83ad-9bb493d71d7e,SOURCED_FROM
0d295ee6-f3d4-5308-87a9-91e31ead24cf,b1dd3608-5ff5-543b-83ad-9bb493d71d7e,SOURCED_FROM
c7844dfd-4827-5ace-83ec-ab5dbca378c4,b1dd3608-5ff5-543b-83ad-9bb493d71d7e,SOURCED_FROM
c61dc3cd-eec8-5098-87c1-bdf4cd0fa253,b1dd3608-5ff5-543b-83ad-9bb493d71d7e,SOURCED_FROM
fb591b25-ef44-5a53-8578-c95e6191db3c,b1dd3608-5ff5-543b-83ad-9bb493d71d7e,SOURCED_FROM
2b97c0e7-2a3d-50f0-8c04-d215280b762f,b1dd3608-5ff5-543b-83ad-9bb493d71d7e,SOURCED_FROM
1d3ee3e0-b281-5c23-8ae3-05f55b4b4e9e,b1dd3608-5ff5-543b-83ad-9bb493d71d7e,SOURCED_FROM
c399fe0b-f42e-5997-8267-2f08193c3636,b1dd3608-5ff5-543b-83ad-9bb493d71d7e,SOURCED_FROM
b108bf8e-9c33-52d8-8b4e-36ddf92addac,b1dd3608-5ff5-543b-83ad-9bb493d71d7e,SOURCED_FROM
4f9d2674-77af-5139-89f6-261b061e9975,b1dd3608-5ff5-543b-83ad-9bb493d71d7e,SOURCED_FROM
31627fbc-598a-50fc-8c58-3400dadcd21d,b1dd3608-5ff5-543b-83ad-9bb493d71d7e,SOURCED_FROM
6dd73391-9650-56f7-8e38-622c143fc51a,b1dd3608-5ff5-543b-83ad-9bb493d71d7e,SOURCED_FROM
b8ed7507-9444-56d0-8f9e-e65ea6f17834,b1dd3608-5ff5-543b-83ad-9bb493d71d7e,SOURCED_FROM
bb9504e7-778e-5879-8fc3-39ba35e915d5,b1dd3608-5ff5-543b-83ad-9bb493d71d7e,SOURCED_FROM
b5d6d92e-a93e-5b6f-8460-59a5b31645e5,b1dd3608-5ff5-543b-83ad-9bb493d71d7e,SOURCED_FROM
b00f0fbc-2dfa-5e4e-8695-012e8f2df2cd,b1dd3608-5ff5-543b-83ad-9bb493d71d7e,SOURCED_FROM
4e148f72-ad1e-506c-8124-8c245e9915fe,b1dd3608-5ff5-543b-83ad-9bb493d71d7e,SOURCED_FROM
f0a0388f-e4ae-56cf-8616-67823abd04ce,b1dd3608-5ff5-543b-83ad-9bb493d71d7e,SOURCED_FROM
02591513-2b82-5e8a-85cc-a49f30d0391d,b1dd3608-5ff5-543b-83ad-9bb493d71d7e,SOURCED_FROM
2dc3da70-b688-59a5-8ebd-d14c2ab93614,b1dd3608-5ff5-543b-83ad-9bb493d71d7e,SOURCED_FROM
bda02544-26c7-5f21-803f-b110ed7c71d2,b1dd3608-5ff5-543b-83ad-9bb493d71d7e,SOURCED_FROM
05ca5dd9-83f5-55b9-84e0-dbdfa79e551f,b1dd3608-5ff5-543b-83ad-9bb493d71d7e,SOURCED_FROM
4e71ff7e-2803-53e9-819a-f5d2781c8b85,b1dd3608-5ff5-543b-83ad-9bb493d71d7e,SOURCED_FROM
acb15690-9dde-5012-8cb4-eb383f371087,b1dd3608-5ff5-543b-83ad-9bb493d71d7e,SOURCED_FROM
9d0d45bf-c7a2-56ae-8524-5ef8ea3b497e,b1dd3608-5ff5-543b-83ad-9bb493d71d7e,SOURCED_FROM
feb8c146-cb42-58a3-8808-9143df1bd107,b1dd3608-5ff5-543b-83ad-9bb493d71d7e,SOURCED_FROM
1ff515d8-9cde-5b56-89c1-7ab4cb401838,b1dd3608-5ff5-543b-83ad-9bb493d71d7e,SOURCED_FROM
77a0b39e-5ea9-5258-8572-7ccdf663fa05,b1dd3608-5ff5-543b-83ad-9bb493d71d7e,SOURCED_FROM
c914fe63-fb6f-52b3-8131-a388bec37703,b1dd3608-5ff5-543b-83ad-9bb493d71d7e,SOURCED_FROM
dcd93b87-e2fa-51de-8323-b630bd8ae923,b1dd3608-5ff5-543b-83ad-9bb493d71d7e,SOURCED_FROM
8a1463a5-d072-5ca2-89e5-821ab4f98346,b1dd3608-5ff5-543b-83ad-9bb493d71d7e,SOURCED_FROM
f4c3f0c0-fdca-5004-8c24-716cce26d88e,b1dd3608-5ff5-543b-83ad-9bb493d71d7e,SOURCED_FROM
1aaf6109-eb5c-5056-83e6-faa9dce3be88,b1dd3608-5ff5-543b-83ad-9bb493d71d7e,SOURCED_FROM
ef4e3e95-ab28-5451-8257-08139e7016e4,b1dd3608-5ff5-543b-83ad-9bb493d71d7e,SOURCED_FROM
f9bc7a5d-1190-58e5-827b-e2b341dee1b1,b1dd3608-5ff5-543b-83ad-9bb493d71d7e,SOURCED_FROM
fc3884e8-b7fe-5fb4-836e-ae45bc10280c,b1dd3608-5ff5-543b-83ad-9bb493d71d7e,SOURCED_FROM
76af7616-6f07-5d29-842c-4fd2b6ddc9b0,b1dd3608-5ff5-543b-83ad-9bb493d71d7e,SOURCED_FROM
9d4bac44-b316-5140-86b5-b1295b5cbe8b,b1dd3608-5ff5-543b-83ad-9bb493d71d7e,SOURCED_FROM
d2366026-6fc8-5452-8003-aed1ce118dd8,b1dd3608-5ff5-543b-83ad-9bb493d71d7e,SOURCED_FROM
66f164b7-7702-5828-8876-fc0841cf6efa,b1dd3608-5ff5-543b-83ad-9bb493d71d7e,SOURCED_FROM
36385f62-116c-5754-81cb-2772748f188c,b1dd3608-5ff5-543b-83ad-9bb493d71d7e,SOURCED_FROM
acea7ae6-f6f7-500c-8970-40175f1098b3,b1dd3608-5ff5-543b-83ad-9bb493d71d7e,SOURCED_FROM
cbafb1ca-a28d-55f8-81a6-487190f36866,b1dd3608-5ff5-543b-83ad-9bb493d71d7e,SOURCED_FROM
b6170f29-f4b2-5359-8bb1-2a1e11e84933,b1dd3608-5ff5-543b-83ad-9bb493d71d7e,SOURCED_FROM
aaab103f-35ee-50e0-8a71-e54163f518cf,b1dd3608-5ff5-543b-83ad-9bb493d71d7e,SOURCED_FROM
f77be142-f82d-5dde-853a-f539a725fbcf,b1dd3608-5ff5-543b-83ad-9bb493d71d7e,SOURCED_FROM
c2cd1047-e09c-5a4a-8415-718a53f9e77b,b1dd3608-5ff5-543b-83ad-9bb493d71d7e,SOURCED_FROM
07a11ebc-20e3-547c-8971-c94bf6470cfa,b1dd3608-5ff5-543b-83ad-9bb493d71d7e,SOURCED_FROM
9e4e8dfa-5075-5203-83ea-a8ab573a85bc,b1dd3608-5ff5-543b-83ad-9bb493d71d7e,SOURCED_FROM
91c1fba6-91b3-5901-8931-78964e127457,b1dd3608-5ff5-543b-83ad-9bb493d71d7e,SOURCED_FROM
4fb0fc0a-6f29-5c54-8912-c6574aa41957,b1dd3608-5ff5-543b-83ad-9bb493d71d7e,SOURCED_FROM
9ba8eb22-123e-576d-8a25-d446c90f3ebe,b1dd3608-5ff5-543b-83ad-9bb493d71d7e,SOURCED_FROM
0d966bd3-1c81-56ab-8f1b-2b0a74a33d70,b1dd3608-5ff5-543b-83ad-9bb493d71d7e,SOURCED_FROM
b7e439b7-3d3a-5859-83ad-a8b32510d054,b1dd3608-5ff5-543b-83ad-9bb493d71d7e,SOURCED_FROM
a880fbc9-5c46-5e3f-8e33-1ec922bf6068,b1dd3608-5ff5-543b-83ad-9bb493d71d7e,SOURCED_FROM
36ae7e93-a404-561a-8a8f-601c0025c221,b1dd3608-5ff5-543b-83ad-9bb493d71d7e,SOURCED_FROM
3b66a157-e478-5ebc-88cd-b96d5f3088cf,b1dd3608-5ff5-543b-83ad-9bb493d71d7e,SOURCED_FROM
caddcc22-b451-5b80-8a6d-d93aaf374328,b1dd3608-5ff5-543b-83ad-9bb493d71d7e,SOURCED_FROM
44a6d922-0361-536a-8825-e2247ee0b26e,b1dd3608-5ff5-543b-83ad-9bb493d71d7e,SOURCED_FROM
0adc4198-857e-5eed-8f95-4fa9086bf7a4,b1dd3608-5ff5-543b-83ad-9bb493d71d7e,SOURCED_FROM
229e2b59-32f1-5db8-8dcc-a1414d53b4c6,b1dd3608-5ff5-543b-83ad-9bb493d71d7e,SOURCED_FROM
a171e87f-eb0d-5382-8c93-7428a99cfd34,b1dd3608-5ff5-543b-83ad-9bb493d71d7e,SOURCED_FROM
124f0625-8929-51ac-85e5-31fd1dba61d1,b1dd3608-5ff5-543b-83ad-9bb493d71d7e,SOURCED_FROM
caf4c595-ef5f-512d-8e7f-437ab8aeeed3,b1dd3608-5ff5-543b-83ad-9bb493d71d7e,SOURCED_FROM
1e86ee7b-7320-5d45-8df1-9339a94727bf,b1dd3608-5ff5-543b-83ad-9bb493d71d7e,SOURCED_FROM
8b8a45ab-1a1a-5fa6-8731-d8f7a4ca9728,b1dd3608-5ff5-543b-83ad-9bb493d71d7e,SOURCED_FROM
1c0ee152-c024-557f-87c4-44d7529e5f3a,b1dd3608-5ff5-543b-83ad-9bb493d71d7e,SOURCED_FROM
1c297a95-f8a9-54b3-8fe4-6b9da5220678,b1dd3608-5ff5-543b-83ad-9bb493d71d7e,SOURCED_FROM
46e27e31-d93f-5710-8b24-9361d8828717,b1dd3608-5ff5-543b-83ad-9bb493d71d7e,SOURCED_FROM
48c536a1-604b-5df4-8ffa-11a0680002a4,b1dd3608-5ff5-543b-83ad-9bb493d71d7e,SOURCED_FROM
3bf57a80-86cb-5387-89b5-4213b89a4d67,b1dd3608-5ff5-543b-83ad-9bb493d71d7e,SOURCED_FROM
2f1bbe66-d6a1-5c73-8dfd-be2849163345,b1dd3608-5ff5-543b-83ad-9bb493d71d7e,SOURCED_FROM
e1926fe1-9026-59b2-8b82-13bc79589c35,b1dd3608-5ff5-543b-83ad-9bb493d71d7e,SOURCED_FROM
7869cf02-a074-5267-82cf-a07ca25996e2,b1dd3608-5ff5-543b-83ad-9bb493d71d7e,SOURCED_FROM
98f7a698-2543-5c62-8561-c4c0b6f832d1,b1dd3608-5ff5-543b-83ad-9bb493d71d7e,SOURCED_FROM
1c467df1-25b2-5a5d-82de-079c2ff59ec4,b1dd3608-5ff5-543b-83ad-9bb493d71d7e,SOURCED_FROM
8f7a84df-a42c-5d53-85f3-872ddc4902cd,b1dd3608-5ff5-543b-83ad-9bb493d71d7e,SOURCED_FROM
be2b2bdb-eefb-5505-8fdc-bb12a3f75b33,b1dd3608-5ff5-543b-83ad-9bb493d71d7e,SOURCED_FROM
a808b485-5f6d-59c4-88d1-717a803689a9,b1dd3608-5ff5-543b-83ad-9bb493d71d7e,SOURCED_FROM
4f7a1e90-5513-5bd6-8a92-90df617ab4f1,b1dd3608-5ff5-543b-83ad-9bb493d71d7e,SOURCED_FROM
cba69b6d-db97-5100-8a60-cee0db83fac2,b1dd3608-5ff5-543b-83ad-9bb493d71d7e,SOURCED_FROM
39e2adf9-c8be-5b82-8a63-56c85d74ddff,b1dd3608-5ff5-543b-83ad-9bb493d71d7e,SOURCED_FROM
c9a4daf0-e186-5658-8f1c-7404451ac2af,b1dd3608-5ff5-543b-83ad-9bb493d71d7e,SOURCED_FROM
f472098c-d6cc-50b2-8890-50ee53b9b28c,b1dd3608-5ff5-543b-83ad-9bb493d71d7e,SOURCED_FROM
15afd02a-3e23-5379-8ed2-00186023d833,b1dd3608-5ff5-543b-83ad-9bb493d71d7e,SOURCED_FROM
293d0669-c859-58bc-8aeb-7bf4246f6928,b1dd3608-5ff5-543b-83ad-9bb493d71d7e,SOURCED_FROM
f237540b-ee69-5d35-88c2-3add29b2a4ee,b1dd3608-5ff5-543b-83ad-9bb493d71d7e,SOURCED_FROM
0540ad21-d7bb-55eb-84db-78543ed18722,b1dd3608-5ff5-543b-83ad-9bb493d71d7e,SOURCED_FROM
f197d75d-f528-59c6-803e-0fb484efd54c,b1dd3608-5ff5-543b-83ad-9bb493d71d7e,SOURCED_FROM
03407c6d-b168-52ec-8bf7-e4fd9fef16ef,b1dd3608-5ff5-543b-83ad-9bb493d71d7e,SOURCED_FROM
553909cf-f817-5d62-829c-980cba8a22e7,b1dd3608-5ff5-543b-83ad-9bb493d71d7e,SOURCED_FROM
d25c0a5b-caee-54e2-8213-06f2a10446bb,b1dd3608-5ff5-543b-83ad-9bb493d71d7e,SOURCED_FROM
6c96e087-5b5c-58dd-8a82-682481e51a49,b1dd3608-5ff5-543b-83ad-9bb493d71d7e,SOURCED_FROM
69cd9d6a-a03b-554b-8944-5204af6a304a,b1dd3608-5ff5-543b-83ad-9bb493d71d7e,SOURCED_FROM
26eb9a28-33c6-51d3-8ae0-569ca94b4bba,b1dd3608-5ff5-543b-83ad-9bb493d71d7e,SOURCED_FROM
3d3baae6-2f28-59bf-8a5f-1d9ab5ac67de,b1dd3608-5ff5-543b-83ad-9bb493d71d7e,SOURCED_FROM
b21fa1fd-3622-5aae-8fd4-c3dc8b203978,b1dd3608-5ff5-543b-83ad-9bb493d71d7e,SOURCED_FROM
13ed970e-8bbf-50e4-8ba9-41afae804cda,b1dd3608-5ff5-543b-83ad-9bb493d71d7e,SOURCED_FROM
20e912fc-b50c-5b69-89b4-6c78b1de66df,b1dd3608-5ff5-543b-83ad-9bb493d71d7e,SOURCED_FROM
47046c9d-2d48-5ac0-8d39-77b5d2c965a3,b1dd3608-5ff5-543b-83ad-9bb493d71d7e,SOURCED_FROM
f296f58c-aac4-574c-83ec-d142667a2727,b1dd3608-5ff5-543b-83ad-9bb493d71d7e,SOURCED_FROM
b4fdda24-0019-50b2-89fb-40cc631ebed2,b1dd3608-5ff5-543b-83ad-9bb493d71d7e,SOURCED_FROM
147c0a4f-4499-5bcd-8cf2-0adcec346bd2,b1dd3608-5ff5-543b-83ad-9bb493d71d7e,SOURCED_FROM
b38eaf0a-fa86-5cfd-8ca1-5aec8174f5af,b1dd3608-5ff5-543b-83ad-9bb493d71d7e,SOURCED_FROM
f116c9f4-c1a7-5a39-8db2-ceca79621565,b1dd3608-5ff5-543b-83ad-9bb493d71d7e,SOURCED_FROM
6db2ec70-6375-5074-86be-2d8c6a7f0e3a,b1dd3608-5ff5-543b-83ad-9bb493d71d7e,SOURCED_FROM
472dd805-513e-5e83-820e-700affb4734a,b1dd3608-5ff5-543b-83ad-9bb493d71d7e,SOURCED_FROM
6de398f0-f80e-5d8c-876e-0f0542bc9eef,b1dd3608-5ff5-543b-83ad-9bb493d71d7e,SOURCED_FROM
ca4c36da-6e5e-519b-8a66-9730cba927f3,b1dd3608-5ff5-543b-83ad-9bb493d71d7e,SOURCED_FROM
35a000a8-28a0-5944-86a7-bc226cc9bfe6,b1dd3608-5ff5-543b-83ad-9bb493d71d7e,SOURCED_FROM
6c1fa204-0aca-5956-8197-08b8c2c59fcc,b1dd3608-5ff5-543b-83ad-9bb493d71d7e,SOURCED_FROM
dddd031d-4679-5457-8acd-de316623d9ab,b1dd3608-5ff5-543b-83ad-9bb493d71d7e,SOURCED_FROM
0ae19e02-8d17-5b92-8c8a-2b29d65c185f,b1dd3608-5ff5-543b-83ad-9bb493d71d7e,SOURCED_FROM
154f6fff-3b17-564c-83b1-91bfb2ecee51,b1dd3608-5ff5-543b-83ad-9bb493d71d7e,SOURCED_FROM
c373aa26-0b02-5dc0-8d7c-731220b1b179,b1dd3608-5ff5-543b-83ad-9bb493d71d7e,SOURCED_FROM
1ce28909-46ca-5beb-8ffe-6eb9cf23a734,b1dd3608-5ff5-543b-83ad-9bb493d71d7e,SOURCED_FROM
9c3e734a-dbaa-57ed-8033-ae5dea9ce3e1,b1dd3608-5ff5-543b-83ad-9bb493d71d7e,SOURCED_FROM
396683d3-05cf-590a-8655-f5385f4466c6,b1dd3608-5ff5-543b-83ad-9bb493d71d7e,SOURCED_FROM
ab583ce1-725b-5556-8b32-8c0767cab850,b1dd3608-5ff5-543b-83ad-9bb493d71d7e,SOURCED_FROM
9fe3af60-28c7-5278-8340-1061d6bb5070,b1dd3608-5ff5-543b-83ad-9bb493d71d7e,SOURCED_FROM
ce7a957a-c0e9-5ec8-81d3-c5a950926818,b1dd3608-5ff5-543b-83ad-9bb493d71d7e,SOURCED_FROM
a55ba5b1-758f-5451-809b-2c5cbbfe0f5c,b1dd3608-5ff5-543b-83ad-9bb493d71d7e,SOURCED_FROM
4636f080-a88f-58e3-869f-16cccde1a817,b1dd3608-5ff5-543b-83ad-9bb493d71d7e,SOURCED_FROM
696b93b3-acf0-5ae4-898e-a6a3af3a4a5c,b1dd3608-5ff5-543b-83ad-9bb493d71d7e,SOURCED_FROM
a764dcb8-6fc5-56a7-8fef-701d9af610d5,b1dd3608-5ff5-543b-83ad-9bb493d71d7e,SOURCED_FROM
9da7007c-c176-54f6-8c5d-5c853d81fb75,b1dd3608-5ff5-543b-83ad-9bb493d71d7e,SOURCED_FROM
fbb1f4f0-d605-5ae4-8f3d-316df214806b,b1dd3608-5ff5-543b-83ad-9bb493d71d7e,SOURCED_FROM
0f89000b-4d93-541d-8fec-662bcaba3971,b1dd3608-5ff5-543b-83ad-9bb493d71d7e,SOURCED_FROM
55f56aa4-4217-585d-8e4d-9a0716ba52d9,b1dd3608-5ff5-543b-83ad-9bb493d71d7e,SOURCED_FROM
45d17c92-cde5-5957-8ff4-f4ca7de09d98,b1dd3608-5ff5-543b-83ad-9bb493d71d7e,SOURCED_FROM
26d9fd52-b100-5edb-877d-73736e4ebc68,b1dd3608-5ff5-543b-83ad-9bb493d71d7e,SOURCED_FROM
8f6e4fdd-dae6-5270-848b-5da42c3f33b5,b1dd3608-5ff5-543b-83ad-9bb493d71d7e,SOURCED_FROM
bfdf50ee-0ba9-575c-8d6d-17f8220bb174,b1dd3608-5ff5-543b-83ad-9bb493d71d7e,SOURCED_FROM
f7ce47a7-f7f1-5774-8c6b-80717a7eb41b,b1dd3608-5ff5-543b-83ad-9bb493d71d7e,SOURCED_FROM
32f97b3f-cc97-53c6-8df4-d4c536afc042,b1dd3608-5ff5-543b-83ad-9bb493d71d7e,SOURCED_FROM
5befd070-6de6-5f43-814b-d7fab5625325,b1dd3608-5ff5-543b-83ad-9bb493d71d7e,SOURCED_FROM
fc3a167d-6f99-5b6f-8c78-2b12d186678c,b1dd3608-5ff5-543b-83ad-9bb493d71d7e,SOURCED_FROM
f34cdb9c-b600-534b-8cbb-90555855649c,b1dd3608-5ff5-543b-83ad-9bb493d71d7e,SOURCED_FROM
a9dc2cff-6475-5441-84f5-dcf098d5bc2c,b1dd3608-5ff5-543b-83ad-9bb493d71d7e,SOURCED_FROM
962b7610-f423-5eed-86e3-f85749c7b312,b1dd3608-5ff5-543b-83ad-9bb493d71d7e,SOURCED_FROM
c70087cb-a55a-52b7-8cde-7e69e8fbdb80,b1dd3608-5ff5-543b-83ad-9bb493d71d7e,SOURCED_FROM
c22695af-4a07-5705-89b4-756f5ca423a3,b1dd3608-5ff5-543b-83ad-9bb493d71d7e,SOURCED_FROM
08749e47-4c4e-519e-8483-5a902a6109ad,b1dd3608-5ff5-543b-83ad-9bb493d71d7e,SOURCED_FROM
085c4646-efc4-5980-8cda-a0168b1de72a,b1dd3608-5ff5-543b-83ad-9bb493d71d7e,SOURCED_FROM
205faeb0-e5d3-5d35-8dfe-4d7fe21a2078,b1dd3608-5ff5-543b-83ad-9bb493d71d7e,SOURCED_FROM
98f446de-b65f-5cf1-825d-93f73969e382,b1dd3608-5ff5-543b-83ad-9bb493d71d7e,SOURCED_FROM
541cb7fd-2841-5672-8ab2-c39e8e7c5cf9,b1dd3608-5ff5-543b-83ad-9bb493d71d7e,SOURCED_FROM
6001ee1c-9c2a-5074-83d4-d0175aad9adf,b1dd3608-5ff5-543b-83ad-9bb493d71d7e,SOURCED_FROM
e96c9597-03fd-5164-8a65-9809fa590304,b1dd3608-5ff5-543b-83ad-9bb493d71d7e,SOURCED_FROM
fd5d6bf1-299d-5d81-81b2-11b71bc8592c,b1dd3608-5ff5-543b-83ad-9bb493d71d7e,SOURCED_FROM
d4b21cdb-dbc7-5fce-88f7-97ba59dc3de0,b1dd3608-5ff5-543b-83ad-9bb493d71d7e,SOURCED_FROM
a066f4a1-ff44-5ab9-86e5-045db27e7386,b1dd3608-5ff5-543b-83ad-9bb493d71d7e,SOURCED_FROM
0b0cb2e5-e0ab-58aa-8849-1088098c7ac1,b1dd3608-5ff5-543b-83ad-9bb493d71d7e,SOURCED_FROM
504e433a-3b59-5bea-8008-400c11d752c7,b1dd3608-5ff5-543b-83ad-9bb493d71d7e,SOURCED_FROM
d3508b8b-ab07-574b-819c-e4fd02c41cbc,b1dd3608-5ff5-543b-83ad-9bb493d71d7e,SOURCED_FROM
73611e68-0b90-5ae0-880b-72b951b4209e,b1dd3608-5ff5-543b-83ad-9bb493d71d7e,SOURCED_FROM
b136ef10-7df8-51dc-81c5-b3fb655b60f3,b1dd3608-5ff5-543b-83ad-9bb493d71d7e,SOURCED_FROM
84d9ef03-6c28-5b3a-8008-ee37df69f568,b1dd3608-5ff5-543b-83ad-9bb493d71d7e,SOURCED_FROM
6e4fe10b-075c-5e7a-87a2-faeff0149217,b1dd3608-5ff5-543b-83ad-9bb493d71d7e,SOURCED_FROM
03967f60-57b7-5294-85e5-3567caf13e9c,b1dd3608-5ff5-543b-83ad-9bb493d71d7e,SOURCED_FROM
e4bf9ebd-8357-5664-8ae1-635548b8bfe1,b1dd3608-5ff5-543b-83ad-9bb493d71d7e,SOURCED_FROM
0dc0da1f-8b3b-5148-878a-5dc7f6282396,b1dd3608-5ff5-543b-83ad-9bb493d71d7e,SOURCED_FROM
080c0547-1904-5e61-82d9-b455dbc11a56,b1dd3608-5ff5-543b-83ad-9bb493d71d7e,SOURCED_FROM
cc94906d-6d98-53bc-8b1b-ebebe1d3207d,b1dd3608-5ff5-543b-83ad-9bb493d71d7e,SOURCED_FROM
0e11c99b-0d26-5118-84f3-eeddb26b1ab3,b1dd3608-5ff5-543b-83ad-9bb493d71d7e,SOURCED_FROM
da626173-8d55-5b7a-8314-fe941644f8db,b1dd3608-5ff5-543b-83ad-9bb493d71d7e,SOURCED_FROM
721c404b-5b17-5442-8d74-622edeb7ffb3,b1dd3608-5ff5-543b-83ad-9bb493d71d7e,SOURCED_FROM
b590a7ce-dbee-5332-8e3b-3ecabf950a08,b1dd3608-5ff5-543b-83ad-9bb493d71d7e,SOURCED_FROM
ad03c14b-62f2-55a9-888f-79cc496e01fb,b1dd3608-5ff5-543b-83ad-9bb493d71d7e,SOURCED_FROM
388a88c0-8361-5b24-857d-23cf213e976a,b1dd3608-5ff5-543b-83ad-9bb493d71d7e,SOURCED_FROM
285c4433-cf2e-5616-8fed-d300bf76eec5,b1dd3608-5ff5-543b-83ad-9bb493d71d7e,SOURCED_FROM
bacd8164-f6f7-5c36-89af-36b4a0570e7b,b1dd3608-5ff5-543b-83ad-9bb493d71d7e,SOURCED_FROM
8e4352b4-503e-508c-8951-185c075bc418,b1dd3608-5ff5-543b-83ad-9bb493d71d7e,SOURCED_FROM
70b3fc59-db26-5ca0-8129-2e5c705ad4e2,b1dd3608-5ff5-543b-83ad-9bb493d71d7e,SOURCED_FROM
e18fa391-e79d-5c9e-8e00-df8bb9ad02c6,b1dd3608-5ff5-543b-83ad-9bb493d71d7e,SOURCED_FROM
d6218598-2289-5de2-8c72-9beadabd8201,b1dd3608-5ff5-543b-83ad-9bb493d71d7e,SOURCED_FROM
986f5ea9-d69c-5b8b-8667-3c426d7034d2,b1dd3608-5ff5-543b-83ad-9bb493d71d7e,SOURCED_FROM
cc5901c8-82f5-5af6-8f52-be3678773816,b1dd3608-5ff5-543b-83ad-9bb493d71d7e,SOURCED_FROM
d834476e-d25a-5432-8205-7ec4d5ef2514,b1dd3608-5ff5-543b-83ad-9bb493d71d7e,SOURCED_FROM
d1ef76f4-8352-5c54-860a-8c4918992baa,b1dd3608-5ff5-543b-83ad-9bb493d71d7e,SOURCED_FROM
21aa568a-3056-5ac4-81bf-24bcd2b57d09,b1dd3608-5ff5-543b-83ad-9bb493d71d7e,SOURCED_FROM
5caa7ddf-4593-5810-8db3-9bdc414da6f8,b1dd3608-5ff5-543b-83ad-9bb493d71d7e,SOURCED_FROM
93246f97-9780-56b9-87a3-3ed011b001a5,b1dd3608-5ff5-543b-83ad-9bb493d71d7e,SOURCED_FROM
e27218e8-4c26-52a2-82ef-7782ed58a4d1,b1dd3608-5ff5-543b-83ad-9bb493d71d7e,SOURCED_FROM
9773e4ad-c337-55fa-8193-95910e9fd710,b1dd3608-5ff5-543b-83ad-9bb493d71d7e,SOURCED_FROM
08fca8a8-296d-512a-8e66-9d4b0b5aca62,b1dd3608-5ff5-543b-83ad-9bb493d71d7e,SOURCED_FROM
4b668c13-829c-572f-8e7d-f9e87d0f9317,b1dd3608-5ff5-543b-83ad-9bb493d71d7e,SOURCED_FROM
9eee2c79-de3a-5f72-8b3f-354628bb6af9,b1dd3608-5ff5-543b-83ad-9bb493d71d7e,SOURCED_FROM
9d06537e-c283-5930-864e-49446e4eff62,b1dd3608-5ff5-543b-83ad-9bb493d71d7e,SOURCED_FROM
54a01572-a45a-5727-8be5-9f6c220441a7,b1dd3608-5ff5-543b-83ad-9bb493d71d7e,SOURCED_FROM
6244ba28-b6ac-5dbe-8354-353c46c68682,b1dd3608-5ff5-543b-83ad-9bb493d71d7e,SOURCED_FROM
ce45c04c-f33b-571e-8dd8-3a0334a8455d,b1dd3608-5ff5-543b-83ad-9bb493d71d7e,SOURCED_FROM
2c9c37c6-2013-586c-8af2-097e9ac30f88,b1dd3608-5ff5-543b-83ad-9bb493d71d7e,SOURCED_FROM
1658ad94-5db9-5518-8210-7f145362ca65,b1dd3608-5ff5-543b-83ad-9bb493d71d7e,SOURCED_FROM
546e3d9c-f71f-57ca-898c-818a55bb4bb7,b1dd3608-5ff5-543b-83ad-9bb493d71d7e,SOURCED_FROM
d9da62a3-a69e-572b-8eba-2c603d659b3c,b1dd3608-5ff5-543b-83ad-9bb493d71d7e,SOURCED_FROM
73fdd26b-ce53-5bdf-826f-305d86231d46,b1dd3608-5ff5-543b-83ad-9bb493d71d7e,SOURCED_FROM
d5647e4e-5e12-5a41-8bf5-b818a367e39a,b1dd3608-5ff5-543b-83ad-9bb493d71d7e,SOURCED_FROM
6da2c51c-a614-57c7-88cf-c7f3a627579b,b1dd3608-5ff5-543b-83ad-9bb493d71d7e,SOURCED_FROM
d8fb22c1-dbbd-5a68-84a2-b7748d58d65c,b1dd3608-5ff5-543b-83ad-9bb493d71d7e,SOURCED_FROM
f0a491f3-de81-5068-88ce-527366b89d06,b1dd3608-5ff5-543b-83ad-9bb493d71d7e,SOURCED_FROM
9d00a061-cf8a-5b56-864f-03016edf3381,b1dd3608-5ff5-543b-83ad-9bb493d71d7e,SOURCED_FROM
77185f0c-a859-5402-8630-eb05dba6367c,b1dd3608-5ff5-543b-83ad-9bb493d71d7e,SOURCED_FROM
b62e13b1-328d-5cb5-8c3d-f215e217dfaa,b1dd3608-5ff5-543b-83ad-9bb493d71d7e,SOURCED_FROM
ba898edd-4d3c-56db-829a-c7ac80a904b3,b1dd3608-5ff5-543b-83ad-9bb493d71d7e,SOURCED_FROM
6f2f32ed-9705-53c5-8351-c6dc23d4cccd,b1dd3608-5ff5-543b-83ad-9bb493d71d7e,SOURCED_FROM
7a645ab3-9898-56ce-89bd-6ea00e00b4a6,b1dd3608-5ff5-543b-83ad-9bb493d71d7e,SOURCED_FROM
f8bff7d8-a726-53d2-8d65-289bb27eaf54,b1dd3608-5ff5-543b-83ad-9bb493d71d7e,SOURCED_FROM
9a45c176-98b2-509e-87aa-cbed1db6e13b,b1dd3608-5ff5-543b-83ad-9bb493d71d7e,SOURCED_FROM
b5626a57-cfbd-53dd-8344-8cca9efa2fcb,b1dd3608-5ff5-543b-83ad-9bb493d71d7e,SOURCED_FROM
5b1ced56-c51f-50da-83ae-2c6509f57fc0,b1dd3608-5ff5-543b-83ad-9bb493d71d7e,SOURCED_FROM
4d00420f-74a8-5ab4-8ef7-f0d97ab4bb95,b1dd3608-5ff5-543b-83ad-9bb493d71d7e,SOURCED_FROM
04e41991-d6f3-5720-8f7e-ca7459078d26,b1dd3608-5ff5-543b-83ad-9bb493d71d7e,SOURCED_FROM
59e9e71f-3cd3-5e74-8cf5-a4a1091f04c9,b1dd3608-5ff5-543b-83ad-9bb493d71d7e,SOURCED_FROM
f55c8ec7-a331-54f0-829a-a68254146093,b1dd3608-5ff5-543b-83ad-9bb493d71d7e,SOURCED_FROM
f839bf43-035a-5a5b-875e-cc509a4748f6,b1dd3608-5ff5-543b-83ad-9bb493d71d7e,SOURCED_FROM
c245aca4-c29e-5777-84b5-554f9b41e06b,b1dd3608-5ff5-543b-83ad-9bb493d71d7e,SOURCED_FROM
2acb6c3e-16fd-565d-85bf-58c8eb939649,b1dd3608-5ff5-543b-83ad-9bb493d71d7e,SOURCED_FROM
62b60e3c-d7df-578d-842e-267c5830bb66,b1dd3608-5ff5-543b-83ad-9bb493d71d7e,SOURCED_FROM
ac29552b-6129-52c9-8328-fd6c5575b796,b1dd3608-5ff5-543b-83ad-9bb493d71d7e,SOURCED_FROM
93fc8b50-0ddf-5eea-8cce-9e6c11e95974,b1dd3608-5ff5-543b-83ad-9bb493d71d7e,SOURCED_FROM
43629fe0-8524-5d04-8afc-edca69c3645a,b1dd3608-5ff5-543b-83ad-9bb493d71d7e,SOURCED_FROM
f2861ac0-4c1d-5462-8443-3470fe1fa451,b1dd3608-5ff5-543b-83ad-9bb493d71d7e,SOURCED_FROM
8a9a09a6-454a-5eb8-8253-d2c460c61890,b1dd3608-5ff5-543b-83ad-9bb493d71d7e,SOURCED_FROM
144dcd93-7db5-5fed-87b7-d33dbbe893b1,b1dd3608-5ff5-543b-83ad-9bb493d71d7e,SOURCED_FROM
ec4beafe-0410-58f2-8e03-c2548d5bd625,b1dd3608-5ff5-543b-83ad-9bb493d71d7e,SOURCED_FROM
6b47ad1e-ee98-5074-8d6c-e0235c54f00f,b1dd3608-5ff5-543b-83ad-9bb493d71d7e,SOURCED_FROM
b1340909-828f-5acd-8eb5-10c7d87d3de9,b1dd3608-5ff5-543b-83ad-9bb493d71d7e,SOURCED_FROM
e920d2ff-c46b-51e2-8903-c813478ee891,b1dd3608-5ff5-543b-83ad-9bb493d71d7e,SOURCED_FROM
ca4a712c-6be6-53f0-866b-e94edaac3f94,b1dd3608-5ff5-543b-83ad-9bb493d71d7e,SOURCED_FROM
43b786a8-df2f-5352-8721-3d1f940ca7a7,b1dd3608-5ff5-543b-83ad-9bb493d71d7e,SOURCED_FROM
c16915ca-931f-520f-8065-4a8cb0cf4f22,b1dd3608-5ff5-543b-83ad-9bb493d71d7e,SOURCED_FROM
c0544d2e-2f3f-5f1b-8cd2-797aae4416dd,b1dd3608-5ff5-543b-83ad-9bb493d71d7e,SOURCED_FROM
b3bffb70-684a-5087-8577-37c0190361f0,b1dd3608-5ff5-543b-83ad-9bb493d71d7e,SOURCED_FROM
5e9a5f85-0e2e-587e-82b6-ad4b285bdb7d,b1dd3608-5ff5-543b-83ad-9bb493d71d7e,SOURCED_FROM
492a2105-9b80-58f6-8600-2bdd0e036a34,b1dd3608-5ff5-543b-83ad-9bb493d71d7e,SOURCED_FROM
c5311d84-e8e4-5f06-89b8-38e5bcac0d01,b1dd3608-5ff5-543b-83ad-9bb493d71d7e,SOURCED_FROM
86c446d1-7a2d-5631-8843-d4991633fea8,b1dd3608-5ff5-543b-83ad-9bb493d71d7e,SOURCED_FROM
e3f3524f-4c0f-5e43-86f3-4d4c68cc7d6a,b1dd3608-5ff5-543b-83ad-9bb493d71d7e,SOURCED_FROM
6799ff53-de8f-5af7-8fab-fb3f011730f2,b1dd3608-5ff5-543b-83ad-9bb493d71d7e,SOURCED_FROM
4bcf7702-e869-5eb2-8093-9825bc55cc66,b1dd3608-5ff5-543b-83ad-9bb493d71d7e,SOURCED_FROM
aa43d7c1-db31-5596-8cb4-1e50ef2f8d43,b1dd3608-5ff5-543b-83ad-9bb493d71d7e,SOURCED_FROM
30b50a40-74d4-5fa2-8221-fb6cb9272516,b1dd3608-5ff5-543b-83ad-9bb493d71d7e,SOURCED_FROM
efedd439-7264-5544-8c2b-e0f593707640,b1dd3608-5ff5-543b-83ad-9bb493d71d7e,SOURCED_FROM
e1391348-12e1-56d7-8d53-2e9d943870ac,b1dd3608-5ff5-543b-83ad-9bb493d71d7e,SOURCED_FROM
373637d2-d541-5cde-8718-ed3c87900de0,b1dd3608-5ff5-543b-83ad-9bb493d71d7e,SOURCED_FROM
94f4b50a-3170-50e7-8318-262df26dc657,b1dd3608-5ff5-543b-83ad-9bb493d71d7e,SOURCED_FROM
9084ec05-f3ae-58d5-82b0-a3f154dddea0,b1dd3608-5ff5-543b-83ad-9bb493d71d7e,SOURCED_FROM
8d598b51-2964-5d31-8dd8-2aa7657d654c,b1dd3608-5ff5-543b-83ad-9bb493d71d7e,SOURCED_FROM
10b1c994-004b-5f7b-87c0-7aa452676560,b1dd3608-5ff5-543b-83ad-9bb493d71d7e,SOURCED_FROM
e43b45e7-dc50-5e8c-8760-38bd22cd766c,b1dd3608-5ff5-543b-83ad-9bb493d71d7e,SOURCED_FROM
3535a9a9-258a-5d72-80c8-316313bb5021,b1dd3608-5ff5-543b-83ad-9bb493d71d7e,SOURCED_FROM
0d3fc107-f6da-5d7d-815d-56baff0d8c6b,b1dd3608-5ff5-543b-83ad-9bb493d71d7e,SOURCED_FROM
1d86252f-7465-50fa-89d1-67ef75ebda21,b1dd3608-5ff5-543b-83ad-9bb493d71d7e,SOURCED_FROM
74df0f52-a9dd-592b-8afd-5505626bf934,b1dd3608-5ff5-543b-83ad-9bb493d71d7e,SOURCED_FROM
28fa74c5-65fd-5bc2-8071-e84e05e4c14e,b1dd3608-5ff5-543b-83ad-9bb493d71d7e,SOURCED_FROM
dffa778f-6041-50cb-8f76-08f61e999b60,b1dd3608-5ff5-543b-83ad-9bb493d71d7e,SOURCED_FROM
5af20221-0ff6-55fd-8851-4877745fe3fb,b1dd3608-5ff5-543b-83ad-9bb493d71d7e,SOURCED_FROM
afa74bc9-a28b-5d26-82c9-4204b1fe94f5,b1dd3608-5ff5-543b-83ad-9bb493d71d7e,SOURCED_FROM
80078b4b-b52f-54cc-8c71-ad0ac202d75b,b1dd3608-5ff5-543b-83ad-9bb493d71d7e,SOURCED_FROM
248f1e64-6680-5a91-8bdf-3dd6b4a2f8a1,b1dd3608-5ff5-543b-83ad-9bb493d71d7e,SOURCED_FROM
e03b503c-a7fe-577b-85af-6de10d4ab509,b1dd3608-5ff5-543b-83ad-9bb493d71d7e,SOURCED_FROM
aff65513-5b06-59b7-8c6b-4c54429cf846,b1dd3608-5ff5-543b-83ad-9bb493d71d7e,SOURCED_FROM
a5c94733-f6cb-5a04-8542-ecafcebd2919,b1dd3608-5ff5-543b-83ad-9bb493d71d7e,SOURCED_FROM
e3b2e19d-6242-5986-8b23-3aa54493a53c,b1dd3608-5ff5-543b-83ad-9bb493d71d7e,SOURCED_FROM
59b6a0cd-85ed-59e2-8212-168956b153e5,b1dd3608-5ff5-543b-83ad-9bb493d71d7e,SOURCED_FROM
08492277-3a32-509b-8cd4-8ffafd0eacfd,b1dd3608-5ff5-543b-83ad-9bb493d71d7e,SOURCED_FROM
157a6149-f6c4-5ebf-8256-471ee442ba5d,b1dd3608-5ff5-543b-83ad-9bb493d71d7e,SOURCED_FROM
eac62457-f53e-5103-8d44-dcfb34a004cd,b1dd3608-5ff5-543b-83ad-9bb493d71d7e,SOURCED_FROM
4cecfa2e-4365-5744-8332-27c77f7f9722,b1dd3608-5ff5-543b-83ad-9bb493d71d7e,SOURCED_FROM
ed646673-a191-5673-897f-176410da97e0,b1dd3608-5ff5-543b-83ad-9bb493d71d7e,SOURCED_FROM
497219c5-6339-5529-8e61-389f6ca96b49,b1dd3608-5ff5-543b-83ad-9bb493d71d7e,SOURCED_FROM
4709819f-acf4-58e1-8165-55defef68157,b1dd3608-5ff5-543b-83ad-9bb493d71d7e,SOURCED_FROM
ae8feae0-5bfe-5810-85ec-226d4d0ad0f7,b1dd3608-5ff5-543b-83ad-9bb493d71d7e,SOURCED_FROM
bc5ca8aa-42e1-5749-8b53-ffa325a71907,b1dd3608-5ff5-543b-83ad-9bb493d71d7e,SOURCED_FROM
043e1f8b-205b-56c8-88d4-265e8ff229f7,b1dd3608-5ff5-543b-83ad-9bb493d71d7e,SOURCED_FROM
e4bb6062-030c-5e66-8103-a892398ea3ba,b1dd3608-5ff5-543b-83ad-9bb493d71d7e,SOURCED_FROM
ee6e552b-d967-546e-8abe-07c1cfc8c23c,b1dd3608-5ff5-543b-83ad-9bb493d71d7e,SOURCED_FROM
8c7735ed-93be-5e41-82f8-fafedde2c66d,b1dd3608-5ff5-543b-83ad-9bb493d71d7e,SOURCED_FROM
c715a64f-bc96-573d-8cdd-7d711f424cf1,b1dd3608-5ff5-543b-83ad-9bb493d71d7e,SOURCED_FROM
cd98f32b-974e-5922-8a8e-38a0240fc7d6,b1dd3608-5ff5-543b-83ad-9bb493d71d7e,SOURCED_FROM
11f013c8-6139-5100-8ac0-666103a0080a,b1dd3608-5ff5-543b-83ad-9bb493d71d7e,SOURCED_FROM
9bd28298-dd6e-5923-8684-615238e125f8,b1dd3608-5ff5-543b-83ad-9bb493d71d7e,SOURCED_FROM
474f92ed-8cbf-5456-856f-f70aee13d949,b1dd3608-5ff5-543b-83ad-9bb493d71d7e,SOURCED_FROM
59918909-ab5b-514f-810f-bab1bc3368d5,b1dd3608-5ff5-543b-83ad-9bb493d71d7e,SOURCED_FROM
c8b9fcd7-9f29-5da1-8b92-145149c2ac25,b1dd3608-5ff5-543b-83ad-9bb493d71d7e,SOURCED_FROM
2f03f2db-b47b-56b9-8b9d-3feb8e2d70b2,b1dd3608-5ff5-543b-83ad-9bb493d71d7e,SOURCED_FROM
