source_record_id,target_record_id,relationship_type
8a12bbc8-bcf7-58d0-80a5-28065ed99400,9d488c50-8d0e-588f-81e9-3a41c036919a,CLASSIFIES
0e80ebdc-316c-5485-8972-a4bf40ba77a5,d3e18839-6b08-52f2-8173-5786abc7d3be,CLASSIFIES
b02f00b4-678b-5c53-867f-999cc391d8db,fac6c181-3612-5487-8286-998f8d8622f5,CLASSIFIES
7ce31542-fd0b-5274-8e39-d22016c07e27,f6af6706-7ebe-5556-8d90-57d5530570fd,CLASSIFIES
032c84e2-a1bf-570e-889d-b9ae03349909,db952c50-122b-576a-880f-085e1add6a75,CLASSIFIES
6412989e-5898-5eac-86e1-a9eb5ebff458,7001d0fa-30df-5cea-8619-8af63de050d8,CLASSIFIES
d541dd48-3d28-54fd-8740-18685e5bd6da,efce8a68-d307-5922-88ab-bce426b29890,CLASSIFIES
0cec4574-8b03-57cf-8cc8-4f38e7a036ed,ae4c8fdf-b31b-5839-881e-30884d709f81,CLASSIFIES
7f2808c4-b0d6-52b8-8335-ec5c5b992bfe,6ec39b30-9d20-5080-8b82-a7a5801fc863,CLASSIFIES
af800e3b-cf23-5062-80ed-4db62fbcddae,6a3c6390-7fea-505c-86e4-e0657cb3310c,CLASSIFIES
61a255bd-31d1-5a5d-8ada-a9509deb3941,5538d4b0-9859-5f65-8d21-05e8b40c6b95,CLASSIFIES
0c9f0d33-76e4-5a1f-82a7-469dc14573ab,9c7e03f2-5bc9-54ec-87fe-19e1bc820f64,CLASSIFIES
2379481b-2810-51a3-8f18-9a8301a5937f,a5dadf48-7dda-5380-8f2f-3c356d79282f,CLASSIFIES
385f507e-00b6-5c44-8c99-36017e8d131b,e90b1742-04fe-5352-8553-67ca1d9bdd98,CLASSIFIES
78333595-aefb-555a-8cfd-78d45ecb5c27,38c0426a-cf03-5de8-8acf-1a3b5b65eacb,CLASSIFIES
8a0fc67a-5187-5c84-8c16-ce38295bf3c4,6438c7c7-34d5-5d11-8924-c40984653e05,CLASSIFIES
33f6d27b-eafe-5c15-8e74-7ad5207a70f3,5fca019b-e876-56db-8d2c-615c755693a3,CLASSIFIES
ef910cb3-cfd4-5334-8a3c-f51219c03ec9,8bd6af06-8f99-57fb-8f63-2e64be8985c4,CLASSIFIES
c1cd7670-b888-5760-83cc-ff5646c6107e,18a79bbc-f8f6-5cdf-8401-9536ff7815c2,CLASSIFIES
b030a823-cd13-5b8b-85c9-b8102091d647,b28078b3-3c65-5414-8683-52afe22e4f15,CLASSIFIES
5b9ffffb-ea8b-5efb-8281-56507aba33c1,1cba115f-e714-5b25-8b28-acba468fe56f,CLASSIFIES
5cf0e3da-01cf-5077-8013-66cf780f4f21,884ccd9d-1236-5169-8178-558657a02d63,CLASSIFIES
1350fc6b-3d77-50f1-8deb-341a182dcb68,9d488c50-8d0e-588f-81e9-3a41c036919a,CLASSIFIES
a6ccc197-7e57-551e-8ee0-d5b65bb8771b,d3e18839-6b08-52f2-8173-5786abc7d3be,CLASSIFIES
ca694c69-0dee-5f2e-846e-eebe6232701b,fac6c181-3612-5487-8286-998f8d8622f5,CLASSIFIES
1077ff2a-bf19-58ae-81d7-0f91edb09ca4,f77eabcc-81c9-5efb-8925-fd9ef0fc80d0,CLASSIFIES
fc47ee80-4b96-5a7c-8fe8-e3bfe68ba2a6,b4edfe26-403b-58bc-8c80-8207ecf74c98,CLASSIFIES
edca492d-4e6d-5424-8510-544cf994cf3f,ee3492fb-d2d4-509e-8ce4-3ef31d2581b6,CLASSIFIES
3a335a89-af34-5cf1-8178-4f8f23d72947,72c976e6-1d49-5a00-8f58-6dee3cb29d16,CLASSIFIES
4ee483fe-4513-55de-8978-783ad866158a,734ccadb-edb4-57bd-8e12-c2444c37df0a,CLASSIFIES
010e49d6-1201-5731-8c1c-5f0dd279b558,c8d51d77-2e04-5f47-8884-19e6732bb217,CLASSIFIES
d1ec77de-8e57-5d13-8a93-85b1c87d6d83,9316627f-6dcf-5bbb-8042-7d85a161b465,CLASSIFIES
fd41fa81-9df2-5f3c-8ecd-225aa786a133,51557f65-be14-523e-898a-d1ab15113789,CLASSIFIES
8ccaf993-d57b-5dea-8879-bb6c1f2d5a84,59dc3f51-ade0-55de-81df-04be35889144,CLASSIFIES
afc4ee22-991c-56e7-8ecf-75b9499954b1,106d444d-854f-51ba-8f84-6a83ce2a707e,CLASSIFIES
51b00fae-7dfa-54e4-829b-f83a17720e87,aa61964d-ba9a-56b5-8b74-6182930f23b7,CLASSIFIES
1e67c1e0-a30c-51f2-8240-f16173a5727b,cb888f84-8589-5ff5-87b1-69155eb77c32,CLASSIFIES
ba7388c5-76f7-5dbe-85dc-64bacb103c1e,0684e875-2b52-520b-847d-8933e5f39731,CLASSIFIES
956c7929-a250-53a5-8674-3756f0078e83,60c54e7f-8f51-5858-8d2d-85e53fed8cb2,CLASSIFIES
9ab0f81a-022d-58bb-8f5b-2c0591c169f0,476c0810-1e7b-5af9-8f8f-35bf2496963a,CLASSIFIES
8f040557-71d4-5c0e-80c0-a0ec3701d944,57cd20a6-3a2f-541b-8a74-4458068d3810,CLASSIFIES
d9cb0f01-f6d7-5ca1-8738-a7a0f4883a59,d1bd775a-7bb3-53e6-829c-3b945872093c,CLASSIFIES
2254af5f-2ee0-521f-8acd-f9ffcc5b34ac,202ffc56-09de-5614-8f76-589449fd03d7,CLASSIFIES
714760a1-6c0d-57a0-8eec-7b72d7ffcaa4,8e83c1b2-5e90-5d05-8897-22bd5b661a3a,CLASSIFIES
419b635c-30ab-5dc0-8403-5ac262b95eba,fea3d50b-3b05-5cfc-866b-28b628daa99b,CLASSIFIES
ec64f42f-4632-52a5-8d76-b8fdcf96a580,1a4ab864-2deb-5dcd-83cc-0421b387a84d,CLASSIFIES
2b0871ee-e20a-5374-82c8-6ff72e63008a,d820d030-a4bc-50bb-8a7d-cda81147b657,CLASSIFIES
e06e53cc-6bc2-5abe-8d6c-eccc3d5cd86b,07c5ad14-eebe-59f1-8b96-2e5414e8ae9c,CLASSIFIES
fb440f87-5381-5747-85a6-5116aabc6172,a915d19d-b963-54f2-86a8-00ff84f49f0f,CLASSIFIES
441c5baf-0045-5530-8e5a-76153cd12770,927bc2a6-0b3e-5fff-8ef1-4f207df7ed1c,CLASSIFIES
878b93f9-7146-5e51-8c95-217b93096eea,3d45dfd5-ecb0-5886-8031-397cbfd77304,CLASSIFIES
f9c88869-459e-59b6-8ba4-9e39f8a869d2,f956024d-2d07-5a79-8732-71b83e9afdf5,CLASSIFIES
f02caacb-5b66-5f15-89fb-7160992e6797,9e093736-e537-58d6-89db-499ba2662bd8,CLASSIFIES
ae84c9da-5323-520b-8dec-a8736b3ec631,db7961c6-7bd0-5c49-8f34-86c56c58b682,CLASSIFIES
36412e96-025e-5822-8943-21626d8fb18e,3e94a0f5-9264-560f-8ec7-8dafc5db20b9,CLASSIFIES
06a5b018-b2fb-54b9-83cc-4e006245463a,86cc584c-b6ec-5584-87d3-147fbe91602e,CLASSIFIES
0d32edc5-775d-5c06-87ca-493bf6d1d4e0,6d1fd06d-fde3-5465-8b73-63f90e9d4e57,CLASSIFIES
e5fecb2d-ab3a-5d5a-8369-efa6f9e8d9e7,8cf9bd1c-d246-56fe-806e-815a6df5326e,CLASSIFIES
e497c45f-a3e7-532d-863a-5219711883b1,3d985a29-e65d-50c3-832a-001e55f78608,CLASSIFIES
17e95ba0-0c91-5edd-8004-162442b2c281,d6e0abbd-46e0-5195-81d3-f1a0e9f67897,CLASSIFIES
1d645cca-9e2c-5bd9-8667-38b42f99d906,c6cbe42b-d466-56fe-8c14-d09b9be83484,CLASSIFIES
a574668a-40b9-59dd-8d79-eedcdd6955e8,94903539-7b1c-5b93-81e6-f33faf6c32df,CLASSIFIES
57bd740d-a86c-55d2-812d-627dc425bddd,3374d9f7-1369-5ecb-8a96-f288f6077e2c,CLASSIFIES
3e68e09e-1e93-5175-8721-c902d86a4ab1,93f25307-acf7-5456-8aa6-229c1fc20aec,CLASSIFIES
8403d2a7-a093-5fc7-849e-8db78cdc0b0e,9d488c50-8d0e-588f-81e9-3a41c036919a,CLASSIFIES
753ab4a9-ce4f-5462-8420-55c2c73543b9,d3e18839-6b08-52f2-8173-5786abc7d3be,CLASSIFIES
dd0959d1-8ae4-5887-814e-d2217e70bb62,fac6c181-3612-5487-8286-998f8d8622f5,CLASSIFIES
7b295ee1-ce06-572b-833f-579b62396644,93ab09b8-c886-56ca-8cb8-96d95591376b,CLASSIFIES
23668fb2-0826-5b43-8168-bc969e26c57c,8dbf8ce0-225d-5e7e-8bb8-b9f7be46f075,CLASSIFIES
22e5912b-b584-5ca0-8d2d-4c9f929075d5,57b599e6-7c76-550f-8902-ced40d53027c,CLASSIFIES
917ff8a2-3df6-5bbe-8c30-31cf7ad285f8,983a0e10-4ccd-5e7c-88f0-90cbd898018d,CLASSIFIES
2295ec7a-8590-5520-8cec-4cd58689a6d9,0469e43b-9452-5ef3-89e5-88b056202ca6,CLASSIFIES
1359bd8c-2fb3-5d4a-8a02-31b22a0c5535,7b3c8483-f96e-5daa-84fa-ca94da5f03ff,CLASSIFIES
18534bff-e306-5171-8f8d-546d71c36d82,dd08e7f5-3943-5186-81b2-a9d144a95aab,CLASSIFIES
f4b4ae63-2271-5f7b-859e-57738dd2e7c5,f8ffeff7-6b01-547b-8b29-8f48467637b0,CLASSIFIES
1fec9ed7-aadf-5e14-8eca-b84d5ada6c1d,aa1e9a97-f295-5aa1-8416-bd02bc6c8191,CLASSIFIES
b38776cc-0fb3-501e-8458-05209d36641f,0f41b542-7c37-5b71-8701-f1776c803c7f,CLASSIFIES
2ae07590-f973-5bac-8245-a5a90bd9c869,3ec67841-92bb-5c42-86ee-914909e0fc4e,CLASSIFIES
fdf4fd1d-5304-5d13-8e5b-e4c323f50d1b,a60daf86-5e68-5047-8815-6e0b133f31ae,CLASSIFIES
482b370d-44b1-51e4-882c-5cc79f8013ef,06a6b29c-bd99-50a0-8d14-b6fb7c576fc8,CLASSIFIES
0b8e27b9-7769-567a-8d66-804c5e005ddd,2e84ce9e-364d-5d2a-8ed5-9c0b76b30a67,CLASSIFIES
f19f42de-90e4-5c39-851a-7967a984c946,a8e15837-3572-53d9-8f0f-74180ace6feb,CLASSIFIES
0a7b8b68-020a-5326-8eaa-1ae3dd0dc3de,01125395-356f-5e29-8c8b-f4c2dc5e0b0c,CLASSIFIES
ce952f16-e4dd-5443-8d22-de3af7ae7bb1,6ec64156-27c3-5c86-8cc2-da7bf7df0a75,CLASSIFIES
3e20a33d-c9eb-57a7-8aab-59c255928310,793efae8-4211-53cc-828a-4bf634de5dd3,CLASSIFIES
062297fb-d5a3-5e1e-8cf8-253018f97f92,fedc74c0-146a-5c4e-8585-c81a70d79cce,CLASSIFIES
ddcc95c4-9d1a-58b4-82dc-63c367e36454,29051b97-331e-5e10-8c2b-e87ff4f3ce0c,CLASSIFIES
dbf215d1-f555-5297-8928-9f18920e6051,a60d3e98-8004-5c58-80f1-922a031b6a12,CLASSIFIES
58e84d77-f855-5e65-897b-12b8e1e816cd,d9d00daa-e62c-5c46-8dbc-825e1c7ab43b,CLASSIFIES
6d94e14c-f24b-5d94-80a9-832365ec0c5f,8abf1b1e-4ad2-5e08-8d61-ace41554b35c,CLASSIFIES
91e40de3-fdf7-5338-8034-e79ad1f761ba,be473226-c290-5072-8295-93e3b74304b4,CLASSIFIES
1ad359ec-86ac-59e1-8358-9479af6631ab,9a7bb2c2-bfea-5f1b-870c-0926f40dfb2d,CLASSIFIES
c510cfc0-8b38-549d-8408-50ee5be4258d,2e3c0be6-eb0b-5b87-8345-7f29a7bd4577,CLASSIFIES
bd531204-9876-5322-8d3a-2ef7b0217916,20345a01-d345-5c8f-86fe-9042c1277a55,CLASSIFIES
4e75a61c-d00f-5dab-80c5-36b8e5334426,2e867e33-a626-57a6-89b0-9b75dea0cb37,CLASSIFIES
fccaca24-a2a8-5ed6-8950-bfc0d24a4f6a,b5739121-4308-5bc1-8770-337e03c3979c,CLASSIFIES
83c7e2a9-b31b-5db9-8233-04dea716c7c5,dd09b1aa-bf48-51b8-8149-21291b82b56c,CLASSIFIES
2992e2a0-a0f0-5803-8588-139c380d98e3,a96d02c3-f309-5bc0-865f-47403c7ab5c8,CLASSIFIES
1b8aa5ab-8627-5932-8d96-31f76f8586e6,fbb0f046-82d8-5f44-80cf-2ef37c9049b5,CLASSIFIES
d813c1de-4a4d-5d5b-89c8-da7f8f71b12a,d4f00946-76fb-5790-8ec8-50ba62c238f5,CLASSIFIES
0cf35549-5591-50f6-8904-47464444885b,221e9e6c-6e19-5e15-8c6a-290238ded042,CLASSIFIES
c6d3f6d3-0ed7-5aa3-8ce4-929ae0d31260,1e96ae6f-6b1a-514b-85c2-22aa77b26b99,CLASSIFIES
a1a3da80-475e-5f74-8a37-3d03861d8fcd,a03c17a8-d6b4-56e6-8da0-76d79e98791a,CLASSIFIES
ceb45b6a-bd05-5ef3-8abd-456eabf969d7,a3ea9e46-e882-5ba0-80e2-62ea167c5d2f,CLASSIFIES
d29f0b89-464e-5092-85a4-baaf629899d3,2ba7d7f0-5dbf-54a5-8c93-b052dc2e0ed9,CLASSIFIES
7e14c31d-9b41-5726-8153-d3151fb47c2a,7eb973db-1c1f-52d5-8cdc-4d941bfaf004,CLASSIFIES
03c25549-7b2f-5e6e-857c-3fc6f54a9ba5,0ea6ab8d-5a72-5aef-835e-64e662316c91,CLASSIFIES
236eb4af-6499-54a8-8cce-8ff18ddf89e3,5fe2433a-950a-5874-8e69-53818b9033f9,CLASSIFIES
5dbd4c8e-0d40-57ee-8cca-a31d341ff790,6b0ccbc1-0d9b-5a63-8558-9c150220d74d,CLASSIFIES
6ee441b3-c84c-5518-8219-db54cad1e4fb,a1da1042-8070-5e74-8926-53095ba7949b,CLASSIFIES
a996b87a-b83e-5476-8458-3ce6a4e1a268,2cf56016-997c-5f68-8971-c1c3619f46cc,CLASSIFIES
dbd086d4-6dc6-589b-8fa2-7eb09f3b0c3c,dd2dbb73-34a8-5de7-8f47-ae19c4c82eb8,CLASSIFIES
739c1d8b-905e-5fbf-885f-48891cdd09f0,64be3db9-d0b4-532e-8b3a-e06916bf9ae8,CLASSIFIES
d13d6f3e-ccd7-5c8f-8fef-78c6f72d605a,9d488c50-8d0e-588f-81e9-3a41c036919a,CLASSIFIES
872af038-4959-5509-885c-1abd86005065,d3e18839-6b08-52f2-8173-5786abc7d3be,CLASSIFIES
bbf94233-1bb0-55e2-89de-66df73c9f5d0,fac6c181-3612-5487-8286-998f8d8622f5,CLASSIFIES
3c92bba1-8c3d-5a46-8678-1ded7dd48a2a,cbbdc33d-5c3a-50d5-87b5-3521784127ed,CLASSIFIES
e2b8361e-791c-5486-8bea-836f84b808f3,bca79c42-deb7-5315-8f0e-f252e4ac908b,CLASSIFIES
05e8c457-3807-5f1a-8d44-9673a647cc52,1e2fdfbd-a97c-5ed6-804f-5a285027eeb6,CLASSIFIES
2e43f674-969c-542a-80e5-cc54ca3d0971,6c29550e-7184-5605-8b54-e60312128b49,CLASSIFIES
13598806-a2b9-5e92-8ad1-9da58c00e025,8461ab9d-9447-5c3a-8c8f-19998fffb76d,CLASSIFIES
c8a2c427-3207-5ca0-8ccc-9fcee292f2ac,c5bf7ed2-1109-57be-8f42-b0eeed0318ec,CLASSIFIES
ee5957b8-19aa-5dc1-8eb0-5c219b441e7a,7e1f623f-9980-58fd-841e-8bd73c7d04c4,CLASSIFIES
0a8f1c5b-cf36-5362-8718-34482f346082,a8668b7f-5e2e-5e9b-8db2-9f83471c94d8,CLASSIFIES
9451a7ea-7d7b-53a0-881a-0fd2f84135e3,9daef895-8a5f-5eb8-8a32-2b74599284a8,CLASSIFIES
03cd7b3b-d7b0-5620-8c3d-ef860490166e,b1772861-dd4d-5a9d-8f14-d96c70dba054,CLASSIFIES
8d5d8860-b377-57b2-8710-7d8d4c77c737,564a31a4-a43f-5189-890a-3c366b723dbe,CLASSIFIES
102628e2-db9c-56f1-8eb2-6cc4cc354cb5,79063b85-29cc-5d4f-80c0-bd1dd005484f,CLASSIFIES
1e5bf7d2-8909-5416-8a9f-2ea5999bd6e6,0ae3278b-ca6d-5d9f-89dc-3a27c83e8ca1,CLASSIFIES
894ffca5-d718-5719-8715-11b09bf4586e,adf0651a-bdad-5ae4-85ba-8b4ca469778f,CLASSIFIES
690b37af-f864-54b7-8ff3-c5253c5c4740,16522b36-0871-5963-8633-1fed1f886328,CLASSIFIES
ce71245d-3755-5597-8ddc-371f7e8bf519,2616e75b-91d2-5b13-8936-25657b9341b5,CLASSIFIES
57eecdfc-4f91-5d08-8e10-2afdf275d54f,94797f0e-367a-5452-885b-2f083191812a,CLASSIFIES
0285642e-679b-5876-87ba-77300e9ad45f,a69c7626-66b5-573d-8ddc-ac192b5fe1c4,CLASSIFIES
344967e0-1736-55ee-85cb-27b5e0a913f3,2abedb75-773a-504a-8746-9d85f6dba099,CLASSIFIES
866f4434-594c-50c2-847b-20877b6df7d7,9d488c50-8d0e-588f-81e9-3a41c036919a,CLASSIFIES
9f8a1c95-2365-52ae-8023-f3443ef9b017,d3e18839-6b08-52f2-8173-5786abc7d3be,CLASSIFIES
84ed661d-0927-5b76-87dc-ebab9b0ea3cf,fac6c181-3612-5487-8286-998f8d8622f5,CLASSIFIES
0f08ad22-e157-5f6f-8f27-4d6a2ef8dc3e,3d7869a8-77d5-51c5-803b-bec16b16e420,CLASSIFIES
3da44b94-751a-5c55-8a40-2334d66b3aae,f47b21c4-5d35-5a95-8916-7f441f8726a5,CLASSIFIES
02cab85d-0837-53af-88bb-d2b156f70af0,8596e5fd-35be-540f-8555-9db2a8a9f908,CLASSIFIES
5af9f620-691a-5da9-88b8-55b04366bf7c,891ddf51-5af0-5f5b-8686-0ca0d52fd2c1,CLASSIFIES
801552d8-f2bd-5820-8878-abc5a3bc9864,3bd84ea0-612f-5366-88bd-f6f33e896875,CLASSIFIES
60d69568-0bd7-59da-8d84-5f7180d405b4,ce780a77-769f-5c30-8968-ab60dbd459b8,CLASSIFIES
b388c747-4596-54e9-87c9-06aabd9edc28,04611e1e-a63b-5d8c-8d55-5e203f54ea95,CLASSIFIES
1a04d3f6-6105-547f-8fe6-e93663a13c35,556208a3-1df3-5a90-8cfc-2562946e0e6c,CLASSIFIES
ae1d9f05-b582-55ba-8431-0094b5daa6c0,8ffd387d-f774-5b4c-8848-2aa21b62a9bc,CLASSIFIES
aa1c4bce-166f-5e97-8b4e-d3f8e3a7ef14,883a45a0-864c-57fb-87be-b609136527c9,CLASSIFIES
a7cb4e8f-b7b1-5a7e-851e-c1df076ebf44,9778d062-6adc-5b5e-887d-53f8956a929e,CLASSIFIES
8a2bd396-44d8-5248-824b-9968a2d9db17,807371b1-028f-54f6-8ca0-4f8e8cea3ee0,CLASSIFIES
239d3b41-6837-57ab-830c-d0d4d85b5706,a3c29b97-7991-5718-8530-aa7c3a15d516,CLASSIFIES
1b20abbb-c262-5579-8ce5-b047fa45bfe1,ace8d7c9-656f-5f8a-8906-a8f2ff790dcd,CLASSIFIES
c21f9bcd-fab2-55f7-82bd-e26b4d3a62c7,c926d1f0-375a-559b-8b38-b0d8d7294057,CLASSIFIES
7df025b5-0999-518c-8214-cca55299f4ed,ce76c396-24a0-567c-8efe-90c8743b36c6,CLASSIFIES
acce7ea4-fb48-5b89-83c1-b0537f96d3b6,3535978d-4a85-5f42-80d3-854e2f612c2c,CLASSIFIES
9d7c2ad9-e32e-59a8-89a3-856bcaa15096,701f5782-141c-5870-8403-f4ba01d51f05,CLASSIFIES
915c0363-99db-50f1-8c90-6de9e4d11f1e,2e710b8d-4d6a-57b1-83a4-f1d9050320ac,CLASSIFIES
34c68b61-d939-555e-89c3-b826e5e590de,2ccf607d-7ed2-56b3-81a8-a95d5fd3d1a3,CLASSIFIES
4d0bcc85-7b94-5cfc-8fc2-2b27df5f625a,075f8d05-f787-5a51-8f8d-209130218758,CLASSIFIES
873f66e6-b6c3-57b7-8633-bf94dae428be,63858cb3-915c-552e-88a2-d205ed91ff94,CLASSIFIES
ac611c76-dfce-5cd4-8140-53db1784b15a,d425fb77-eb62-5229-8ff9-a9f5f41e345b,CLASSIFIES
e40b00d8-2a3c-5553-8012-0787a839b1ff,5d869bd8-ec0b-5787-8e75-11e752337b81,CLASSIFIES
8fba4cc0-0028-541f-8654-04329d3901fc,06dc2606-5c21-5904-84fa-722545accfd5,CLASSIFIES
b250b8b1-d0eb-5181-8d02-f503fb35332b,288dbacf-8bb3-5bbc-845c-0379a53cad01,CLASSIFIES
cda04647-0582-5ede-8f1e-40a9574dc79b,50860d7c-8ea9-58ba-849d-d852d5fb6106,CLASSIFIES
a1db5e66-e577-5c01-806c-1ca149304525,52fde547-f997-591d-8659-482550b28c5b,CLASSIFIES
fbcc855b-d256-5715-879d-c0c33b68bd5e,893e83c9-1040-58b4-848c-925b8123ce23,CLASSIFIES
2142c4d8-bb10-5c8b-8277-181e870e2dc7,90d1e23b-6a35-5eba-8a22-e000764ecb9d,CLASSIFIES
80c89547-3c38-57f3-8e34-1a162a5070ca,5c1d4fe4-d8e4-5287-8ccc-fdd824bc0e9f,CLASSIFIES
331e28c5-542b-5557-81cb-db58963ae1dd,3c0c62f5-418b-5c9f-82d2-f7138fb1fccd,CLASSIFIES
f904ae55-8d28-5987-8bf4-fde373c2c66b,8e4ca57b-c824-589b-8feb-390fb814a543,CLASSIFIES
64f5d781-8988-5769-824d-57a902a006c2,e9aee337-33ae-5b2a-8b9c-984419807000,CLASSIFIES
2ed3ef68-666b-5738-876f-5ad0fbdd4628,7fb5eb8a-7048-5fe4-8e43-554eec88d6b2,CLASSIFIES
3a04a2c5-042e-5d52-8579-02b848688a91,8b4ec4de-cadf-5d7a-8b8f-a6794127d4b8,CLASSIFIES
a11e753b-5720-519d-81ce-e3f2ec2fde09,fb7eac6c-5cfb-539d-8ec8-7e73ebe66806,CLASSIFIES
add354b6-3508-5f57-809a-35a3b38acbce,a5e26c58-96f7-5160-8163-51cc2981ba5b,CLASSIFIES
30e92bb5-b5bb-5fde-8466-b876dee52c0a,b2f05f63-7c90-5e3a-84f8-330e87fe11c9,CLASSIFIES
b5895c8f-e5ad-5726-876f-a887e6f9182c,96351bde-183b-5731-8410-349c7e55682b,CLASSIFIES
adb5ff84-c834-5422-8cef-0e55cb06fc86,4913c786-e859-50a3-821a-19fe8b54eedd,CLASSIFIES
37919479-19cc-5818-8421-8d97f4ba23cd,9d488c50-8d0e-588f-81e9-3a41c036919a,CLASSIFIES
33daa23d-6310-55c3-8f94-6c602f941d34,d3e18839-6b08-52f2-8173-5786abc7d3be,CLASSIFIES
2a2ca526-9b94-5d87-887e-bceaec51c0eb,fac6c181-3612-5487-8286-998f8d8622f5,CLASSIFIES
24415295-11ba-54cc-87bf-a01ef763936f,a02e2d70-e4a6-5d1b-8832-39e2d0cd9ee1,CLASSIFIES
e8089b7d-3581-5815-8204-e27f4440f02a,5b94b779-ed2b-596e-8590-8b3a2bd7f54c,CLASSIFIES
d8cff1d9-cec2-52fb-8ee1-5d9afe28f06a,d59f0aee-374e-5195-8979-fcf5f5ff799c,CLASSIFIES
6b72843f-cd91-5feb-804c-ffab464d514d,9c0cdf95-44b8-5e1d-8be7-04e5fa3a640b,CLASSIFIES
eda1584c-87a6-55a3-8f8e-a30f24969b48,2126de4a-42e7-517f-87a6-6764f9a75ae7,CLASSIFIES
35e8f580-7a76-5314-8e7d-3e3f2bfddd3a,26468307-531b-53a8-8e82-ffbd066be8fe,CLASSIFIES
4fedac1f-32e1-5773-8da1-a1a2132d301c,d498427d-9116-544c-8376-9bd909c772ae,CLASSIFIES
b90405dc-d363-5e3e-8222-d0615d91cad8,37ec61d2-3853-5d70-8b46-430ec61312f3,CLASSIFIES
6afa2369-59f8-5714-86fb-fdd4d7bb2891,40fc32e4-5f4b-5b78-8123-65bf34bb9b1c,CLASSIFIES
c7f7607b-b005-5a15-864d-1238d54ae907,c4084993-b18e-56c9-86d1-08ef51b86bb1,CLASSIFIES
9299f5b3-d2df-54d5-8fb7-4d7ab5f03e90,63b535e0-51e4-57b0-855d-fd845aab69e3,CLASSIFIES
db22e81c-b10c-55cc-8863-83f2f5996a4e,99acac7c-f4b9-5620-8159-de8743fad917,CLASSIFIES
e5b523ab-6ae0-520f-8547-8c3451239988,c79feb68-98bb-5c88-8d62-bdd906106c05,CLASSIFIES
154557c1-ee2c-5f86-8eb5-ca6aa02b9d66,3a235afd-367c-565c-8bcd-b7fde9cfc4c0,CLASSIFIES
fec63068-92f1-50b1-8d3c-c8a4d4ad12b6,2178472f-28b8-5002-87a1-4ff952d48e47,CLASSIFIES
9494e631-35ce-5e39-8119-b3603805ccd6,2b468df9-5805-506e-8365-cf7431c37377,CLASSIFIES
88cd3496-a5e1-5bad-8f93-d155c3b45c67,379af552-2543-5c49-81f2-52b33890644f,CLASSIFIES
186b697f-9f84-5052-8ea3-c47b389f414f,b2ed80e4-8463-51b0-89c5-7dc94b6f543f,CLASSIFIES
cc8cb096-66e1-5494-81d5-d74f96a8d8e3,8f43b445-bdde-50b7-8c79-bb660b8286e6,CLASSIFIES
c9f7dc30-0178-511a-84dd-5dd006857da5,280fd993-9b38-5a93-83cd-ba4b618a0c11,CLASSIFIES
f934314e-15b9-5c48-88b5-39d70196ccfd,142fd85a-55f1-54a6-8b35-f6dd175187b6,CLASSIFIES
814f9bb3-70d8-5ae9-8b33-00da8eab94c4,bfd07002-269d-5929-82c6-eefbf4a395fc,CLASSIFIES
e7f7dbcd-093b-5b70-8f32-13a68a76df3d,5fccc3ff-4af3-5c55-8f88-42fca4491e14,CLASSIFIES
856c616e-693a-5cc8-8d01-8b58867041dc,734cddb9-0dae-5b7f-8b03-bbb67353c796,CLASSIFIES
f6e111bb-3f24-5303-863c-6bbb615f5717,39e458e2-f57e-59a9-891c-254bfab95627,CLASSIFIES
69725b65-01a1-5fd9-8837-0234659c933c,cff6e148-cacc-5547-847d-384bf7250dd1,CLASSIFIES
0c7c2a15-fa41-583b-8146-82e00767c4b1,e5f305e0-a0bd-5823-84b2-366176e50f51,CLASSIFIES
d8f24886-7124-5fa0-8761-b74933e6408a,c39dc338-14a5-51a1-8566-0e6710dfcd70,CLASSIFIES
1d6ef0d3-3ee1-588a-8e8a-1f00fbc3f6b5,ed9a05bd-5ffc-572f-8e05-a39f486ae175,CLASSIFIES
0a9c84a4-d05a-5917-88c7-760ded8788e3,7d1fac41-710a-5329-81df-0e869fd539a9,CLASSIFIES
1a38ce12-af4f-5ab9-8650-d307648776e4,8c26905e-5f24-5f9a-834f-3f1d3889ae24,CLASSIFIES
5acaf837-38d8-538e-88bb-44bc351c9a6f,d11e1213-21b1-5db5-8f9e-10821c37ce6c,CLASSIFIES
ad579ad7-3f1d-5681-889e-ee8f3348de81,945953f1-7abb-5d78-8484-4cc3ea11d8bb,CLASSIFIES
679de0b4-ba4c-5881-8271-a7493def6438,587a1751-ac89-50ef-8310-dc50020bad7e,CLASSIFIES
d94f5f48-423d-5452-8292-d1436a53586e,d20a9a31-8ab1-5e64-8e76-f85b23e537ca,CLASSIFIES
0fda246f-9d96-59fd-8335-0a8c0b06dfc3,aea043c1-de73-5958-824e-1bbc5b2efbba,CLASSIFIES
11a473cd-05d2-560e-83aa-e9967b641ddd,583d4089-ccf0-55b8-8c3a-64c776ba1b6f,CLASSIFIES
be77a5b4-c1d0-5337-8dde-f408425fffdd,4b7638fe-5b9b-5331-8d4d-37aec85909c2,CLASSIFIES
cfc9539a-2ad3-56e2-804a-eb8bd2f02fb6,3b83c328-97f4-54de-8766-3732de525711,CLASSIFIES
cdffe5d9-fba5-5be5-8847-f8456a68a736,5c4072a6-a011-53cd-8e1f-2731fcef33ad,CLASSIFIES
5e9dc519-51af-5836-8fc4-d3364f32e560,7b492058-1e67-53da-8d82-e504b731af0b,CLASSIFIES
46ec596b-f3b4-5b60-88e7-fc9edb22b8a0,7ea4b282-57c5-55d4-83fe-1bd292bdf68e,CLASSIFIES
bad018e3-4b06-5902-8f1a-70a42c1da1c6,0342c289-208d-5db4-80b5-42b1538951ce,CLASSIFIES
139d6897-ff03-5ec6-8109-5a551cbf60ab,cb44b679-5e55-57b6-8279-8050f2e9d568,CLASSIFIES
9d5c6f5d-01d7-57ce-8c9b-e087a32efcf8,e9430732-1b5b-5acd-80b1-3d77bb1ea34f,CLASSIFIES
31afc2ba-7f36-5414-8b12-3e689e01b702,7e439850-7963-57c1-8d2f-319d34edcfc7,CLASSIFIES
cf77f51f-edb3-5c57-88a7-3d1021a1900e,2de4776d-2667-5452-85be-d8f6676371d4,CLASSIFIES
85f7401b-c415-589e-8248-e9008e363a6d,9d488c50-8d0e-588f-81e9-3a41c036919a,CLASSIFIES
664a878b-9bf7-5761-81dd-023696d3c42c,d3e18839-6b08-52f2-8173-5786abc7d3be,CLASSIFIES
8430f4f0-87af-59dd-89e3-56c9d1e3490d,fac6c181-3612-5487-8286-998f8d8622f5,CLASSIFIES
97726946-f389-55b3-8333-5e1074b7d35a,cb0f4547-eb3e-5bc2-8263-84ec0ccbf616,CLASSIFIES
629c9153-e24c-545d-8e04-58f1cbf81e3c,5df98555-d37d-536f-8870-48f11963d1c9,CLASSIFIES
e0d19899-53d2-5112-87ea-afe67c0d4023,7ab9d053-af83-5f75-859c-7247b67d548a,CLASSIFIES
fa907dde-9cf5-5d6c-85e5-b9c65610cdde,13381ba2-3e68-5734-8b1c-db475116d315,CLASSIFIES
e8188325-b8b3-5e98-834e-8c7c2ad156e7,5324b521-cb99-5e3c-8694-73cb646526ab,CLASSIFIES
3740a40a-8bd0-54fc-8680-6696ba614296,6bef509f-1bc1-599f-8bff-f15c5053b625,CLASSIFIES
322e828e-6c7e-56f8-86c9-d871738a90df,32df3177-fa85-5f20-8bea-a48820be2008,CLASSIFIES
7cfdf7dd-5760-5f34-8e48-ed64f7efa37d,212380bd-d72e-50f3-876d-0cb9097627e9,CLASSIFIES
a8f311a9-7c49-5079-8f31-8a167457a27c,ce63df8b-0912-5f20-8dd8-501f8f00839f,CLASSIFIES
a0ac1e73-cf28-534f-8978-b76e6effcbc4,defd03a9-79e2-5b83-82a2-5a9c7b30f961,CLASSIFIES
c0fbc352-2789-5b41-86f6-ac4c70a81056,e8e11a2e-1e04-584e-874a-e40d569122fd,CLASSIFIES
add2b7ab-743a-54bd-8553-73fbc0eba26f,66a607e6-7bec-5b0f-8baf-13bd9fe0f780,CLASSIFIES
6e4fe0fc-69fc-5348-815d-2c2df0d1eba6,12a0964f-8741-5f42-8be2-f001c417cb48,CLASSIFIES
cc76fb8d-b7ed-5a74-8259-cf67bf4f8af7,298f787a-e132-5f02-825b-8f747082b6c5,CLASSIFIES
dbcc8099-bca3-5de2-8e82-148600f00a4c,a7fbcedf-a670-56b2-8529-d99f8f1cb413,CLASSIFIES
2237f66a-d06b-5043-8bf5-bb2230146059,809d2969-2aff-592e-8e0a-bf0b5d1cb414,CLASSIFIES
be23b848-f2c0-575a-8b84-7d9d8ccc2f40,54d4e906-1319-5c51-8104-6f3591a4f706,CLASSIFIES
a33d196e-6e6e-5ed8-8676-4a38bd2cb7ce,ed731939-2bad-5b1e-85d6-0d90211458b5,CLASSIFIES
014d99dd-b1f3-531c-85d3-02b6b504c0d4,55175c55-51ed-5426-811b-137994e61308,CLASSIFIES
9deccfcb-1a20-56dd-877e-627fc7a5a908,bc09fd8c-f481-50c7-8b86-d0c7155a23eb,CLASSIFIES
31a6e2c4-15a5-5075-8563-02af42ec00f5,0302ce2d-f433-544c-8275-ab080d38626a,CLASSIFIES
e6b61dc4-3cc2-5552-8a1d-9b912e723bb0,8ba0051d-b529-52c3-88b6-2ecd8a9372e7,CLASSIFIES
5decb952-b553-57d6-88bd-2867bf1eb882,00e03f19-e626-59ed-887b-23ab75f015b8,CLASSIFIES
28fe4d49-2abc-511b-81ca-f927b7fa5280,eba4143b-8efe-51e7-8812-f7cabc16e08b,CLASSIFIES
a965809e-d1fe-5efc-815e-0f1a409eb2bc,5d8caefc-73a0-5a73-8148-819906e46356,CLASSIFIES
0443a6da-524f-5ec6-87b0-b9332d2b990f,fa4c101a-0191-55dd-810b-338962c271f0,CLASSIFIES
779c80f3-f357-5f1b-837c-d99057ab5555,8fd3a463-78f5-56b2-8167-0576d6c792dc,CLASSIFIES
f9f10d53-f474-5d01-840e-fddfee173ef4,f8b7240d-22cc-5e32-843a-071068796e0f,CLASSIFIES
333dbdf5-be81-56aa-8a14-a06769a7aa6d,c088b11c-f189-502a-889b-dd10da625ba2,CLASSIFIES
5b9cc46c-79fc-50a4-809d-33ce4dd12512,17abc457-4106-5a77-8509-7853725b4d72,CLASSIFIES
195cc89f-8e24-5e06-850a-ac7d4dff265a,db568880-09f8-5494-8b76-a642ba88e282,CLASSIFIES
f4805419-b679-556a-8c58-51b93b14540e,3d270424-16a4-5c0c-8b7f-40257f540991,CLASSIFIES
c267d604-6d7e-5f77-839e-c3f6928acd2b,44ce5767-d92d-5d3c-8daf-4e4603cfefa5,CLASSIFIES
a966e2d8-f8ce-516a-81d2-ea2929c730ba,32b2cf53-ca73-5611-84df-a4f3d36c765f,CLASSIFIES
9c76a897-1b43-5466-8999-f79c9373e40f,c6ce47d3-6f9b-5431-89c5-f7de2e8c9706,CLASSIFIES
f1d5dacd-570f-5e44-8026-f0657c665b69,930fbb6c-fc4f-57a8-86aa-05397383e8e6,CLASSIFIES
7c60e623-8729-576b-8634-462d7a40c06f,e35f2463-733c-57ce-8aa0-6ff2ee18eb5c,CLASSIFIES
056d7567-e55d-5073-81a5-2d84a8e36caf,4604cb5d-5d42-5403-84b4-be0ac3e419ed,CLASSIFIES
e976bf37-6a93-57da-87bd-633bb03a4c52,3212002d-4595-589d-8469-5d1f6641d82f,CLASSIFIES
fdcec0e5-83ba-567f-83de-5fed697b93a0,5f1d74e0-01b8-55a6-8e1a-7ade0bc4c3cc,CLASSIFIES
768fbbb8-bce4-5875-81e2-ddf61dbebd04,c5abcb87-a19d-52e1-894d-ccd7e643db66,CLASSIFIES
dd871976-f3e8-5393-8316-89059203073d,ccdedd9f-450c-5486-81c2-209fa590b516,CLASSIFIES
d2363421-29bf-5f1e-801d-0ab46946f14c,ed4578d1-fc82-5287-83de-8e6b91bc9ab9,CLASSIFIES
88973dbd-659e-5cad-8da3-3706074fc1dc,bdf0665b-dd03-5340-8ce1-c671c339a686,CLASSIFIES
db8c2a59-2bf9-5587-8bf2-7e3e9669c9da,2e78580d-c8b6-5af1-84b8-546b87ed37e4,CLASSIFIES
fe847206-4aab-5d63-8a4d-04708472b72a,93fee740-8c34-58ff-84ba-24f0ee8e6e8a,CLASSIFIES
fc4902ed-dc36-569a-8cca-7f7c7ef13b7b,391cfc19-b97f-5214-892f-726edad6bcaf,CLASSIFIES
1d8ae4ea-7831-5710-8283-3faef6b6f1d2,8927c389-d78f-5c6a-862d-89fe1746a19b,CLASSIFIES
1996a71e-e8b3-5d57-81ea-c8a4afc7ad2c,33beb1cd-31e8-5a2b-8960-341df644aca8,CLASSIFIES
ebe8c267-3c94-5048-83d6-65ba560c13f7,d429565c-731d-5ffc-8e23-b76915c38545,CLASSIFIES
250fea3d-cc99-594f-8f4d-f2a16385fefe,0bd576f3-1b0d-5569-81e3-1c8154777121,CLASSIFIES
4c32a581-8853-5d5d-8c58-3747c8623d79,5ec1b195-9bb0-5dbf-85bf-f7fcc8b15cc3,CLASSIFIES
07a7ea17-e5a1-562d-89d3-4710a77e434f,ffb94fee-5cc2-5268-87f2-c080529fa056,CLASSIFIES
5d1efcc8-aec8-5394-813c-d45b522154d4,06d9bf53-2974-5735-8c6d-5729776d034c,CLASSIFIES
295e3843-d028-5a0b-8da5-fd821806cdda,ae8cf2b4-b422-5de2-8b51-9f39a3e3a6c2,CLASSIFIES
bdf2c27c-e32f-5d2a-8994-7a6468c69d27,e5b6ea5c-2857-5d9a-81a4-31dae8bb9318,CLASSIFIES
e01248ef-2008-5eef-8a99-991e74cdc8b9,efce666f-78f9-520a-8d11-f4004d84acd3,CLASSIFIES
cd0778af-695b-537c-8065-1657f380c5a1,2410ef17-375a-5af8-89ce-2f11b104ee12,CLASSIFIES
13d2c7d2-5b82-5284-8b0b-dc50de508ccd,d0652963-68b3-5678-86b1-8c66f538dbb7,CLASSIFIES
bc79fa08-0d05-550c-8233-e602bc504bcd,3c08c7c7-5e44-531e-8175-86bf36f8632f,CLASSIFIES
d3908141-6597-5c46-803d-66e163080c6d,90ee2593-e57b-58cf-8216-4e3306af1ec7,CLASSIFIES
a383ebd5-bd5e-5399-8aee-3e2279495cc4,8cd316d1-b589-512b-8450-fcd6307cf2ae,CLASSIFIES
a399992b-0014-542f-8810-3533b2e6bd89,27fda8d4-0052-57f1-8c6a-77bd98b14d63,CLASSIFIES
95c8245d-4abf-57a6-8818-6eac11fe1e0a,4dd641b6-de3f-5dd4-87e3-5096a356356a,CLASSIFIES
a41e7b77-13fc-557f-8a6a-0198aa34b508,49af4ed3-3ea5-5828-87f0-1b64c6b8b27f,CLASSIFIES
a9c6e7d9-180e-5bcf-8191-c8989bc1bf36,5c97ce47-566e-58dd-8067-3af7c35492bb,CLASSIFIES
d6fcecad-864b-523d-8014-d719de17080e,80777e48-283b-50c0-812e-4d73eb1d48cb,CLASSIFIES
6412989e-5898-5eac-86e1-a9eb5ebff458,5548be8e-6ad5-5c50-8a57-da6dc51a957f,PART_OF
d541dd48-3d28-54fd-8740-18685e5bd6da,5548be8e-6ad5-5c50-8a57-da6dc51a957f,PART_OF
0cec4574-8b03-57cf-8cc8-4f38e7a036ed,5548be8e-6ad5-5c50-8a57-da6dc51a957f,PART_OF
7f2808c4-b0d6-52b8-8335-ec5c5b992bfe,5548be8e-6ad5-5c50-8a57-da6dc51a957f,PART_OF
af800e3b-cf23-5062-80ed-4db62fbcddae,5548be8e-6ad5-5c50-8a57-da6dc51a957f,PART_OF
61a255bd-31d1-5a5d-8ada-a9509deb3941,5548be8e-6ad5-5c50-8a57-da6dc51a957f,PART_OF
0c9f0d33-76e4-5a1f-82a7-469dc14573ab,5548be8e-6ad5-5c50-8a57-da6dc51a957f,PART_OF
2379481b-2810-51a3-8f18-9a8301a5937f,5548be8e-6ad5-5c50-8a57-da6dc51a957f,PART_OF
385f507e-00b6-5c44-8c99-36017e8d131b,5548be8e-6ad5-5c50-8a57-da6dc51a957f,PART_OF
78333595-aefb-555a-8cfd-78d45ecb5c27,77300150-7444-5700-82b3-e484293cbdb3,PART_OF
8a0fc67a-5187-5c84-8c16-ce38295bf3c4,77300150-7444-5700-82b3-e484293cbdb3,PART_OF
33f6d27b-eafe-5c15-8e74-7ad5207a70f3,77300150-7444-5700-82b3-e484293cbdb3,PART_OF
ef910cb3-cfd4-5334-8a3c-f51219c03ec9,77300150-7444-5700-82b3-e484293cbdb3,PART_OF
c1cd7670-b888-5760-83cc-ff5646c6107e,77300150-7444-5700-82b3-e484293cbdb3,PART_OF
b030a823-cd13-5b8b-85c9-b8102091d647,77300150-7444-5700-82b3-e484293cbdb3,PART_OF
5b9ffffb-ea8b-5efb-8281-56507aba33c1,77300150-7444-5700-82b3-e484293cbdb3,PART_OF
5cf0e3da-01cf-5077-8013-66cf780f4f21,77300150-7444-5700-82b3-e484293cbdb3,PART_OF
1077ff2a-bf19-58ae-81d7-0f91edb09ca4,278cb2a3-8c68-54c3-8140-777fbd200547,PART_OF
fc47ee80-4b96-5a7c-8fe8-e3bfe68ba2a6,278cb2a3-8c68-54c3-8140-777fbd200547,PART_OF
edca492d-4e6d-5424-8510-544cf994cf3f,278cb2a3-8c68-54c3-8140-777fbd200547,PART_OF
3a335a89-af34-5cf1-8178-4f8f23d72947,278cb2a3-8c68-54c3-8140-777fbd200547,PART_OF
4ee483fe-4513-55de-8978-783ad866158a,278cb2a3-8c68-54c3-8140-777fbd200547,PART_OF
010e49d6-1201-5731-8c1c-5f0dd279b558,278cb2a3-8c68-54c3-8140-777fbd200547,PART_OF
d1ec77de-8e57-5d13-8a93-85b1c87d6d83,278cb2a3-8c68-54c3-8140-777fbd200547,PART_OF
fd41fa81-9df2-5f3c-8ecd-225aa786a133,278cb2a3-8c68-54c3-8140-777fbd200547,PART_OF
8ccaf993-d57b-5dea-8879-bb6c1f2d5a84,278cb2a3-8c68-54c3-8140-777fbd200547,PART_OF
afc4ee22-991c-56e7-8ecf-75b9499954b1,278cb2a3-8c68-54c3-8140-777fbd200547,PART_OF
51b00fae-7dfa-54e4-829b-f83a17720e87,278cb2a3-8c68-54c3-8140-777fbd200547,PART_OF
1e67c1e0-a30c-51f2-8240-f16173a5727b,3f9df042-e89e-5429-873d-b26355396e4f,PART_OF
ba7388c5-76f7-5dbe-85dc-64bacb103c1e,3f9df042-e89e-5429-873d-b26355396e4f,PART_OF
956c7929-a250-53a5-8674-3756f0078e83,3f9df042-e89e-5429-873d-b26355396e4f,PART_OF
9ab0f81a-022d-58bb-8f5b-2c0591c169f0,3f9df042-e89e-5429-873d-b26355396e4f,PART_OF
8f040557-71d4-5c0e-80c0-a0ec3701d944,3f9df042-e89e-5429-873d-b26355396e4f,PART_OF
d9cb0f01-f6d7-5ca1-8738-a7a0f4883a59,3f9df042-e89e-5429-873d-b26355396e4f,PART_OF
2254af5f-2ee0-521f-8acd-f9ffcc5b34ac,3f9df042-e89e-5429-873d-b26355396e4f,PART_OF
714760a1-6c0d-57a0-8eec-7b72d7ffcaa4,495c1129-3980-5507-8bf0-f18dd3feaeae,PART_OF
419b635c-30ab-5dc0-8403-5ac262b95eba,495c1129-3980-5507-8bf0-f18dd3feaeae,PART_OF
ec64f42f-4632-52a5-8d76-b8fdcf96a580,495c1129-3980-5507-8bf0-f18dd3feaeae,PART_OF
2b0871ee-e20a-5374-82c8-6ff72e63008a,3f9df042-e89e-5429-873d-b26355396e4f,PART_OF
e06e53cc-6bc2-5abe-8d6c-eccc3d5cd86b,495c1129-3980-5507-8bf0-f18dd3feaeae,PART_OF
fb440f87-5381-5747-85a6-5116aabc6172,495c1129-3980-5507-8bf0-f18dd3feaeae,PART_OF
441c5baf-0045-5530-8e5a-76153cd12770,495c1129-3980-5507-8bf0-f18dd3feaeae,PART_OF
878b93f9-7146-5e51-8c95-217b93096eea,495c1129-3980-5507-8bf0-f18dd3feaeae,PART_OF
f9c88869-459e-59b6-8ba4-9e39f8a869d2,495c1129-3980-5507-8bf0-f18dd3feaeae,PART_OF
f02caacb-5b66-5f15-89fb-7160992e6797,495c1129-3980-5507-8bf0-f18dd3feaeae,PART_OF
ae84c9da-5323-520b-8dec-a8736b3ec631,495c1129-3980-5507-8bf0-f18dd3feaeae,PART_OF
36412e96-025e-5822-8943-21626d8fb18e,495c1129-3980-5507-8bf0-f18dd3feaeae,PART_OF
06a5b018-b2fb-54b9-83cc-4e006245463a,495c1129-3980-5507-8bf0-f18dd3feaeae,PART_OF
0d32edc5-775d-5c06-87ca-493bf6d1d4e0,495c1129-3980-5507-8bf0-f18dd3feaeae,PART_OF
e5fecb2d-ab3a-5d5a-8369-efa6f9e8d9e7,495c1129-3980-5507-8bf0-f18dd3feaeae,PART_OF
e497c45f-a3e7-532d-863a-5219711883b1,495c1129-3980-5507-8bf0-f18dd3feaeae,PART_OF
17e95ba0-0c91-5edd-8004-162442b2c281,495c1129-3980-5507-8bf0-f18dd3feaeae,PART_OF
1d645cca-9e2c-5bd9-8667-38b42f99d906,495c1129-3980-5507-8bf0-f18dd3feaeae,PART_OF
a574668a-40b9-59dd-8d79-eedcdd6955e8,495c1129-3980-5507-8bf0-f18dd3feaeae,PART_OF
57bd740d-a86c-55d2-812d-627dc425bddd,495c1129-3980-5507-8bf0-f18dd3feaeae,PART_OF
3e68e09e-1e93-5175-8721-c902d86a4ab1,495c1129-3980-5507-8bf0-f18dd3feaeae,PART_OF
7b295ee1-ce06-572b-833f-579b62396644,f82e05d9-9613-572b-8a6a-0749c21f9cf5,PART_OF
23668fb2-0826-5b43-8168-bc969e26c57c,f82e05d9-9613-572b-8a6a-0749c21f9cf5,PART_OF
22e5912b-b584-5ca0-8d2d-4c9f929075d5,f82e05d9-9613-572b-8a6a-0749c21f9cf5,PART_OF
917ff8a2-3df6-5bbe-8c30-31cf7ad285f8,f82e05d9-9613-572b-8a6a-0749c21f9cf5,PART_OF
2295ec7a-8590-5520-8cec-4cd58689a6d9,f82e05d9-9613-572b-8a6a-0749c21f9cf5,PART_OF
1359bd8c-2fb3-5d4a-8a02-31b22a0c5535,d602cc67-2de8-56df-8599-ed4d64c153e2,PART_OF
18534bff-e306-5171-8f8d-546d71c36d82,d602cc67-2de8-56df-8599-ed4d64c153e2,PART_OF
f4b4ae63-2271-5f7b-859e-57738dd2e7c5,d602cc67-2de8-56df-8599-ed4d64c153e2,PART_OF
1fec9ed7-aadf-5e14-8eca-b84d5ada6c1d,d602cc67-2de8-56df-8599-ed4d64c153e2,PART_OF
b38776cc-0fb3-501e-8458-05209d36641f,d602cc67-2de8-56df-8599-ed4d64c153e2,PART_OF
2ae07590-f973-5bac-8245-a5a90bd9c869,d602cc67-2de8-56df-8599-ed4d64c153e2,PART_OF
fdf4fd1d-5304-5d13-8e5b-e4c323f50d1b,d602cc67-2de8-56df-8599-ed4d64c153e2,PART_OF
482b370d-44b1-51e4-882c-5cc79f8013ef,d602cc67-2de8-56df-8599-ed4d64c153e2,PART_OF
0b8e27b9-7769-567a-8d66-804c5e005ddd,d602cc67-2de8-56df-8599-ed4d64c153e2,PART_OF
f19f42de-90e4-5c39-851a-7967a984c946,d602cc67-2de8-56df-8599-ed4d64c153e2,PART_OF
0a7b8b68-020a-5326-8eaa-1ae3dd0dc3de,d602cc67-2de8-56df-8599-ed4d64c153e2,PART_OF
ce952f16-e4dd-5443-8d22-de3af7ae7bb1,d602cc67-2de8-56df-8599-ed4d64c153e2,PART_OF
3e20a33d-c9eb-57a7-8aab-59c255928310,d602cc67-2de8-56df-8599-ed4d64c153e2,PART_OF
062297fb-d5a3-5e1e-8cf8-253018f97f92,d602cc67-2de8-56df-8599-ed4d64c153e2,PART_OF
ddcc95c4-9d1a-58b4-82dc-63c367e36454,d602cc67-2de8-56df-8599-ed4d64c153e2,PART_OF
dbf215d1-f555-5297-8928-9f18920e6051,d602cc67-2de8-56df-8599-ed4d64c153e2,PART_OF
58e84d77-f855-5e65-897b-12b8e1e816cd,d602cc67-2de8-56df-8599-ed4d64c153e2,PART_OF
6d94e14c-f24b-5d94-80a9-832365ec0c5f,d602cc67-2de8-56df-8599-ed4d64c153e2,PART_OF
91e40de3-fdf7-5338-8034-e79ad1f761ba,d602cc67-2de8-56df-8599-ed4d64c153e2,PART_OF
1ad359ec-86ac-59e1-8358-9479af6631ab,81f1eb88-ee1b-59c9-83a8-b0a2d072727a,PART_OF
c510cfc0-8b38-549d-8408-50ee5be4258d,81f1eb88-ee1b-59c9-83a8-b0a2d072727a,PART_OF
bd531204-9876-5322-8d3a-2ef7b0217916,81f1eb88-ee1b-59c9-83a8-b0a2d072727a,PART_OF
4e75a61c-d00f-5dab-80c5-36b8e5334426,81f1eb88-ee1b-59c9-83a8-b0a2d072727a,PART_OF
fccaca24-a2a8-5ed6-8950-bfc0d24a4f6a,81f1eb88-ee1b-59c9-83a8-b0a2d072727a,PART_OF
83c7e2a9-b31b-5db9-8233-04dea716c7c5,81f1eb88-ee1b-59c9-83a8-b0a2d072727a,PART_OF
2992e2a0-a0f0-5803-8588-139c380d98e3,81f1eb88-ee1b-59c9-83a8-b0a2d072727a,PART_OF
1b8aa5ab-8627-5932-8d96-31f76f8586e6,81f1eb88-ee1b-59c9-83a8-b0a2d072727a,PART_OF
d813c1de-4a4d-5d5b-89c8-da7f8f71b12a,81f1eb88-ee1b-59c9-83a8-b0a2d072727a,PART_OF
0cf35549-5591-50f6-8904-47464444885b,a15eefa2-406c-5df3-8ccf-948fadb76995,PART_OF
c6d3f6d3-0ed7-5aa3-8ce4-929ae0d31260,a15eefa2-406c-5df3-8ccf-948fadb76995,PART_OF
a1a3da80-475e-5f74-8a37-3d03861d8fcd,a15eefa2-406c-5df3-8ccf-948fadb76995,PART_OF
ceb45b6a-bd05-5ef3-8abd-456eabf969d7,a15eefa2-406c-5df3-8ccf-948fadb76995,PART_OF
d29f0b89-464e-5092-85a4-baaf629899d3,a15eefa2-406c-5df3-8ccf-948fadb76995,PART_OF
7e14c31d-9b41-5726-8153-d3151fb47c2a,a15eefa2-406c-5df3-8ccf-948fadb76995,PART_OF
03c25549-7b2f-5e6e-857c-3fc6f54a9ba5,a15eefa2-406c-5df3-8ccf-948fadb76995,PART_OF
236eb4af-6499-54a8-8cce-8ff18ddf89e3,a15eefa2-406c-5df3-8ccf-948fadb76995,PART_OF
5dbd4c8e-0d40-57ee-8cca-a31d341ff790,a15eefa2-406c-5df3-8ccf-948fadb76995,PART_OF
6ee441b3-c84c-5518-8219-db54cad1e4fb,5dd5cbcf-638a-5d41-88dd-615c8869c7a4,PART_OF
a996b87a-b83e-5476-8458-3ce6a4e1a268,5dd5cbcf-638a-5d41-88dd-615c8869c7a4,PART_OF
dbd086d4-6dc6-589b-8fa2-7eb09f3b0c3c,5dd5cbcf-638a-5d41-88dd-615c8869c7a4,PART_OF
739c1d8b-905e-5fbf-885f-48891cdd09f0,5dd5cbcf-638a-5d41-88dd-615c8869c7a4,PART_OF
3c92bba1-8c3d-5a46-8678-1ded7dd48a2a,cd6cddb2-2464-536c-8399-668855406494,PART_OF
e2b8361e-791c-5486-8bea-836f84b808f3,cd6cddb2-2464-536c-8399-668855406494,PART_OF
05e8c457-3807-5f1a-8d44-9673a647cc52,cd6cddb2-2464-536c-8399-668855406494,PART_OF
2e43f674-969c-542a-80e5-cc54ca3d0971,cd6cddb2-2464-536c-8399-668855406494,PART_OF
13598806-a2b9-5e92-8ad1-9da58c00e025,cd6cddb2-2464-536c-8399-668855406494,PART_OF
c8a2c427-3207-5ca0-8ccc-9fcee292f2ac,cd6cddb2-2464-536c-8399-668855406494,PART_OF
ee5957b8-19aa-5dc1-8eb0-5c219b441e7a,cd6cddb2-2464-536c-8399-668855406494,PART_OF
0a8f1c5b-cf36-5362-8718-34482f346082,cd6cddb2-2464-536c-8399-668855406494,PART_OF
9451a7ea-7d7b-53a0-881a-0fd2f84135e3,cd6cddb2-2464-536c-8399-668855406494,PART_OF
03cd7b3b-d7b0-5620-8c3d-ef860490166e,cd6cddb2-2464-536c-8399-668855406494,PART_OF
8d5d8860-b377-57b2-8710-7d8d4c77c737,cd6cddb2-2464-536c-8399-668855406494,PART_OF
102628e2-db9c-56f1-8eb2-6cc4cc354cb5,cd6cddb2-2464-536c-8399-668855406494,PART_OF
1e5bf7d2-8909-5416-8a9f-2ea5999bd6e6,cd6cddb2-2464-536c-8399-668855406494,PART_OF
894ffca5-d718-5719-8715-11b09bf4586e,cd6cddb2-2464-536c-8399-668855406494,PART_OF
690b37af-f864-54b7-8ff3-c5253c5c4740,cd6cddb2-2464-536c-8399-668855406494,PART_OF
ce71245d-3755-5597-8ddc-371f7e8bf519,cd6cddb2-2464-536c-8399-668855406494,PART_OF
57eecdfc-4f91-5d08-8e10-2afdf275d54f,cd6cddb2-2464-536c-8399-668855406494,PART_OF
0285642e-679b-5876-87ba-77300e9ad45f,cd6cddb2-2464-536c-8399-668855406494,PART_OF
344967e0-1736-55ee-85cb-27b5e0a913f3,cd6cddb2-2464-536c-8399-668855406494,PART_OF
0f08ad22-e157-5f6f-8f27-4d6a2ef8dc3e,7327b7ac-6b36-5fde-8d63-3af11b792f76,PART_OF
3da44b94-751a-5c55-8a40-2334d66b3aae,7327b7ac-6b36-5fde-8d63-3af11b792f76,PART_OF
02cab85d-0837-53af-88bb-d2b156f70af0,7327b7ac-6b36-5fde-8d63-3af11b792f76,PART_OF
5af9f620-691a-5da9-88b8-55b04366bf7c,7327b7ac-6b36-5fde-8d63-3af11b792f76,PART_OF
801552d8-f2bd-5820-8878-abc5a3bc9864,627ff2d1-c112-5248-8eb5-144ec537c489,PART_OF
60d69568-0bd7-59da-8d84-5f7180d405b4,43ca0d84-bedd-53ad-88b7-774d2bd96907,PART_OF
b388c747-4596-54e9-87c9-06aabd9edc28,43ca0d84-bedd-53ad-88b7-774d2bd96907,PART_OF
1a04d3f6-6105-547f-8fe6-e93663a13c35,43ca0d84-bedd-53ad-88b7-774d2bd96907,PART_OF
ae1d9f05-b582-55ba-8431-0094b5daa6c0,43ca0d84-bedd-53ad-88b7-774d2bd96907,PART_OF
aa1c4bce-166f-5e97-8b4e-d3f8e3a7ef14,43ca0d84-bedd-53ad-88b7-774d2bd96907,PART_OF
a7cb4e8f-b7b1-5a7e-851e-c1df076ebf44,43ca0d84-bedd-53ad-88b7-774d2bd96907,PART_OF
8a2bd396-44d8-5248-824b-9968a2d9db17,a9fa909e-f3b0-5095-8064-abbad581a9a4,PART_OF
239d3b41-6837-57ab-830c-d0d4d85b5706,a9fa909e-f3b0-5095-8064-abbad581a9a4,PART_OF
1b20abbb-c262-5579-8ce5-b047fa45bfe1,a9fa909e-f3b0-5095-8064-abbad581a9a4,PART_OF
c21f9bcd-fab2-55f7-82bd-e26b4d3a62c7,a9fa909e-f3b0-5095-8064-abbad581a9a4,PART_OF
7df025b5-0999-518c-8214-cca55299f4ed,a9fa909e-f3b0-5095-8064-abbad581a9a4,PART_OF
acce7ea4-fb48-5b89-83c1-b0537f96d3b6,a9fa909e-f3b0-5095-8064-abbad581a9a4,PART_OF
9d7c2ad9-e32e-59a8-89a3-856bcaa15096,a9fa909e-f3b0-5095-8064-abbad581a9a4,PART_OF
915c0363-99db-50f1-8c90-6de9e4d11f1e,a9fa909e-f3b0-5095-8064-abbad581a9a4,PART_OF
34c68b61-d939-555e-89c3-b826e5e590de,a9fa909e-f3b0-5095-8064-abbad581a9a4,PART_OF
4d0bcc85-7b94-5cfc-8fc2-2b27df5f625a,97787481-3f6c-5e69-8826-d099171ababb,PART_OF
873f66e6-b6c3-57b7-8633-bf94dae428be,97787481-3f6c-5e69-8826-d099171ababb,PART_OF
ac611c76-dfce-5cd4-8140-53db1784b15a,97787481-3f6c-5e69-8826-d099171ababb,PART_OF
e40b00d8-2a3c-5553-8012-0787a839b1ff,97787481-3f6c-5e69-8826-d099171ababb,PART_OF
8fba4cc0-0028-541f-8654-04329d3901fc,97787481-3f6c-5e69-8826-d099171ababb,PART_OF
b250b8b1-d0eb-5181-8d02-f503fb35332b,97787481-3f6c-5e69-8826-d099171ababb,PART_OF
cda04647-0582-5ede-8f1e-40a9574dc79b,97787481-3f6c-5e69-8826-d099171ababb,PART_OF
a1db5e66-e577-5c01-806c-1ca149304525,97787481-3f6c-5e69-8826-d099171ababb,PART_OF
fbcc855b-d256-5715-879d-c0c33b68bd5e,97787481-3f6c-5e69-8826-d099171ababb,PART_OF
2142c4d8-bb10-5c8b-8277-181e870e2dc7,97787481-3f6c-5e69-8826-d099171ababb,PART_OF
80c89547-3c38-57f3-8e34-1a162a5070ca,97787481-3f6c-5e69-8826-d099171ababb,PART_OF
331e28c5-542b-5557-81cb-db58963ae1dd,d200934a-dba1-5b68-85e2-b7d739cfc66d,PART_OF
f904ae55-8d28-5987-8bf4-fde373c2c66b,d200934a-dba1-5b68-85e2-b7d739cfc66d,PART_OF
64f5d781-8988-5769-824d-57a902a006c2,d200934a-dba1-5b68-85e2-b7d739cfc66d,PART_OF
2ed3ef68-666b-5738-876f-5ad0fbdd4628,b762af55-eeb7-523c-8f5b-a120b5f3bfb3,PART_OF
3a04a2c5-042e-5d52-8579-02b848688a91,b762af55-eeb7-523c-8f5b-a120b5f3bfb3,PART_OF
a11e753b-5720-519d-81ce-e3f2ec2fde09,b762af55-eeb7-523c-8f5b-a120b5f3bfb3,PART_OF
add354b6-3508-5f57-809a-35a3b38acbce,b762af55-eeb7-523c-8f5b-a120b5f3bfb3,PART_OF
30e92bb5-b5bb-5fde-8466-b876dee52c0a,b762af55-eeb7-523c-8f5b-a120b5f3bfb3,PART_OF
b5895c8f-e5ad-5726-876f-a887e6f9182c,b762af55-eeb7-523c-8f5b-a120b5f3bfb3,PART_OF
adb5ff84-c834-5422-8cef-0e55cb06fc86,b762af55-eeb7-523c-8f5b-a120b5f3bfb3,PART_OF
24415295-11ba-54cc-87bf-a01ef763936f,d52eb2f1-aadf-5525-891e-dcf197eea60b,PART_OF
e8089b7d-3581-5815-8204-e27f4440f02a,d52eb2f1-aadf-5525-891e-dcf197eea60b,PART_OF
d8cff1d9-cec2-52fb-8ee1-5d9afe28f06a,d52eb2f1-aadf-5525-891e-dcf197eea60b,PART_OF
6b72843f-cd91-5feb-804c-ffab464d514d,d52eb2f1-aadf-5525-891e-dcf197eea60b,PART_OF
eda1584c-87a6-55a3-8f8e-a30f24969b48,d52eb2f1-aadf-5525-891e-dcf197eea60b,PART_OF
35e8f580-7a76-5314-8e7d-3e3f2bfddd3a,d52eb2f1-aadf-5525-891e-dcf197eea60b,PART_OF
4fedac1f-32e1-5773-8da1-a1a2132d301c,d52eb2f1-aadf-5525-891e-dcf197eea60b,PART_OF
b90405dc-d363-5e3e-8222-d0615d91cad8,d52eb2f1-aadf-5525-891e-dcf197eea60b,PART_OF
6afa2369-59f8-5714-86fb-fdd4d7bb2891,907ce2e8-8ad8-52f1-8d8c-62eadd1cd2e9,PART_OF
c7f7607b-b005-5a15-864d-1238d54ae907,907ce2e8-8ad8-52f1-8d8c-62eadd1cd2e9,PART_OF
9299f5b3-d2df-54d5-8fb7-4d7ab5f03e90,907ce2e8-8ad8-52f1-8d8c-62eadd1cd2e9,PART_OF
db22e81c-b10c-55cc-8863-83f2f5996a4e,907ce2e8-8ad8-52f1-8d8c-62eadd1cd2e9,PART_OF
e5b523ab-6ae0-520f-8547-8c3451239988,907ce2e8-8ad8-52f1-8d8c-62eadd1cd2e9,PART_OF
154557c1-ee2c-5f86-8eb5-ca6aa02b9d66,d666627e-e428-5370-8243-131d0972a5d6,PART_OF
fec63068-92f1-50b1-8d3c-c8a4d4ad12b6,d666627e-e428-5370-8243-131d0972a5d6,PART_OF
9494e631-35ce-5e39-8119-b3603805ccd6,d666627e-e428-5370-8243-131d0972a5d6,PART_OF
88cd3496-a5e1-5bad-8f93-d155c3b45c67,d666627e-e428-5370-8243-131d0972a5d6,PART_OF
186b697f-9f84-5052-8ea3-c47b389f414f,d666627e-e428-5370-8243-131d0972a5d6,PART_OF
cc8cb096-66e1-5494-81d5-d74f96a8d8e3,d666627e-e428-5370-8243-131d0972a5d6,PART_OF
c9f7dc30-0178-511a-84dd-5dd006857da5,d3d622e3-6bb4-57ec-8560-041e38b5eed5,PART_OF
f934314e-15b9-5c48-88b5-39d70196ccfd,d3d622e3-6bb4-57ec-8560-041e38b5eed5,PART_OF
814f9bb3-70d8-5ae9-8b33-00da8eab94c4,d3d622e3-6bb4-57ec-8560-041e38b5eed5,PART_OF
e7f7dbcd-093b-5b70-8f32-13a68a76df3d,d3d622e3-6bb4-57ec-8560-041e38b5eed5,PART_OF
856c616e-693a-5cc8-8d01-8b58867041dc,d3d622e3-6bb4-57ec-8560-041e38b5eed5,PART_OF
f6e111bb-3f24-5303-863c-6bbb615f5717,d3d622e3-6bb4-57ec-8560-041e38b5eed5,PART_OF
69725b65-01a1-5fd9-8837-0234659c933c,d3d622e3-6bb4-57ec-8560-041e38b5eed5,PART_OF
0c7c2a15-fa41-583b-8146-82e00767c4b1,d3d622e3-6bb4-57ec-8560-041e38b5eed5,PART_OF
d8f24886-7124-5fa0-8761-b74933e6408a,d14fd6b1-1178-5349-896a-2a8d225c6db5,PART_OF
1d6ef0d3-3ee1-588a-8e8a-1f00fbc3f6b5,d14fd6b1-1178-5349-896a-2a8d225c6db5,PART_OF
0a9c84a4-d05a-5917-88c7-760ded8788e3,d14fd6b1-1178-5349-896a-2a8d225c6db5,PART_OF
1a38ce12-af4f-5ab9-8650-d307648776e4,d14fd6b1-1178-5349-896a-2a8d225c6db5,PART_OF
5acaf837-38d8-538e-88bb-44bc351c9a6f,d14fd6b1-1178-5349-896a-2a8d225c6db5,PART_OF
ad579ad7-3f1d-5681-889e-ee8f3348de81,d14fd6b1-1178-5349-896a-2a8d225c6db5,PART_OF
679de0b4-ba4c-5881-8271-a7493def6438,d14fd6b1-1178-5349-896a-2a8d225c6db5,PART_OF
d94f5f48-423d-5452-8292-d1436a53586e,d14fd6b1-1178-5349-896a-2a8d225c6db5,PART_OF
0fda246f-9d96-59fd-8335-0a8c0b06dfc3,d14fd6b1-1178-5349-896a-2a8d225c6db5,PART_OF
11a473cd-05d2-560e-83aa-e9967b641ddd,d14fd6b1-1178-5349-896a-2a8d225c6db5,PART_OF
be77a5b4-c1d0-5337-8dde-f408425fffdd,b3533723-7e1f-5e1f-8c15-d897c68a52b9,PART_OF
cfc9539a-2ad3-56e2-804a-eb8bd2f02fb6,b3533723-7e1f-5e1f-8c15-d897c68a52b9,PART_OF
cdffe5d9-fba5-5be5-8847-f8456a68a736,b3533723-7e1f-5e1f-8c15-d897c68a52b9,PART_OF
5e9dc519-51af-5836-8fc4-d3364f32e560,b3533723-7e1f-5e1f-8c15-d897c68a52b9,PART_OF
46ec596b-f3b4-5b60-88e7-fc9edb22b8a0,b3533723-7e1f-5e1f-8c15-d897c68a52b9,PART_OF
bad018e3-4b06-5902-8f1a-70a42c1da1c6,50277e71-2b99-5995-816e-fcd876d28121,PART_OF
139d6897-ff03-5ec6-8109-5a551cbf60ab,7b0079b1-7f3e-5a27-8f2a-ee291dd3146b,PART_OF
9d5c6f5d-01d7-57ce-8c9b-e087a32efcf8,7b0079b1-7f3e-5a27-8f2a-ee291dd3146b,PART_OF
31afc2ba-7f36-5414-8b12-3e689e01b702,7b0079b1-7f3e-5a27-8f2a-ee291dd3146b,PART_OF
cf77f51f-edb3-5c57-88a7-3d1021a1900e,7b0079b1-7f3e-5a27-8f2a-ee291dd3146b,PART_OF
97726946-f389-55b3-8333-5e1074b7d35a,481a8836-6a93-5b69-8dc3-2bdc58c302b4,PART_OF
629c9153-e24c-545d-8e04-58f1cbf81e3c,481a8836-6a93-5b69-8dc3-2bdc58c302b4,PART_OF
e0d19899-53d2-5112-87ea-afe67c0d4023,481a8836-6a93-5b69-8dc3-2bdc58c302b4,PART_OF
fa907dde-9cf5-5d6c-85e5-b9c65610cdde,481a8836-6a93-5b69-8dc3-2bdc58c302b4,PART_OF
e8188325-b8b3-5e98-834e-8c7c2ad156e7,481a8836-6a93-5b69-8dc3-2bdc58c302b4,PART_OF
3740a40a-8bd0-54fc-8680-6696ba614296,481a8836-6a93-5b69-8dc3-2bdc58c302b4,PART_OF
322e828e-6c7e-56f8-86c9-d871738a90df,481a8836-6a93-5b69-8dc3-2bdc58c302b4,PART_OF
7cfdf7dd-5760-5f34-8e48-ed64f7efa37d,481a8836-6a93-5b69-8dc3-2bdc58c302b4,PART_OF
a8f311a9-7c49-5079-8f31-8a167457a27c,481a8836-6a93-5b69-8dc3-2bdc58c302b4,PART_OF
a0ac1e73-cf28-534f-8978-b76e6effcbc4,a9e70559-ff6a-5bce-8dd5-8e65c43c500f,PART_OF
c0fbc352-2789-5b41-86f6-ac4c70a81056,a9e70559-ff6a-5bce-8dd5-8e65c43c500f,PART_OF
add2b7ab-743a-54bd-8553-73fbc0eba26f,fb4bb50d-ab70-582c-89d9-52bf96e3a4ef,PART_OF
6e4fe0fc-69fc-5348-815d-2c2df0d1eba6,fb4bb50d-ab70-582c-89d9-52bf96e3a4ef,PART_OF
cc76fb8d-b7ed-5a74-8259-cf67bf4f8af7,fb4bb50d-ab70-582c-89d9-52bf96e3a4ef,PART_OF
dbcc8099-bca3-5de2-8e82-148600f00a4c,fb4bb50d-ab70-582c-89d9-52bf96e3a4ef,PART_OF
2237f66a-d06b-5043-8bf5-bb2230146059,fb4bb50d-ab70-582c-89d9-52bf96e3a4ef,PART_OF
be23b848-f2c0-575a-8b84-7d9d8ccc2f40,fb4bb50d-ab70-582c-89d9-52bf96e3a4ef,PART_OF
a33d196e-6e6e-5ed8-8676-4a38bd2cb7ce,4dfc6eb9-8b72-5a4a-8b4e-69f043f9c8ce,PART_OF
014d99dd-b1f3-531c-85d3-02b6b504c0d4,4dfc6eb9-8b72-5a4a-8b4e-69f043f9c8ce,PART_OF
9deccfcb-1a20-56dd-877e-627fc7a5a908,121700d2-2fb1-5de7-8a40-b2f485200856,PART_OF
31a6e2c4-15a5-5075-8563-02af42ec00f5,121700d2-2fb1-5de7-8a40-b2f485200856,PART_OF
e6b61dc4-3cc2-5552-8a1d-9b912e723bb0,121700d2-2fb1-5de7-8a40-b2f485200856,PART_OF
5decb952-b553-57d6-88bd-2867bf1eb882,121700d2-2fb1-5de7-8a40-b2f485200856,PART_OF
28fe4d49-2abc-511b-81ca-f927b7fa5280,121700d2-2fb1-5de7-8a40-b2f485200856,PART_OF
a965809e-d1fe-5efc-815e-0f1a409eb2bc,121700d2-2fb1-5de7-8a40-b2f485200856,PART_OF
0443a6da-524f-5ec6-87b0-b9332d2b990f,121700d2-2fb1-5de7-8a40-b2f485200856,PART_OF
779c80f3-f357-5f1b-837c-d99057ab5555,121700d2-2fb1-5de7-8a40-b2f485200856,PART_OF
f9f10d53-f474-5d01-840e-fddfee173ef4,121700d2-2fb1-5de7-8a40-b2f485200856,PART_OF
333dbdf5-be81-56aa-8a14-a06769a7aa6d,89992d7f-0dd9-514c-8ad3-088f6e690edf,PART_OF
5b9cc46c-79fc-50a4-809d-33ce4dd12512,02516b86-c3ca-5175-8ba4-f7d0c2c91a0d,PART_OF
195cc89f-8e24-5e06-850a-ac7d4dff265a,02516b86-c3ca-5175-8ba4-f7d0c2c91a0d,PART_OF
f4805419-b679-556a-8c58-51b93b14540e,e76bf59d-c17d-5e5a-8295-8ef15ef0082a,PART_OF
c267d604-6d7e-5f77-839e-c3f6928acd2b,e76bf59d-c17d-5e5a-8295-8ef15ef0082a,PART_OF
a966e2d8-f8ce-516a-81d2-ea2929c730ba,e76bf59d-c17d-5e5a-8295-8ef15ef0082a,PART_OF
9c76a897-1b43-5466-8999-f79c9373e40f,e76bf59d-c17d-5e5a-8295-8ef15ef0082a,PART_OF
f1d5dacd-570f-5e44-8026-f0657c665b69,e76bf59d-c17d-5e5a-8295-8ef15ef0082a,PART_OF
7c60e623-8729-576b-8634-462d7a40c06f,e76bf59d-c17d-5e5a-8295-8ef15ef0082a,PART_OF
056d7567-e55d-5073-81a5-2d84a8e36caf,e76bf59d-c17d-5e5a-8295-8ef15ef0082a,PART_OF
e976bf37-6a93-57da-87bd-633bb03a4c52,784a3e40-dfa2-5cdc-8e3e-954e3e1e332c,PART_OF
fdcec0e5-83ba-567f-83de-5fed697b93a0,784a3e40-dfa2-5cdc-8e3e-954e3e1e332c,PART_OF
768fbbb8-bce4-5875-81e2-ddf61dbebd04,069e0920-0ddc-5318-8b02-c5fddcb76241,PART_OF
dd871976-f3e8-5393-8316-89059203073d,069e0920-0ddc-5318-8b02-c5fddcb76241,PART_OF
d2363421-29bf-5f1e-801d-0ab46946f14c,069e0920-0ddc-5318-8b02-c5fddcb76241,PART_OF
88973dbd-659e-5cad-8da3-3706074fc1dc,069e0920-0ddc-5318-8b02-c5fddcb76241,PART_OF
db8c2a59-2bf9-5587-8bf2-7e3e9669c9da,069e0920-0ddc-5318-8b02-c5fddcb76241,PART_OF
fe847206-4aab-5d63-8a4d-04708472b72a,069e0920-0ddc-5318-8b02-c5fddcb76241,PART_OF
fc4902ed-dc36-569a-8cca-7f7c7ef13b7b,069e0920-0ddc-5318-8b02-c5fddcb76241,PART_OF
1d8ae4ea-7831-5710-8283-3faef6b6f1d2,069e0920-0ddc-5318-8b02-c5fddcb76241,PART_OF
1996a71e-e8b3-5d57-81ea-c8a4afc7ad2c,069e0920-0ddc-5318-8b02-c5fddcb76241,PART_OF
ebe8c267-3c94-5048-83d6-65ba560c13f7,069e0920-0ddc-5318-8b02-c5fddcb76241,PART_OF
250fea3d-cc99-594f-8f4d-f2a16385fefe,069e0920-0ddc-5318-8b02-c5fddcb76241,PART_OF
4c32a581-8853-5d5d-8c58-3747c8623d79,069e0920-0ddc-5318-8b02-c5fddcb76241,PART_OF
07a7ea17-e5a1-562d-89d3-4710a77e434f,069e0920-0ddc-5318-8b02-c5fddcb76241,PART_OF
5d1efcc8-aec8-5394-813c-d45b522154d4,069e0920-0ddc-5318-8b02-c5fddcb76241,PART_OF
295e3843-d028-5a0b-8da5-fd821806cdda,2493f9fa-e244-5371-8cc9-da4b9af40a0f,PART_OF
bdf2c27c-e32f-5d2a-8994-7a6468c69d27,2493f9fa-e244-5371-8cc9-da4b9af40a0f,PART_OF
e01248ef-2008-5eef-8a99-991e74cdc8b9,2493f9fa-e244-5371-8cc9-da4b9af40a0f,PART_OF
cd0778af-695b-537c-8065-1657f380c5a1,2493f9fa-e244-5371-8cc9-da4b9af40a0f,PART_OF
13d2c7d2-5b82-5284-8b0b-dc50de508ccd,2493f9fa-e244-5371-8cc9-da4b9af40a0f,PART_OF
bc79fa08-0d05-550c-8233-e602bc504bcd,2493f9fa-e244-5371-8cc9-da4b9af40a0f,PART_OF
d3908141-6597-5c46-803d-66e163080c6d,2493f9fa-e244-5371-8cc9-da4b9af40a0f,PART_OF
a383ebd5-bd5e-5399-8aee-3e2279495cc4,2493f9fa-e244-5371-8cc9-da4b9af40a0f,PART_OF
a399992b-0014-542f-8810-3533b2e6bd89,2493f9fa-e244-5371-8cc9-da4b9af40a0f,PART_OF
95c8245d-4abf-57a6-8818-6eac11fe1e0a,2493f9fa-e244-5371-8cc9-da4b9af40a0f,PART_OF
a41e7b77-13fc-557f-8a6a-0198aa34b508,2493f9fa-e244-5371-8cc9-da4b9af40a0f,PART_OF
a9c6e7d9-180e-5bcf-8191-c8989bc1bf36,2493f9fa-e244-5371-8cc9-da4b9af40a0f,PART_OF
d6fcecad-864b-523d-8014-d719de17080e,89992d7f-0dd9-514c-8ad3-088f6e690edf,PART_OF
8a12bbc8-bcf7-58d0-80a5-28065ed99400,129f221e-eb27-5c99-8450-d270bd1fe0cc,SOURCED_FROM
0e80ebdc-316c-5485-8972-a4bf40ba77a5,129f221e-eb27-5c99-8450-d270bd1fe0cc,SOURCED_FROM
b02f00b4-678b-5c53-867f-999cc391d8db,129f221e-eb27-5c99-8450-d270bd1fe0cc,SOURCED_FROM
7ce31542-fd0b-5274-8e39-d22016c07e27,129f221e-eb27-5c99-8450-d270bd1fe0cc,SOURCED_FROM
032c84e2-a1bf-570e-889d-b9ae03349909,129f221e-eb27-5c99-8450-d270bd1fe0cc,SOURCED_FROM
5548be8e-6ad5-5c50-8a57-da6dc51a957f,129f221e-eb27-5c99-8450-d270bd1fe0cc,SOURCED_FROM
6412989e-5898-5eac-86e1-a9eb5ebff458,129f221e-eb27-5c99-8450-d270bd1fe0cc,SOURCED_FROM
d541dd48-3d28-54fd-8740-18685e5bd6da,129f221e-eb27-5c99-8450-d270bd1fe0cc,SOURCED_FROM
0cec4574-8b03-57cf-8cc8-4f38e7a036ed,129f221e-eb27-5c99-8450-d270bd1fe0cc,SOURCED_FROM
7f2808c4-b0d6-52b8-8335-ec5c5b992bfe,129f221e-eb27-5c99-8450-d270bd1fe0cc,SOURCED_FROM
af800e3b-cf23-5062-80ed-4db62fbcddae,129f221e-eb27-5c99-8450-d270bd1fe0cc,SOURCED_FROM
61a255bd-31d1-5a5d-8ada-a9509deb3941,129f221e-eb27-5c99-8450-d270bd1fe0cc,SOURCED_FROM
0c9f0d33-76e4-5a1f-82a7-469dc14573ab,129f221e-eb27-5c99-8450-d270bd1fe0cc,SOURCED_FROM
2379481b-2810-51a3-8f18-9a8301a5937f,129f221e-eb27-5c99-8450-d270bd1fe0cc,SOURCED_FROM
385f507e-00b6-5c44-8c99-36017e8d131b,129f221e-eb27-5c99-8450-d270bd1fe0cc,SOURCED_FROM
77300150-7444-5700-82b3-e484293cbdb3,129f221e-eb27-5c99-8450-d270bd1fe0cc,SOURCED_FROM
78333595-aefb-555a-8cfd-78d45ecb5c27,129f221e-eb27-5c99-8450-d270bd1fe0cc,SOURCED_FROM
8a0fc67a-5187-5c84-8c16-ce38295bf3c4,129f221e-eb27-5c99-8450-d270bd1fe0cc,SOURCED_FROM
33f6d27b-eafe-5c15-8e74-7ad5207a70f3,129f221e-eb27-5c99-8450-d270bd1fe0cc,SOURCED_FROM
ef910cb3-cfd4-5334-8a3c-f51219c03ec9,129f221e-eb27-5c99-8450-d270bd1fe0cc,SOURCED_FROM
c1cd7670-b888-5760-83cc-ff5646c6107e,129f221e-eb27-5c99-8450-d270bd1fe0cc,SOURCED_FROM
b030a823-cd13-5b8b-85c9-b8102091d647,129f221e-eb27-5c99-8450-d270bd1fe0cc,SOURCED_FROM
5b9ffffb-ea8b-5efb-8281-56507aba33c1,129f221e-eb27-5c99-8450-d270bd1fe0cc,SOURCED_FROM
5cf0e3da-01cf-5077-8013-66cf780f4f21,129f221e-eb27-5c99-8450-d270bd1fe0cc,SOURCED_FROM
54867204-8ce8-5f0c-81fb-515d4ea6a825,129f221e-eb27-5c99-8450-d270bd1fe0cc,SOURCED_FROM
1350fc6b-3d77-50f1-8deb-341a182dcb68,129f221e-eb27-5c99-8450-d270bd1fe0cc,SOURCED_FROM
a6ccc197-7e57-551e-8ee0-d5b65bb8771b,129f221e-eb27-5c99-8450-d270bd1fe0cc,SOURCED_FROM
ca694c69-0dee-5f2e-846e-eebe6232701b,129f221e-eb27-5c99-8450-d270bd1fe0cc,SOURCED_FROM
278cb2a3-8c68-54c3-8140-777fbd200547,129f221e-eb27-5c99-8450-d270bd1fe0cc,SOURCED_FROM
1077ff2a-bf19-58ae-81d7-0f91edb09ca4,129f221e-eb27-5c99-8450-d270bd1fe0cc,SOURCED_FROM
fc47ee80-4b96-5a7c-8fe8-e3bfe68ba2a6,129f221e-eb27-5c99-8450-d270bd1fe0cc,SOURCED_FROM
edca492d-4e6d-5424-8510-544cf994cf3f,129f221e-eb27-5c99-8450-d270bd1fe0cc,SOURCED_FROM
3a335a89-af34-5cf1-8178-4f8f23d72947,129f221e-eb27-5c99-8450-d270bd1fe0cc,SOURCED_FROM
4ee483fe-4513-55de-8978-783ad866158a,129f221e-eb27-5c99-8450-d270bd1fe0cc,SOURCED_FROM
010e49d6-1201-5731-8c1c-5f0dd279b558,129f221e-eb27-5c99-8450-d270bd1fe0cc,SOURCED_FROM
d1ec77de-8e57-5d13-8a93-85b1c87d6d83,129f221e-eb27-5c99-8450-d270bd1fe0cc,SOURCED_FROM
fd41fa81-9df2-5f3c-8ecd-225aa786a133,129f221e-eb27-5c99-8450-d270bd1fe0cc,SOURCED_FROM
8ccaf993-d57b-5dea-8879-bb6c1f2d5a84,129f221e-eb27-5c99-8450-d270bd1fe0cc,SOURCED_FROM
afc4ee22-991c-56e7-8ecf-75b9499954b1,129f221e-eb27-5c99-8450-d270bd1fe0cc,SOURCED_FROM
51b00fae-7dfa-54e4-829b-f83a17720e87,129f221e-eb27-5c99-8450-d270bd1fe0cc,SOURCED_FROM
3f9df042-e89e-5429-873d-b26355396e4f,129f221e-eb27-5c99-8450-d270bd1fe0cc,SOURCED_FROM
1e67c1e0-a30c-51f2-8240-f16173a5727b,129f221e-eb27-5c99-8450-d270bd1fe0cc,SOURCED_FROM
ba7388c5-76f7-5dbe-85dc-64bacb103c1e,129f221e-eb27-5c99-8450-d270bd1fe0cc,SOURCED_FROM
956c7929-a250-53a5-8674-3756f0078e83,129f221e-eb27-5c99-8450-d270bd1fe0cc,SOURCED_FROM
9ab0f81a-022d-58bb-8f5b-2c0591c169f0,129f221e-eb27-5c99-8450-d270bd1fe0cc,SOURCED_FROM
8f040557-71d4-5c0e-80c0-a0ec3701d944,129f221e-eb27-5c99-8450-d270bd1fe0cc,SOURCED_FROM
d9cb0f01-f6d7-5ca1-8738-a7a0f4883a59,129f221e-eb27-5c99-8450-d270bd1fe0cc,SOURCED_FROM
2254af5f-2ee0-521f-8acd-f9ffcc5b34ac,129f221e-eb27-5c99-8450-d270bd1fe0cc,SOURCED_FROM
495c1129-3980-5507-8bf0-f18dd3feaeae,129f221e-eb27-5c99-8450-d270bd1fe0cc,SOURCED_FROM
714760a1-6c0d-57a0-8eec-7b72d7ffcaa4,129f221e-eb27-5c99-8450-d270bd1fe0cc,SOURCED_FROM
419b635c-30ab-5dc0-8403-5ac262b95eba,129f221e-eb27-5c99-8450-d270bd1fe0cc,SOURCED_FROM
ec64f42f-4632-52a5-8d76-b8fdcf96a580,129f221e-eb27-5c99-8450-d270bd1fe0cc,SOURCED_FROM
2b0871ee-e20a-5374-82c8-6ff72e63008a,129f221e-eb27-5c99-8450-d270bd1fe0cc,SOURCED_FROM
e06e53cc-6bc2-5abe-8d6c-eccc3d5cd86b,129f221e-eb27-5c99-8450-d270bd1fe0cc,SOURCED_FROM
fb440f87-5381-5747-85a6-5116aabc6172,129f221e-eb27-5c99-8450-d270bd1fe0cc,SOURCED_FROM
441c5baf-0045-5530-8e5a-76153cd12770,129f221e-eb27-5c99-8450-d270bd1fe0cc,SOURCED_FROM
878b93f9-7146-5e51-8c95-217b93096eea,129f221e-eb27-5c99-8450-d270bd1fe0cc,SOURCED_FROM
f9c88869-459e-59b6-8ba4-9e39f8a869d2,129f221e-eb27-5c99-8450-d270bd1fe0cc,SOURCED_FROM
f02caacb-5b66-5f15-89fb-7160992e6797,129f221e-eb27-5c99-8450-d270bd1fe0cc,SOURCED_FROM
ae84c9da-5323-520b-8dec-a8736b3ec631,129f221e-eb27-5c99-8450-d270bd1fe0cc,SOURCED_FROM
36412e96-025e-5822-8943-21626d8fb18e,129f221e-eb27-5c99-8450-d270bd1fe0cc,SOURCED_FROM
06a5b018-b2fb-54b9-83cc-4e006245463a,129f221e-eb27-5c99-8450-d270bd1fe0cc,SOURCED_FROM
0d32edc5-775d-5c06-87ca-493bf6d1d4e0,129f221e-eb27-5c99-8450-d270bd1fe0cc,SOURCED_FROM
e5fecb2d-ab3a-5d5a-8369-efa6f9e8d9e7,129f221e-eb27-5c99-8450-d270bd1fe0cc,SOURCED_FROM
e497c45f-a3e7-532d-863a-5219711883b1,129f221e-eb27-5c99-8450-d270bd1fe0cc,SOURCED_FROM
17e95ba0-0c91-5edd-8004-162442b2c281,129f221e-eb27-5c99-8450-d270bd1fe0cc,SOURCED_FROM
1d645cca-9e2c-5bd9-8667-38b42f99d906,129f221e-eb27-5c99-8450-d270bd1fe0cc,SOURCED_FROM
a574668a-40b9-59dd-8d79-eedcdd6955e8,129f221e-eb27-5c99-8450-d270bd1fe0cc,SOURCED_FROM
57bd740d-a86c-55d2-812d-627dc425bddd,129f221e-eb27-5c99-8450-d270bd1fe0cc,SOURCED_FROM
3e68e09e-1e93-5175-8721-c902d86a4ab1,129f221e-eb27-5c99-8450-d270bd1fe0cc,SOURCED_FROM
46187f8a-2a36-502c-8728-a31915bbcf9c,129f221e-eb27-5c99-8450-d270bd1fe0cc,SOURCED_FROM
8403d2a7-a093-5fc7-849e-8db78cdc0b0e,129f221e-eb27-5c99-8450-d270bd1fe0cc,SOURCED_FROM
753ab4a9-ce4f-5462-8420-55c2c73543b9,129f221e-eb27-5c99-8450-d270bd1fe0cc,SOURCED_FROM
dd0959d1-8ae4-5887-814e-d2217e70bb62,129f221e-eb27-5c99-8450-d270bd1fe0cc,SOURCED_FROM
f82e05d9-9613-572b-8a6a-0749c21f9cf5,129f221e-eb27-5c99-8450-d270bd1fe0cc,SOURCED_FROM
7b295ee1-ce06-572b-833f-579b62396644,129f221e-eb27-5c99-8450-d270bd1fe0cc,SOURCED_FROM
23668fb2-0826-5b43-8168-bc969e26c57c,129f221e-eb27-5c99-8450-d270bd1fe0cc,SOURCED_FROM
22e5912b-b584-5ca0-8d2d-4c9f929075d5,129f221e-eb27-5c99-8450-d270bd1fe0cc,SOURCED_FROM
917ff8a2-3df6-5bbe-8c30-31cf7ad285f8,129f221e-eb27-5c99-8450-d270bd1fe0cc,SOURCED_FROM
2295ec7a-8590-5520-8cec-4cd58689a6d9,129f221e-eb27-5c99-8450-d270bd1fe0cc,SOURCED_FROM
d602cc67-2de8-56df-8599-ed4d64c153e2,129f221e-eb27-5c99-8450-d270bd1fe0cc,SOURCED_FROM
1359bd8c-2fb3-5d4a-8a02-31b22a0c5535,129f221e-eb27-5c99-8450-d270bd1fe0cc,SOURCED_FROM
18534bff-e306-5171-8f8d-546d71c36d82,129f221e-eb27-5c99-8450-d270bd1fe0cc,SOURCED_FROM
f4b4ae63-2271-5f7b-859e-57738dd2e7c5,129f221e-eb27-5c99-8450-d270bd1fe0cc,SOURCED_FROM
1fec9ed7-aadf-5e14-8eca-b84d5ada6c1d,129f221e-eb27-5c99-8450-d270bd1fe0cc,SOURCED_FROM
b38776cc-0fb3-501e-8458-05209d36641f,129f221e-eb27-5c99-8450-d270bd1fe0cc,SOURCED_FROM
2ae07590-f973-5bac-8245-a5a90bd9c869,129f221e-eb27-5c99-8450-d270bd1fe0cc,SOURCED_FROM
fdf4fd1d-5304-5d13-8e5b-e4c323f50d1b,129f221e-eb27-5c99-8450-d270bd1fe0cc,SOURCED_FROM
482b370d-44b1-51e4-882c-5cc79f8013ef,129f221e-eb27-5c99-8450-d270bd1fe0cc,SOURCED_FROM
0b8e27b9-7769-567a-8d66-804c5e005ddd,129f221e-eb27-5c99-8450-d270bd1fe0cc,SOURCED_FROM
f19f42de-90e4-5c39-851a-7967a984c946,129f221e-eb27-5c99-8450-d270bd1fe0cc,SOURCED_FROM
0a7b8b68-020a-5326-8eaa-1ae3dd0dc3de,129f221e-eb27-5c99-8450-d270bd1fe0cc,SOURCED_FROM
ce952f16-e4dd-5443-8d22-de3af7ae7bb1,129f221e-eb27-5c99-8450-d270bd1fe0cc,SOURCED_FROM
3e20a33d-c9eb-57a7-8aab-59c255928310,129f221e-eb27-5c99-8450-d270bd1fe0cc,SOURCED_FROM
062297fb-d5a3-5e1e-8cf8-253018f97f92,129f221e-eb27-5c99-8450-d270bd1fe0cc,SOURCED_FROM
ddcc95c4-9d1a-58b4-82dc-63c367e36454,129f221e-eb27-5c99-8450-d270bd1fe0cc,SOURCED_FROM
dbf215d1-f555-5297-8928-9f18920e6051,129f221e-eb27-5c99-8450-d270bd1fe0cc,SOURCED_FROM
58e84d77-f855-5e65-897b-12b8e1e816cd,129f221e-eb27-5c99-8450-d270bd1fe0cc,SOURCED_FROM
6d94e14c-f24b-5d94-80a9-832365ec0c5f,129f221e-eb27-5c99-8450-d270bd1fe0cc,SOURCED_FROM
91e40de3-fdf7-5338-8034-e79ad1f761ba,129f221e-eb27-5c99-8450-d270bd1fe0cc,SOURCED_FROM
81f1eb88-ee1b-59c9-83a8-b0a2d072727a,129f221e-eb27-5c99-8450-d270bd1fe0cc,SOURCED_FROM
1ad359ec-86ac-59e1-8358-9479af6631ab,129f221e-eb27-5c99-8450-d270bd1fe0cc,SOURCED_FROM
c510cfc0-8b38-549d-8408-50ee5be4258d,129f221e-eb27-5c99-8450-d270bd1fe0cc,SOURCED_FROM
bd531204-9876-5322-8d3a-2ef7b0217916,129f221e-eb27-5c99-8450-d270bd1fe0cc,SOURCED_FROM
4e75a61c-d00f-5dab-80c5-36b8e5334426,129f221e-eb27-5c99-8450-d270bd1fe0cc,SOURCED_FROM
fccaca24-a2a8-5ed6-8950-bfc0d24a4f6a,129f221e-eb27-5c99-8450-d270bd1fe0cc,SOURCED_FROM
83c7e2a9-b31b-5db9-8233-04dea716c7c5,129f221e-eb27-5c99-8450-d270bd1fe0cc,SOURCED_FROM
2992e2a0-a0f0-5803-8588-139c380d98e3,129f221e-eb27-5c99-8450-d270bd1fe0cc,SOURCED_FROM
1b8aa5ab-8627-5932-8d96-31f76f8586e6,129f221e-eb27-5c99-8450-d270bd1fe0cc,SOURCED_FROM
d813c1de-4a4d-5d5b-89c8-da7f8f71b12a,129f221e-eb27-5c99-8450-d270bd1fe0cc,SOURCED_FROM
a15eefa2-406c-5df3-8ccf-948fadb76995,129f221e-eb27-5c99-8450-d270bd1fe0cc,SOURCED_FROM
0cf35549-5591-50f6-8904-47464444885b,129f221e-eb27-5c99-8450-d270bd1fe0cc,SOURCED_FROM
c6d3f6d3-0ed7-5aa3-8ce4-929ae0d31260,129f221e-eb27-5c99-8450-d270bd1fe0cc,SOURCED_FROM
a1a3da80-475e-5f74-8a37-3d03861d8fcd,129f221e-eb27-5c99-8450-d270bd1fe0cc,SOURCED_FROM
ceb45b6a-bd05-5ef3-8abd-456eabf969d7,129f221e-eb27-5c99-8450-d270bd1fe0cc,SOURCED_FROM
d29f0b89-464e-5092-85a4-baaf629899d3,129f221e-eb27-5c99-8450-d270bd1fe0cc,SOURCED_FROM
7e14c31d-9b41-5726-8153-d3151fb47c2a,129f221e-eb27-5c99-8450-d270bd1fe0cc,SOURCED_FROM
03c25549-7b2f-5e6e-857c-3fc6f54a9ba5,129f221e-eb27-5c99-8450-d270bd1fe0cc,SOURCED_FROM
236eb4af-6499-54a8-8cce-8ff18ddf89e3,129f221e-eb27-5c99-8450-d270bd1fe0cc,SOURCED_FROM
5dbd4c8e-0d40-57ee-8cca-a31d341ff790,129f221e-eb27-5c99-8450-d270bd1fe0cc,SOURCED_FROM
5dd5cbcf-638a-5d41-88dd-615c8869c7a4,129f221e-eb27-5c99-8450-d270bd1fe0cc,SOURCED_FROM
6ee441b3-c84c-5518-8219-db54cad1e4fb,129f221e-eb27-5c99-8450-d270bd1fe0cc,SOURCED_FROM
a996b87a-b83e-5476-8458-3ce6a4e1a268,129f221e-eb27-5c99-8450-d270bd1fe0cc,SOURCED_FROM
dbd086d4-6dc6-589b-8fa2-7eb09f3b0c3c,129f221e-eb27-5c99-8450-d270bd1fe0cc,SOURCED_FROM
739c1d8b-905e-5fbf-885f-48891cdd09f0,129f221e-eb27-5c99-8450-d270bd1fe0cc,SOURCED_FROM
7784bcef-2afa-5a8e-8f1b-f9edf852352e,129f221e-eb27-5c99-8450-d270bd1fe0cc,SOURCED_FROM
d13d6f3e-ccd7-5c8f-8fef-78c6f72d605a,129f221e-eb27-5c99-8450-d270bd1fe0cc,SOURCED_FROM
872af038-4959-5509-885c-1abd86005065,129f221e-eb27-5c99-8450-d270bd1fe0cc,SOURCED_FROM
bbf94233-1bb0-55e2-89de-66df73c9f5d0,129f221e-eb27-5c99-8450-d270bd1fe0cc,SOURCED_FROM
cd6cddb2-2464-536c-8399-668855406494,129f221e-eb27-5c99-8450-d270bd1fe0cc,SOURCED_FROM
3c92bba1-8c3d-5a46-8678-1ded7dd48a2a,129f221e-eb27-5c99-8450-d270bd1fe0cc,SOURCED_FROM
e2b8361e-791c-5486-8bea-836f84b808f3,129f221e-eb27-5c99-8450-d270bd1fe0cc,SOURCED_FROM
05e8c457-3807-5f1a-8d44-9673a647cc52,129f221e-eb27-5c99-8450-d270bd1fe0cc,SOURCED_FROM
2e43f674-969c-542a-80e5-cc54ca3d0971,129f221e-eb27-5c99-8450-d270bd1fe0cc,SOURCED_FROM
13598806-a2b9-5e92-8ad1-9da58c00e025,129f221e-eb27-5c99-8450-d270bd1fe0cc,SOURCED_FROM
c8a2c427-3207-5ca0-8ccc-9fcee292f2ac,129f221e-eb27-5c99-8450-d270bd1fe0cc,SOURCED_FROM
ee5957b8-19aa-5dc1-8eb0-5c219b441e7a,129f221e-eb27-5c99-8450-d270bd1fe0cc,SOURCED_FROM
0a8f1c5b-cf36-5362-8718-34482f346082,129f221e-eb27-5c99-8450-d270bd1fe0cc,SOURCED_FROM
9451a7ea-7d7b-53a0-881a-0fd2f84135e3,129f221e-eb27-5c99-8450-d270bd1fe0cc,SOURCED_FROM
03cd7b3b-d7b0-5620-8c3d-ef860490166e,129f221e-eb27-5c99-8450-d270bd1fe0cc,SOURCED_FROM
8d5d8860-b377-57b2-8710-7d8d4c77c737,129f221e-eb27-5c99-8450-d270bd1fe0cc,SOURCED_FROM
102628e2-db9c-56f1-8eb2-6cc4cc354cb5,129f221e-eb27-5c99-8450-d270bd1fe0cc,SOURCED_FROM
1e5bf7d2-8909-5416-8a9f-2ea5999bd6e6,129f221e-eb27-5c99-8450-d270bd1fe0cc,SOURCED_FROM
894ffca5-d718-5719-8715-11b09bf4586e,129f221e-eb27-5c99-8450-d270bd1fe0cc,SOURCED_FROM
690b37af-f864-54b7-8ff3-c5253c5c4740,129f221e-eb27-5c99-8450-d270bd1fe0cc,SOURCED_FROM
ce71245d-3755-5597-8ddc-371f7e8bf519,129f221e-eb27-5c99-8450-d270bd1fe0cc,SOURCED_FROM
57eecdfc-4f91-5d08-8e10-2afdf275d54f,129f221e-eb27-5c99-8450-d270bd1fe0cc,SOURCED_FROM
0285642e-679b-5876-87ba-77300e9ad45f,129f221e-eb27-5c99-8450-d270bd1fe0cc,SOURCED_FROM
344967e0-1736-55ee-85cb-27b5e0a913f3,129f221e-eb27-5c99-8450-d270bd1fe0cc,SOURCED_FROM
e6a27b8b-1c82-5119-80b5-91da28c878b0,129f221e-eb27-5c99-8450-d270bd1fe0cc,SOURCED_FROM
866f4434-594c-50c2-847b-20877b6df7d7,129f221e-eb27-5c99-8450-d270bd1fe0cc,SOURCED_FROM
9f8a1c95-2365-52ae-8023-f3443ef9b017,129f221e-eb27-5c99-8450-d270bd1fe0cc,SOURCED_FROM
84ed661d-0927-5b76-87dc-ebab9b0ea3cf,129f221e-eb27-5c99-8450-d270bd1fe0cc,SOURCED_FROM
7327b7ac-6b36-5fde-8d63-3af11b792f76,129f221e-eb27-5c99-8450-d270bd1fe0cc,SOURCED_FROM
0f08ad22-e157-5f6f-8f27-4d6a2ef8dc3e,129f221e-eb27-5c99-8450-d270bd1fe0cc,SOURCED_FROM
3da44b94-751a-5c55-8a40-2334d66b3aae,129f221e-eb27-5c99-8450-d270bd1fe0cc,SOURCED_FROM
02cab85d-0837-53af-88bb-d2b156f70af0,129f221e-eb27-5c99-8450-d270bd1fe0cc,SOURCED_FROM
5af9f620-691a-5da9-88b8-55b04366bf7c,129f221e-eb27-5c99-8450-d270bd1fe0cc,SOURCED_FROM
627ff2d1-c112-5248-8eb5-144ec537c489,129f221e-eb27-5c99-8450-d270bd1fe0cc,SOURCED_FROM
801552d8-f2bd-5820-8878-abc5a3bc9864,129f221e-eb27-5c99-8450-d270bd1fe0cc,SOURCED_FROM
43ca0d84-bedd-53ad-88b7-774d2bd96907,129f221e-eb27-5c99-8450-d270bd1fe0cc,SOURCED_FROM
60d69568-0bd7-59da-8d84-5f7180d405b4,129f221e-eb27-5c99-8450-d270bd1fe0cc,SOURCED_FROM
b388c747-4596-54e9-87c9-06aabd9edc28,129f221e-eb27-5c99-8450-d270bd1fe0cc,SOURCED_FROM
1a04d3f6-6105-547f-8fe6-e93663a13c35,129f221e-eb27-5c99-8450-d270bd1fe0cc,SOURCED_FROM
ae1d9f05-b582-55ba-8431-0094b5daa6c0,129f221e-eb27-5c99-8450-d270bd1fe0cc,SOURCED_FROM
aa1c4bce-166f-5e97-8b4e-d3f8e3a7ef14,129f221e-eb27-5c99-8450-d270bd1fe0cc,SOURCED_FROM
a7cb4e8f-b7b1-5a7e-851e-c1df076ebf44,129f221e-eb27-5c99-8450-d270bd1fe0cc,SOURCED_FROM
a9fa909e-f3b0-5095-8064-abbad581a9a4,129f221e-eb27-5c99-8450-d270bd1fe0cc,SOURCED_FROM
8a2bd396-44d8-5248-824b-9968a2d9db17,129f221e-eb27-5c99-8450-d270bd1fe0cc,SOURCED_FROM
239d3b41-6837-57ab-830c-d0d4d85b5706,129f221e-eb27-5c99-8450-d270bd1fe0cc,SOURCED_FROM
1b20abbb-c262-5579-8ce5-b047fa45bfe1,129f221e-eb27-5c99-8450-d270bd1fe0cc,SOURCED_FROM
c21f9bcd-fab2-55f7-82bd-e26b4d3a62c7,129f221e-eb27-5c99-8450-d270bd1fe0cc,SOURCED_FROM
7df025b5-0999-518c-8214-cca55299f4ed,129f221e-eb27-5c99-8450-d270bd1fe0cc,SOURCED_FROM
acce7ea4-fb48-5b89-83c1-b0537f96d3b6,129f221e-eb27-5c99-8450-d270bd1fe0cc,SOURCED_FROM
9d7c2ad9-e32e-59a8-89a3-856bcaa15096,129f221e-eb27-5c99-8450-d270bd1fe0cc,SOURCED_FROM
915c0363-99db-50f1-8c90-6de9e4d11f1e,129f221e-eb27-5c99-8450-d270bd1fe0cc,SOURCED_FROM
34c68b61-d939-555e-89c3-b826e5e590de,129f221e-eb27-5c99-8450-d270bd1fe0cc,SOURCED_FROM
97787481-3f6c-5e69-8826-d099171ababb,129f221e-eb27-5c99-8450-d270bd1fe0cc,SOURCED_FROM
4d0bcc85-7b94-5cfc-8fc2-2b27df5f625a,129f221e-eb27-5c99-8450-d270bd1fe0cc,SOURCED_FROM
873f66e6-b6c3-57b7-8633-bf94dae428be,129f221e-eb27-5c99-8450-d270bd1fe0cc,SOURCED_FROM
ac611c76-dfce-5cd4-8140-53db1784b15a,129f221e-eb27-5c99-8450-d270bd1fe0cc,SOURCED_FROM
e40b00d8-2a3c-5553-8012-0787a839b1ff,129f221e-eb27-5c99-8450-d270bd1fe0cc,SOURCED_FROM
8fba4cc0-0028-541f-8654-04329d3901fc,129f221e-eb27-5c99-8450-d270bd1fe0cc,SOURCED_FROM
b250b8b1-d0eb-5181-8d02-f503fb35332b,129f221e-eb27-5c99-8450-d270bd1fe0cc,SOURCED_FROM
cda04647-0582-5ede-8f1e-40a9574dc79b,129f221e-eb27-5c99-8450-d270bd1fe0cc,SOURCED_FROM
a1db5e66-e577-5c01-806c-1ca149304525,129f221e-eb27-5c99-8450-d270bd1fe0cc,SOURCED_FROM
fbcc855b-d256-5715-879d-c0c33b68bd5e,129f221e-eb27-5c99-8450-d270bd1fe0cc,SOURCED_FROM
2142c4d8-bb10-5c8b-8277-181e870e2dc7,129f221e-eb27-5c99-8450-d270bd1fe0cc,SOURCED_FROM
80c89547-3c38-57f3-8e34-1a162a5070ca,129f221e-eb27-5c99-8450-d270bd1fe0cc,SOURCED_FROM
d200934a-dba1-5b68-85e2-b7d739cfc66d,129f221e-eb27-5c99-8450-d270bd1fe0cc,SOURCED_FROM
331e28c5-542b-5557-81cb-db58963ae1dd,129f221e-eb27-5c99-8450-d270bd1fe0cc,SOURCED_FROM
f904ae55-8d28-5987-8bf4-fde373c2c66b,129f221e-eb27-5c99-8450-d270bd1fe0cc,SOURCED_FROM
64f5d781-8988-5769-824d-57a902a006c2,129f221e-eb27-5c99-8450-d270bd1fe0cc,SOURCED_FROM
b762af55-eeb7-523c-8f5b-a120b5f3bfb3,129f221e-eb27-5c99-8450-d270bd1fe0cc,SOURCED_FROM
2ed3ef68-666b-5738-876f-5ad0fbdd4628,129f221e-eb27-5c99-8450-d270bd1fe0cc,SOURCED_FROM
3a04a2c5-042e-5d52-8579-02b848688a91,129f221e-eb27-5c99-8450-d270bd1fe0cc,SOURCED_FROM
a11e753b-5720-519d-81ce-e3f2ec2fde09,129f221e-eb27-5c99-8450-d270bd1fe0cc,SOURCED_FROM
add354b6-3508-5f57-809a-35a3b38acbce,129f221e-eb27-5c99-8450-d270bd1fe0cc,SOURCED_FROM
30e92bb5-b5bb-5fde-8466-b876dee52c0a,129f221e-eb27-5c99-8450-d270bd1fe0cc,SOURCED_FROM
b5895c8f-e5ad-5726-876f-a887e6f9182c,129f221e-eb27-5c99-8450-d270bd1fe0cc,SOURCED_FROM
adb5ff84-c834-5422-8cef-0e55cb06fc86,129f221e-eb27-5c99-8450-d270bd1fe0cc,SOURCED_FROM
d93a9ece-c0f7-517a-819c-c67dae64d682,129f221e-eb27-5c99-8450-d270bd1fe0cc,SOURCED_FROM
37919479-19cc-5818-8421-8d97f4ba23cd,129f221e-eb27-5c99-8450-d270bd1fe0cc,SOURCED_FROM
33daa23d-6310-55c3-8f94-6c602f941d34,129f221e-eb27-5c99-8450-d270bd1fe0cc,SOURCED_FROM
2a2ca526-9b94-5d87-887e-bceaec51c0eb,129f221e-eb27-5c99-8450-d270bd1fe0cc,SOURCED_FROM
d52eb2f1-aadf-5525-891e-dcf197eea60b,129f221e-eb27-5c99-8450-d270bd1fe0cc,SOURCED_FROM
24415295-11ba-54cc-87bf-a01ef763936f,129f221e-eb27-5c99-8450-d270bd1fe0cc,SOURCED_FROM
e8089b7d-3581-5815-8204-e27f4440f02a,129f221e-eb27-5c99-8450-d270bd1fe0cc,SOURCED_FROM
d8cff1d9-cec2-52fb-8ee1-5d9afe28f06a,129f221e-eb27-5c99-8450-d270bd1fe0cc,SOURCED_FROM
6b72843f-cd91-5feb-804c-ffab464d514d,129f221e-eb27-5c99-8450-d270bd1fe0cc,SOURCED_FROM
eda1584c-87a6-55a3-8f8e-a30f24969b48,129f221e-eb27-5c99-8450-d270bd1fe0cc,SOURCED_FROM
35e8f580-7a76-5314-8e7d-3e3f2bfddd3a,129f221e-eb27-5c99-8450-d270bd1fe0cc,SOURCED_FROM
4fedac1f-32e1-5773-8da1-a1a2132d301c,129f221e-eb27-5c99-8450-d270bd1fe0cc,SOURCED_FROM
b90405dc-d363-5e3e-8222-d0615d91cad8,129f221e-eb27-5c99-8450-d270bd1fe0cc,SOURCED_FROM
907ce2e8-8ad8-52f1-8d8c-62eadd1cd2e9,129f221e-eb27-5c99-8450-d270bd1fe0cc,SOURCED_FROM
6afa2369-59f8-5714-86fb-fdd4d7bb2891,129f221e-eb27-5c99-8450-d270bd1fe0cc,SOURCED_FROM
c7f7607b-b005-5a15-864d-1238d54ae907,129f221e-eb27-5c99-8450-d270bd1fe0cc,SOURCED_FROM
9299f5b3-d2df-54d5-8fb7-4d7ab5f03e90,129f221e-eb27-5c99-8450-d270bd1fe0cc,SOURCED_FROM
db22e81c-b10c-55cc-8863-83f2f5996a4e,129f221e-eb27-5c99-8450-d270bd1fe0cc,SOURCED_FROM
e5b523ab-6ae0-520f-8547-8c3451239988,129f221e-eb27-5c99-8450-d270bd1fe0cc,SOURCED_FROM
d666627e-e428-5370-8243-131d0972a5d6,129f221e-eb27-5c99-8450-d270bd1fe0cc,SOURCED_FROM
154557c1-ee2c-5f86-8eb5-ca6aa02b9d66,129f221e-eb27-5c99-8450-d270bd1fe0cc,SOURCED_FROM
fec63068-92f1-50b1-8d3c-c8a4d4ad12b6,129f221e-eb27-5c99-8450-d270bd1fe0cc,SOURCED_FROM
9494e631-35ce-5e39-8119-b3603805ccd6,129f221e-eb27-5c99-8450-d270bd1fe0cc,SOURCED_FROM
88cd3496-a5e1-5bad-8f93-d155c3b45c67,129f221e-eb27-5c99-8450-d270bd1fe0cc,SOURCED_FROM
186b697f-9f84-5052-8ea3-c47b389f414f,129f221e-eb27-5c99-8450-d270bd1fe0cc,SOURCED_FROM
cc8cb096-66e1-5494-81d5-d74f96a8d8e3,129f221e-eb27-5c99-8450-d270bd1fe0cc,SOURCED_FROM
d3d622e3-6bb4-57ec-8560-041e38b5eed5,129f221e-eb27-5c99-8450-d270bd1fe0cc,SOURCED_FROM
c9f7dc30-0178-511a-84dd-5dd006857da5,129f221e-eb27-5c99-8450-d270bd1fe0cc,SOURCED_FROM
f934314e-15b9-5c48-88b5-39d70196ccfd,129f221e-eb27-5c99-8450-d270bd1fe0cc,SOURCED_FROM
814f9bb3-70d8-5ae9-8b33-00da8eab94c4,129f221e-eb27-5c99-8450-d270bd1fe0cc,SOURCED_FROM
e7f7dbcd-093b-5b70-8f32-13a68a76df3d,129f221e-eb27-5c99-8450-d270bd1fe0cc,SOURCED_FROM
856c616e-693a-5cc8-8d01-8b58867041dc,129f221e-eb27-5c99-8450-d270bd1fe0cc,SOURCED_FROM
f6e111bb-3f24-5303-863c-6bbb615f5717,129f221e-eb27-5c99-8450-d270bd1fe0cc,SOURCED_FROM
69725b65-01a1-5fd9-8837-0234659c933c,129f221e-eb27-5c99-8450-d270bd1fe0cc,SOURCED_FROM
0c7c2a15-fa41-583b-8146-82e00767c4b1,129f221e-eb27-5c99-8450-d270bd1fe0cc,SOURCED_FROM
d14fd6b1-1178-5349-896a-2a8d225c6db5,129f221e-eb27-5c99-8450-d270bd1fe0cc,SOURCED_FROM
d8f24886-7124-5fa0-8761-b74933e6408a,129f221e-eb27-5c99-8450-d270bd1fe0cc,SOURCED_FROM
1d6ef0d3-3ee1-588a-8e8a-1f00fbc3f6b5,129f221e-eb27-5c99-8450-d270bd1fe0cc,SOURCED_FROM
0a9c84a4-d05a-5917-88c7-760ded8788e3,129f221e-eb27-5c99-8450-d270bd1fe0cc,SOURCED_FROM
1a38ce12-af4f-5ab9-8650-d307648776e4,129f221e-eb27-5c99-8450-d270bd1fe0cc,SOURCED_FROM
5acaf837-38d8-538e-88bb-44bc351c9a6f,129f221e-eb27-5c99-8450-d270bd1fe0cc,SOURCED_FROM
ad579ad7-3f1d-5681-889e-ee8f3348de81,129f221e-eb27-5c99-8450-d270bd1fe0cc,SOURCED_FROM
679de0b4-ba4c-5881-8271-a7493def6438,129f221e-eb27-5c99-8450-d270bd1fe0cc,SOURCED_FROM
d94f5f48-423d-5452-8292-d1436a53586e,129f221e-eb27-5c99-8450-d270bd1fe0cc,SOURCED_FROM
0fda246f-9d96-59fd-8335-0a8c0b06dfc3,129f221e-eb27-5c99-8450-d270bd1fe0cc,SOURCED_FROM
11a473cd-05d2-560e-83aa-e9967b641ddd,129f221e-eb27-5c99-8450-d270bd1fe0cc,SOURCED_FROM
b3533723-7e1f-5e1f-8c15-d897c68a52b9,129f221e-eb27-5c99-8450-d270bd1fe0cc,SOURCED_FROM
be77a5b4-c1d0-5337-8dde-f408425fffdd,129f221e-eb27-5c99-8450-d270bd1fe0cc,SOURCED_FROM
cfc9539a-2ad3-56e2-804a-eb8bd2f02fb6,129f221e-eb27-5c99-8450-d270bd1fe0cc,SOURCED_FROM
cdffe5d9-fba5-5be5-8847-f8456a68a736,129f221e-eb27-5c99-8450-d270bd1fe0cc,SOURCED_FROM
5e9dc519-51af-5836-8fc4-d3364f32e560,129f221e-eb27-5c99-8450-d270bd1fe0cc,SOURCED_FROM
46ec596b-f3b4-5b60-88e7-fc9edb22b8a0,129f221e-eb27-5c99-8450-d270bd1fe0cc,SOURCED_FROM
50277e71-2b99-5995-816e-fcd876d28121,129f221e-eb27-5c99-8450-d270bd1fe0cc,SOURCED_FROM
bad018e3-4b06-5902-8f1a-70a42c1da1c6,129f221e-eb27-5c99-8450-d270bd1fe0cc,SOURCED_FROM
7b0079b1-7f3e-5a27-8f2a-ee291dd3146b,129f221e-eb27-5c99-8450-d270bd1fe0cc,SOURCED_FROM
139d6897-ff03-5ec6-8109-5a551cbf60ab,129f221e-eb27-5c99-8450-d270bd1fe0cc,SOURCED_FROM
9d5c6f5d-01d7-57ce-8c9b-e087a32efcf8,129f221e-eb27-5c99-8450-d270bd1fe0cc,SOURCED_FROM
31afc2ba-7f36-5414-8b12-3e689e01b702,129f221e-eb27-5c99-8450-d270bd1fe0cc,SOURCED_FROM
cf77f51f-edb3-5c57-88a7-3d1021a1900e,129f221e-eb27-5c99-8450-d270bd1fe0cc,SOURCED_FROM
6e8361c3-8333-5149-8d6d-82b28d68c637,129f221e-eb27-5c99-8450-d270bd1fe0cc,SOURCED_FROM
85f7401b-c415-589e-8248-e9008e363a6d,129f221e-eb27-5c99-8450-d270bd1fe0cc,SOURCED_FROM
664a878b-9bf7-5761-81dd-023696d3c42c,129f221e-eb27-5c99-8450-d270bd1fe0cc,SOURCED_FROM
8430f4f0-87af-59dd-89e3-56c9d1e3490d,129f221e-eb27-5c99-8450-d270bd1fe0cc,SOURCED_FROM
481a8836-6a93-5b69-8dc3-2bdc58c302b4,129f221e-eb27-5c99-8450-d270bd1fe0cc,SOURCED_FROM
97726946-f389-55b3-8333-5e1074b7d35a,129f221e-eb27-5c99-8450-d270bd1fe0cc,SOURCED_FROM
629c9153-e24c-545d-8e04-58f1cbf81e3c,129f221e-eb27-5c99-8450-d270bd1fe0cc,SOURCED_FROM
e0d19899-53d2-5112-87ea-afe67c0d4023,129f221e-eb27-5c99-8450-d270bd1fe0cc,SOURCED_FROM
fa907dde-9cf5-5d6c-85e5-b9c65610cdde,129f221e-eb27-5c99-8450-d270bd1fe0cc,SOURCED_FROM
e8188325-b8b3-5e98-834e-8c7c2ad156e7,129f221e-eb27-5c99-8450-d270bd1fe0cc,SOURCED_FROM
3740a40a-8bd0-54fc-8680-6696ba614296,129f221e-eb27-5c99-8450-d270bd1fe0cc,SOURCED_FROM
322e828e-6c7e-56f8-86c9-d871738a90df,129f221e-eb27-5c99-8450-d270bd1fe0cc,SOURCED_FROM
7cfdf7dd-5760-5f34-8e48-ed64f7efa37d,129f221e-eb27-5c99-8450-d270bd1fe0cc,SOURCED_FROM
a8f311a9-7c49-5079-8f31-8a167457a27c,129f221e-eb27-5c99-8450-d270bd1fe0cc,SOURCED_FROM
a9e70559-ff6a-5bce-8dd5-8e65c43c500f,129f221e-eb27-5c99-8450-d270bd1fe0cc,SOURCED_FROM
a0ac1e73-cf28-534f-8978-b76e6effcbc4,129f221e-eb27-5c99-8450-d270bd1fe0cc,SOURCED_FROM
c0fbc352-2789-5b41-86f6-ac4c70a81056,129f221e-eb27-5c99-8450-d270bd1fe0cc,SOURCED_FROM
fb4bb50d-ab70-582c-89d9-52bf96e3a4ef,129f221e-eb27-5c99-8450-d270bd1fe0cc,SOURCED_FROM
add2b7ab-743a-54bd-8553-73fbc0eba26f,129f221e-eb27-5c99-8450-d270bd1fe0cc,SOURCED_FROM
6e4fe0fc-69fc-5348-815d-2c2df0d1eba6,129f221e-eb27-5c99-8450-d270bd1fe0cc,SOURCED_FROM
cc76fb8d-b7ed-5a74-8259-cf67bf4f8af7,129f221e-eb27-5c99-8450-d270bd1fe0cc,SOURCED_FROM
dbcc8099-bca3-5de2-8e82-148600f00a4c,129f221e-eb27-5c99-8450-d270bd1fe0cc,SOURCED_FROM
2237f66a-d06b-5043-8bf5-bb2230146059,129f221e-eb27-5c99-8450-d270bd1fe0cc,SOURCED_FROM
be23b848-f2c0-575a-8b84-7d9d8ccc2f40,129f221e-eb27-5c99-8450-d270bd1fe0cc,SOURCED_FROM
4dfc6eb9-8b72-5a4a-8b4e-69f043f9c8ce,129f221e-eb27-5c99-8450-d270bd1fe0cc,SOURCED_FROM
a33d196e-6e6e-5ed8-8676-4a38bd2cb7ce,129f221e-eb27-5c99-8450-d270bd1fe0cc,SOURCED_FROM
014d99dd-b1f3-531c-85d3-02b6b504c0d4,129f221e-eb27-5c99-8450-d270bd1fe0cc,SOURCED_FROM
121700d2-2fb1-5de7-8a40-b2f485200856,129f221e-eb27-5c99-8450-d270bd1fe0cc,SOURCED_FROM
9deccfcb-1a20-56dd-877e-627fc7a5a908,129f221e-eb27-5c99-8450-d270bd1fe0cc,SOURCED_FROM
31a6e2c4-15a5-5075-8563-02af42ec00f5,129f221e-eb27-5c99-8450-d270bd1fe0cc,SOURCED_FROM
e6b61dc4-3cc2-5552-8a1d-9b912e723bb0,129f221e-eb27-5c99-8450-d270bd1fe0cc,SOURCED_FROM
5decb952-b553-57d6-88bd-2867bf1eb882,129f221e-eb27-5c99-8450-d270bd1fe0cc,SOURCED_FROM
28fe4d49-2abc-511b-81ca-f927b7fa5280,129f221e-eb27-5c99-8450-d270bd1fe0cc,SOURCED_FROM
a965809e-d1fe-5efc-815e-0f1a409eb2bc,129f221e-eb27-5c99-8450-d270bd1fe0cc,SOURCED_FROM
0443a6da-524f-5ec6-87b0-b9332d2b990f,129f221e-eb27-5c99-8450-d270bd1fe0cc,SOURCED_FROM
779c80f3-f357-5f1b-837c-d99057ab5555,129f221e-eb27-5c99-8450-d270bd1fe0cc,SOURCED_FROM
f9f10d53-f474-5d01-840e-fddfee173ef4,129f221e-eb27-5c99-8450-d270bd1fe0cc,SOURCED_FROM
89992d7f-0dd9-514c-8ad3-088f6e690edf,129f221e-eb27-5c99-8450-d270bd1fe0cc,SOURCED_FROM
333dbdf5-be81-56aa-8a14-a06769a7aa6d,129f221e-eb27-5c99-8450-d270bd1fe0cc,SOURCED_FROM
02516b86-c3ca-5175-8ba4-f7d0c2c91a0d,129f221e-eb27-5c99-8450-d270bd1fe0cc,SOURCED_FROM
5b9cc46c-79fc-50a4-809d-33ce4dd12512,129f221e-eb27-5c99-8450-d270bd1fe0cc,SOURCED_FROM
195cc89f-8e24-5e06-850a-ac7d4dff265a,129f221e-eb27-5c99-8450-d270bd1fe0cc,SOURCED_FROM
e76bf59d-c17d-5e5a-8295-8ef15ef0082a,129f221e-eb27-5c99-8450-d270bd1fe0cc,SOURCED_FROM
f4805419-b679-556a-8c58-51b93b14540e,129f221e-eb27-5c99-8450-d270bd1fe0cc,SOURCED_FROM
c267d604-6d7e-5f77-839e-c3f6928acd2b,129f221e-eb27-5c99-8450-d270bd1fe0cc,SOURCED_FROM
a966e2d8-f8ce-516a-81d2-ea2929c730ba,129f221e-eb27-5c99-8450-d270bd1fe0cc,SOURCED_FROM
9c76a897-1b43-5466-8999-f79c9373e40f,129f221e-eb27-5c99-8450-d270bd1fe0cc,SOURCED_FROM
f1d5dacd-570f-5e44-8026-f0657c665b69,129f221e-eb27-5c99-8450-d270bd1fe0cc,SOURCED_FROM
7c60e623-8729-576b-8634-462d7a40c06f,129f221e-eb27-5c99-8450-d270bd1fe0cc,SOURCED_FROM
056d7567-e55d-5073-81a5-2d84a8e36caf,129f221e-eb27-5c99-8450-d270bd1fe0cc,SOURCED_FROM
784a3e40-dfa2-5cdc-8e3e-954e3e1e332c,129f221e-eb27-5c99-8450-d270bd1fe0cc,SOURCED_FROM
e976bf37-6a93-57da-87bd-633bb03a4c52,129f221e-eb27-5c99-8450-d270bd1fe0cc,SOURCED_FROM
fdcec0e5-83ba-567f-83de-5fed697b93a0,129f221e-eb27-5c99-8450-d270bd1fe0cc,SOURCED_FROM
069e0920-0ddc-5318-8b02-c5fddcb76241,129f221e-eb27-5c99-8450-d270bd1fe0cc,SOURCED_FROM
768fbbb8-bce4-5875-81e2-ddf61dbebd04,129f221e-eb27-5c99-8450-d270bd1fe0cc,SOURCED_FROM
dd871976-f3e8-5393-8316-89059203073d,129f221e-eb27-5c99-8450-d270bd1fe0cc,SOURCED_FROM
d2363421-29bf-5f1e-801d-0ab46946f14c,129f221e-eb27-5c99-8450-d270bd1fe0cc,SOURCED_FROM
88973dbd-659e-5cad-8da3-3706074fc1dc,129f221e-eb27-5c99-8450-d270bd1fe0cc,SOURCED_FROM
db8c2a59-2bf9-5587-8bf2-7e3e9669c9da,129f221e-eb27-5c99-8450-d270bd1fe0cc,SOURCED_FROM
fe847206-4aab-5d63-8a4d-04708472b72a,129f221e-eb27-5c99-8450-d270bd1fe0cc,SOURCED_FROM
fc4902ed-dc36-569a-8cca-7f7c7ef13b7b,129f221e-eb27-5c99-8450-d270bd1fe0cc,SOURCED_FROM
1d8ae4ea-7831-5710-8283-3faef6b6f1d2,129f221e-eb27-5c99-8450-d270bd1fe0cc,SOURCED_FROM
1996a71e-e8b3-5d57-81ea-c8a4afc7ad2c,129f221e-eb27-5c99-8450-d270bd1fe0cc,SOURCED_FROM
ebe8c267-3c94-5048-83d6-65ba560c13f7,129f221e-eb27-5c99-8450-d270bd1fe0cc,SOURCED_FROM
250fea3d-cc99-594f-8f4d-f2a16385fefe,129f221e-eb27-5c99-8450-d270bd1fe0cc,SOURCED_FROM
4c32a581-8853-5d5d-8c58-3747c8623d79,129f221e-eb27-5c99-8450-d270bd1fe0cc,SOURCED_FROM
07a7ea17-e5a1-562d-89d3-4710a77e434f,129f221e-eb27-5c99-8450-d270bd1fe0cc,SOURCED_FROM
5d1efcc8-aec8-5394-813c-d45b522154d4,129f221e-eb27-5c99-8450-d270bd1fe0cc,SOURCED_FROM
2493f9fa-e244-5371-8cc9-da4b9af40a0f,129f221e-eb27-5c99-8450-d270bd1fe0cc,SOURCED_FROM
295e3843-d028-5a0b-8da5-fd821806cdda,129f221e-eb27-5c99-8450-d270bd1fe0cc,SOURCED_FROM
bdf2c27c-e32f-5d2a-8994-7a6468c69d27,129f221e-eb27-5c99-8450-d270bd1fe0cc,SOURCED_FROM
e01248ef-2008-5eef-8a99-991e74cdc8b9,129f221e-eb27-5c99-8450-d270bd1fe0cc,SOURCED_FROM
cd0778af-695b-537c-8065-1657f380c5a1,129f221e-eb27-5c99-8450-d270bd1fe0cc,SOURCED_FROM
13d2c7d2-5b82-5284-8b0b-dc50de508ccd,129f221e-eb27-5c99-8450-d270bd1fe0cc,SOURCED_FROM
bc79fa08-0d05-550c-8233-e602bc504bcd,129f221e-eb27-5c99-8450-d270bd1fe0cc,SOURCED_FROM
d3908141-6597-5c46-803d-66e163080c6d,129f221e-eb27-5c99-8450-d270bd1fe0cc,SOURCED_FROM
a383ebd5-bd5e-5399-8aee-3e2279495cc4,129f221e-eb27-5c99-8450-d270bd1fe0cc,SOURCED_FROM
a399992b-0014-542f-8810-3533b2e6bd89,129f221e-eb27-5c99-8450-d270bd1fe0cc,SOURCED_FROM
95c8245d-4abf-57a6-8818-6eac11fe1e0a,129f221e-eb27-5c99-8450-d270bd1fe0cc,SOURCED_FROM
a41e7b77-13fc-557f-8a6a-0198aa34b508,129f221e-eb27-5c99-8450-d270bd1fe0cc,SOURCED_FROM
a9c6e7d9-180e-5bcf-8191-c8989bc1bf36,129f221e-eb27-5c99-8450-d270bd1fe0cc,SOURCED_FROM
d6fcecad-864b-523d-8014-d719de17080e,129f221e-eb27-5c99-8450-d270bd1fe0cc,SOURCED_FROM
e4b71c37-d108-5f4a-8d24-392716f0f255,129f221e-eb27-5c99-8450-d270bd1fe0cc,SOURCED_FROM
9d488c50-8d0e-588f-81e9-3a41c036919a,129f221e-eb27-5c99-8450-d270bd1fe0cc,SOURCED_FROM
d3e18839-6b08-52f2-8173-5786abc7d3be,129f221e-eb27-5c99-8450-d270bd1fe0cc,SOURCED_FROM
fac6c181-3612-5487-8286-998f8d8622f5,129f221e-eb27-5c99-8450-d270bd1fe0cc,SOURCED_FROM
f6af6706-7ebe-5556-8d90-57d5530570fd,129f221e-eb27-5c99-8450-d270bd1fe0cc,SOURCED_FROM
db952c50-122b-576a-880f-085e1add6a75,129f221e-eb27-5c99-8450-d270bd1fe0cc,SOURCED_FROM
7001d0fa-30df-5cea-8619-8af63de050d8,129f221e-eb27-5c99-8450-d270bd1fe0cc,SOURCED_FROM
efce8a68-d307-5922-88ab-bce426b29890,129f221e-eb27-5c99-8450-d270bd1fe0cc,SOURCED_FROM
ae4c8fdf-b31b-5839-881e-30884d709f81,129f221e-eb27-5c99-8450-d270bd1fe0cc,SOURCED_FROM
6ec39b30-9d20-5080-8b82-a7a5801fc863,129f221e-eb27-5c99-8450-d270bd1fe0cc,SOURCED_FROM
6a3c6390-7fea-505c-86e4-e0657cb3310c,129f221e-eb27-5c99-8450-d270bd1fe0cc,SOURCED_FROM
5538d4b0-9859-5f65-8d21-05e8b40c6b95,129f221e-eb27-5c99-8450-d270bd1fe0cc,SOURCED_FROM
9c7e03f2-5bc9-54ec-87fe-19e1bc820f64,129f221e-eb27-5c99-8450-d270bd1fe0cc,SOURCED_FROM
a5dadf48-7dda-5380-8f2f-3c356d79282f,129f221e-eb27-5c99-8450-d270bd1fe0cc,SOURCED_FROM
e90b1742-04fe-5352-8553-67ca1d9bdd98,129f221e-eb27-5c99-8450-d270bd1fe0cc,SOURCED_FROM
38c0426a-cf03-5de8-8acf-1a3b5b65eacb,129f221e-eb27-5c99-8450-d270bd1fe0cc,SOURCED_FROM
6438c7c7-34d5-5d11-8924-c40984653e05,129f221e-eb27-5c99-8450-d270bd1fe0cc,SOURCED_FROM
5fca019b-e876-56db-8d2c-615c755693a3,129f221e-eb27-5c99-8450-d270bd1fe0cc,SOURCED_FROM
8bd6af06-8f99-57fb-8f63-2e64be8985c4,129f221e-eb27-5c99-8450-d270bd1fe0cc,SOURCED_FROM
18a79bbc-f8f6-5cdf-8401-9536ff7815c2,129f221e-eb27-5c99-8450-d270bd1fe0cc,SOURCED_FROM
b28078b3-3c65-5414-8683-52afe22e4f15,129f221e-eb27-5c99-8450-d270bd1fe0cc,SOURCED_FROM
1cba115f-e714-5b25-8b28-acba468fe56f,129f221e-eb27-5c99-8450-d270bd1fe0cc,SOURCED_FROM
884ccd9d-1236-5169-8178-558657a02d63,129f221e-eb27-5c99-8450-d270bd1fe0cc,SOURCED_FROM
f77eabcc-81c9-5efb-8925-fd9ef0fc80d0,129f221e-eb27-5c99-8450-d270bd1fe0cc,SOURCED_FROM
b4edfe26-403b-58bc-8c80-8207ecf74c98,129f221e-eb27-5c99-8450-d270bd1fe0cc,SOURCED_FROM
ee3492fb-d2d4-509e-8ce4-3ef31d2581b6,129f221e-eb27-5c99-8450-d270bd1fe0cc,SOURCED_FROM
72c976e6-1d49-5a00-8f58-6dee3cb29d16,129f221e-eb27-5c99-8450-d270bd1fe0cc,SOURCED_FROM
734ccadb-edb4-57bd-8e12-c2444c37df0a,129f221e-eb27-5c99-8450-d270bd1fe0cc,SOURCED_FROM
c8d51d77-2e04-5f47-8884-19e6732bb217,129f221e-eb27-5c99-8450-d270bd1fe0cc,SOURCED_FROM
9316627f-6dcf-5bbb-8042-7d85a161b465,129f221e-eb27-5c99-8450-d270bd1fe0cc,SOURCED_FROM
51557f65-be14-523e-898a-d1ab15113789,129f221e-eb27-5c99-8450-d270bd1fe0cc,SOURCED_FROM
59dc3f51-ade0-55de-81df-04be35889144,129f221e-eb27-5c99-8450-d270bd1fe0cc,SOURCED_FROM
106d444d-854f-51ba-8f84-6a83ce2a707e,129f221e-eb27-5c99-8450-d270bd1fe0cc,SOURCED_FROM
aa61964d-ba9a-56b5-8b74-6182930f23b7,129f221e-eb27-5c99-8450-d270bd1fe0cc,SOURCED_FROM
cb888f84-8589-5ff5-87b1-69155eb77c32,129f221e-eb27-5c99-8450-d270bd1fe0cc,SOURCED_FROM
0684e875-2b52-520b-847d-8933e5f39731,129f221e-eb27-5c99-8450-d270bd1fe0cc,SOURCED_FROM
60c54e7f-8f51-5858-8d2d-85e53fed8cb2,129f221e-eb27-5c99-8450-d270bd1fe0cc,SOURCED_FROM
476c0810-1e7b-5af9-8f8f-35bf2496963a,129f221e-eb27-5c99-8450-d270bd1fe0cc,SOURCED_FROM
57cd20a6-3a2f-541b-8a74-4458068d3810,129f221e-eb27-5c99-8450-d270bd1fe0cc,SOURCED_FROM
d1bd775a-7bb3-53e6-829c-3b945872093c,129f221e-eb27-5c99-8450-d270bd1fe0cc,SOURCED_FROM
202ffc56-09de-5614-8f76-589449fd03d7,129f221e-eb27-5c99-8450-d270bd1fe0cc,SOURCED_FROM
8e83c1b2-5e90-5d05-8897-22bd5b661a3a,129f221e-eb27-5c99-8450-d270bd1fe0cc,SOURCED_FROM
fea3d50b-3b05-5cfc-866b-28b628daa99b,129f221e-eb27-5c99-8450-d270bd1fe0cc,SOURCED_FROM
1a4ab864-2deb-5dcd-83cc-0421b387a84d,129f221e-eb27-5c99-8450-d270bd1fe0cc,SOURCED_FROM
d820d030-a4bc-50bb-8a7d-cda81147b657,129f221e-eb27-5c99-8450-d270bd1fe0cc,SOURCED_FROM
07c5ad14-eebe-59f1-8b96-2e5414e8ae9c,129f221e-eb27-5c99-8450-d270bd1fe0cc,SOURCED_FROM
a915d19d-b963-54f2-86a8-00ff84f49f0f,129f221e-eb27-5c99-8450-d270bd1fe0cc,SOURCED_FROM
927bc2a6-0b3e-5fff-8ef1-4f207df7ed1c,129f221e-eb27-5c99-8450-d270bd1fe0cc,SOURCED_FROM
3d45dfd5-ecb0-5886-8031-397cbfd77304,129f221e-eb27-5c99-8450-d270bd1fe0cc,SOURCED_FROM
f956024d-2d07-5a79-8732-71b83e9afdf5,129f221e-eb27-5c99-8450-d270bd1fe0cc,SOURCED_FROM
9e093736-e537-58d6-89db-499ba2662bd8,129f221e-eb27-5c99-8450-d270bd1fe0cc,SOURCED_FROM
db7961c6-7bd0-5c49-8f34-86c56c58b682,129f221e-eb27-5c99-8450-d270bd1fe0cc,SOURCED_FROM
3e94a0f5-9264-560f-8ec7-8dafc5db20b9,129f221e-eb27-5c99-8450-d270bd1fe0cc,SOURCED_FROM
86cc584c-b6ec-5584-87d3-147fbe91602e,129f221e-eb27-5c99-8450-d270bd1fe0cc,SOURCED_FROM
6d1fd06d-fde3-5465-8b73-63f90e9d4e57,129f221e-eb27-5c99-8450-d270bd1fe0cc,SOURCED_FROM
8cf9bd1c-d246-56fe-806e-815a6df5326e,129f221e-eb27-5c99-8450-d270bd1fe0cc,SOURCED_FROM
3d985a29-e65d-50c3-832a-001e55f78608,129f221e-eb27-5c99-8450-d270bd1fe0cc,SOURCED_FROM
d6e0abbd-46e0-5195-81d3-f1a0e9f67897,129f221e-eb27-5c99-8450-d270bd1fe0cc,SOURCED_FROM
c6cbe42b-d466-56fe-8c14-d09b9be83484,129f221e-eb27-5c99-8450-d270bd1fe0cc,SOURCED_FROM
94903539-7b1c-5b93-81e6-f33faf6c32df,129f221e-eb27-5c99-8450-d270bd1fe0cc,SOURCED_FROM
3374d9f7-1369-5ecb-8a96-f288f6077e2c,129f221e-eb27-5c99-8450-d270bd1fe0cc,SOURCED_FROM
93f25307-acf7-5456-8aa6-229c1fc20aec,129f221e-eb27-5c99-8450-d270bd1fe0cc,SOURCED_FROM
93ab09b8-c886-56ca-8cb8-96d95591376b,129f221e-eb27-5c99-8450-d270bd1fe0cc,SOURCED_FROM
8dbf8ce0-225d-5e7e-8bb8-b9f7be46f075,129f221e-eb27-5c99-8450-d270bd1fe0cc,SOURCED_FROM
57b599e6-7c76-550f-8902-ced40d53027c,129f221e-eb27-5c99-8450-d270bd1fe0cc,SOURCED_FROM
983a0e10-4ccd-5e7c-88f0-90cbd898018d,129f221e-eb27-5c99-8450-d270bd1fe0cc,SOURCED_FROM
0469e43b-9452-5ef3-89e5-88b056202ca6,129f221e-eb27-5c99-8450-d270bd1fe0cc,SOURCED_FROM
7b3c8483-f96e-5daa-84fa-ca94da5f03ff,129f221e-eb27-5c99-8450-d270bd1fe0cc,SOURCED_FROM
dd08e7f5-3943-5186-81b2-a9d144a95aab,129f221e-eb27-5c99-8450-d270bd1fe0cc,SOURCED_FROM
f8ffeff7-6b01-547b-8b29-8f48467637b0,129f221e-eb27-5c99-8450-d270bd1fe0cc,SOURCED_FROM
aa1e9a97-f295-5aa1-8416-bd02bc6c8191,129f221e-eb27-5c99-8450-d270bd1fe0cc,SOURCED_FROM
0f41b542-7c37-5b71-8701-f1776c803c7f,129f221e-eb27-5c99-8450-d270bd1fe0cc,SOURCED_FROM
3ec67841-92bb-5c42-86ee-914909e0fc4e,129f221e-eb27-5c99-8450-d270bd1fe0cc,SOURCED_FROM
a60daf86-5e68-5047-8815-6e0b133f31ae,129f221e-eb27-5c99-8450-d270bd1fe0cc,SOURCED_FROM
06a6b29c-bd99-50a0-8d14-b6fb7c576fc8,129f221e-eb27-5c99-8450-d270bd1fe0cc,SOURCED_FROM
2e84ce9e-364d-5d2a-8ed5-9c0b76b30a67,129f221e-eb27-5c99-8450-d270bd1fe0cc,SOURCED_FROM
a8e15837-3572-53d9-8f0f-74180ace6feb,129f221e-eb27-5c99-8450-d270bd1fe0cc,SOURCED_FROM
01125395-356f-5e29-8c8b-f4c2dc5e0b0c,129f221e-eb27-5c99-8450-d270bd1fe0cc,SOURCED_FROM
6ec64156-27c3-5c86-8cc2-da7bf7df0a75,129f221e-eb27-5c99-8450-d270bd1fe0cc,SOURCED_FROM
793efae8-4211-53cc-828a-4bf634de5dd3,129f221e-eb27-5c99-8450-d270bd1fe0cc,SOURCED_FROM
fedc74c0-146a-5c4e-8585-c81a70d79cce,129f221e-eb27-5c99-8450-d270bd1fe0cc,SOURCED_FROM
29051b97-331e-5e10-8c2b-e87ff4f3ce0c,129f221e-eb27-5c99-8450-d270bd1fe0cc,SOURCED_FROM
a60d3e98-8004-5c58-80f1-922a031b6a12,129f221e-eb27-5c99-8450-d270bd1fe0cc,SOURCED_FROM
d9d00daa-e62c-5c46-8dbc-825e1c7ab43b,129f221e-eb27-5c99-8450-d270bd1fe0cc,SOURCED_FROM
8abf1b1e-4ad2-5e08-8d61-ace41554b35c,129f221e-eb27-5c99-8450-d270bd1fe0cc,SOURCED_FROM
be473226-c290-5072-8295-93e3b74304b4,129f221e-eb27-5c99-8450-d270bd1fe0cc,SOURCED_FROM
9a7bb2c2-bfea-5f1b-870c-0926f40dfb2d,129f221e-eb27-5c99-8450-d270bd1fe0cc,SOURCED_FROM
2e3c0be6-eb0b-5b87-8345-7f29a7bd4577,129f221e-eb27-5c99-8450-d270bd1fe0cc,SOURCED_FROM
20345a01-d345-5c8f-86fe-9042c1277a55,129f221e-eb27-5c99-8450-d270bd1fe0cc,SOURCED_FROM
2e867e33-a626-57a6-89b0-9b75dea0cb37,129f221e-eb27-5c99-8450-d270bd1fe0cc,SOURCED_FROM
b5739121-4308-5bc1-8770-337e03c3979c,129f221e-eb27-5c99-8450-d270bd1fe0cc,SOURCED_FROM
dd09b1aa-bf48-51b8-8149-21291b82b56c,129f221e-eb27-5c99-8450-d270bd1fe0cc,SOURCED_FROM
a96d02c3-f309-5bc0-865f-47403c7ab5c8,129f221e-eb27-5c99-8450-d270bd1fe0cc,SOURCED_FROM
fbb0f046-82d8-5f44-80cf-2ef37c9049b5,129f221e-eb27-5c99-8450-d270bd1fe0cc,SOURCED_FROM
d4f00946-76fb-5790-8ec8-50ba62c238f5,129f221e-eb27-5c99-8450-d270bd1fe0cc,SOURCED_FROM
221e9e6c-6e19-5e15-8c6a-290238ded042,129f221e-eb27-5c99-8450-d270bd1fe0cc,SOURCED_FROM
1e96ae6f-6b1a-514b-85c2-22aa77b26b99,129f221e-eb27-5c99-8450-d270bd1fe0cc,SOURCED_FROM
a03c17a8-d6b4-56e6-8da0-76d79e98791a,129f221e-eb27-5c99-8450-d270bd1fe0cc,SOURCED_FROM
a3ea9e46-e882-5ba0-80e2-62ea167c5d2f,129f221e-eb27-5c99-8450-d270bd1fe0cc,SOURCED_FROM
2ba7d7f0-5dbf-54a5-8c93-b052dc2e0ed9,129f221e-eb27-5c99-8450-d270bd1fe0cc,SOURCED_FROM
7eb973db-1c1f-52d5-8cdc-4d941bfaf004,129f221e-eb27-5c99-8450-d270bd1fe0cc,SOURCED_FROM
0ea6ab8d-5a72-5aef-835e-64e662316c91,129f221e-eb27-5c99-8450-d270bd1fe0cc,SOURCED_FROM
5fe2433a-950a-5874-8e69-53818b9033f9,129f221e-eb27-5c99-8450-d270bd1fe0cc,SOURCED_FROM
6b0ccbc1-0d9b-5a63-8558-9c150220d74d,129f221e-eb27-5c99-8450-d270bd1fe0cc,SOURCED_FROM
a1da1042-8070-5e74-8926-53095ba7949b,129f221e-eb27-5c99-8450-d270bd1fe0cc,SOURCED_FROM
2cf56016-997c-5f68-8971-c1c3619f46cc,129f221e-eb27-5c99-8450-d270bd1fe0cc,SOURCED_FROM
dd2dbb73-34a8-5de7-8f47-ae19c4c82eb8,129f221e-eb27-5c99-8450-d270bd1fe0cc,SOURCED_FROM
64be3db9-d0b4-532e-8b3a-e06916bf9ae8,129f221e-eb27-5c99-8450-d270bd1fe0cc,SOURCED_FROM
cbbdc33d-5c3a-50d5-87b5-3521784127ed,129f221e-eb27-5c99-8450-d270bd1fe0cc,SOURCED_FROM
bca79c42-deb7-5315-8f0e-f252e4ac908b,129f221e-eb27-5c99-8450-d270bd1fe0cc,SOURCED_FROM
1e2fdfbd-a97c-5ed6-804f-5a285027eeb6,129f221e-eb27-5c99-8450-d270bd1fe0cc,SOURCED_FROM
6c29550e-7184-5605-8b54-e60312128b49,129f221e-eb27-5c99-8450-d270bd1fe0cc,SOURCED_FROM
8461ab9d-9447-5c3a-8c8f-19998fffb76d,129f221e-eb27-5c99-8450-d270bd1fe0cc,SOURCED_FROM
c5bf7ed2-1109-57be-8f42-b0eeed0318ec,129f221e-eb27-5c99-8450-d270bd1fe0cc,SOURCED_FROM
7e1f623f-9980-58fd-841e-8bd73c7d04c4,129f221e-eb27-5c99-8450-d270bd1fe0cc,SOURCED_FROM
a8668b7f-5e2e-5e9b-8db2-9f83471c94d8,129f221e-eb27-5c99-8450-d270bd1fe0cc,SOURCED_FROM
9daef895-8a5f-5eb8-8a32-2b74599284a8,129f221e-eb27-5c99-8450-d270bd1fe0cc,SOURCED_FROM
b1772861-dd4d-5a9d-8f14-d96c70dba054,129f221e-eb27-5c99-8450-d270bd1fe0cc,SOURCED_FROM
564a31a4-a43f-5189-890a-3c366b723dbe,129f221e-eb27-5c99-8450-d270bd1fe0cc,SOURCED_FROM
79063b85-29cc-5d4f-80c0-bd1dd005484f,129f221e-eb27-5c99-8450-d270bd1fe0cc,SOURCED_FROM
0ae3278b-ca6d-5d9f-89dc-3a27c83e8ca1,129f221e-eb27-5c99-8450-d270bd1fe0cc,SOURCED_FROM
adf0651a-bdad-5ae4-85ba-8b4ca469778f,129f221e-eb27-5c99-8450-d270bd1fe0cc,SOURCED_FROM
16522b36-0871-5963-8633-1fed1f886328,129f221e-eb27-5c99-8450-d270bd1fe0cc,SOURCED_FROM
2616e75b-91d2-5b13-8936-25657b9341b5,129f221e-eb27-5c99-8450-d270bd1fe0cc,SOURCED_FROM
94797f0e-367a-5452-885b-2f083191812a,129f221e-eb27-5c99-8450-d270bd1fe0cc,SOURCED_FROM
a69c7626-66b5-573d-8ddc-ac192b5fe1c4,129f221e-eb27-5c99-8450-d270bd1fe0cc,SOURCED_FROM
2abedb75-773a-504a-8746-9d85f6dba099,129f221e-eb27-5c99-8450-d270bd1fe0cc,SOURCED_FROM
3d7869a8-77d5-51c5-803b-bec16b16e420,129f221e-eb27-5c99-8450-d270bd1fe0cc,SOURCED_FROM
f47b21c4-5d35-5a95-8916-7f441f8726a5,129f221e-eb27-5c99-8450-d270bd1fe0cc,SOURCED_FROM
8596e5fd-35be-540f-8555-9db2a8a9f908,129f221e-eb27-5c99-8450-d270bd1fe0cc,SOURCED_FROM
891ddf51-5af0-5f5b-8686-0ca0d52fd2c1,129f221e-eb27-5c99-8450-d270bd1fe0cc,SOURCED_FROM
3bd84ea0-612f-5366-88bd-f6f33e896875,129f221e-eb27-5c99-8450-d270bd1fe0cc,SOURCED_FROM
ce780a77-769f-5c30-8968-ab60dbd459b8,129f221e-eb27-5c99-8450-d270bd1fe0cc,SOURCED_FROM
04611e1e-a63b-5d8c-8d55-5e203f54ea95,129f221e-eb27-5c99-8450-d270bd1fe0cc,SOURCED_FROM
556208a3-1df3-5a90-8cfc-2562946e0e6c,129f221e-eb27-5c99-8450-d270bd1fe0cc,SOURCED_FROM
8ffd387d-f774-5b4c-8848-2aa21b62a9bc,129f221e-eb27-5c99-8450-d270bd1fe0cc,SOURCED_FROM
883a45a0-864c-57fb-87be-b609136527c9,129f221e-eb27-5c99-8450-d270bd1fe0cc,SOURCED_FROM
9778d062-6adc-5b5e-887d-53f8956a929e,129f221e-eb27-5c99-8450-d270bd1fe0cc,SOURCED_FROM
807371b1-028f-54f6-8ca0-4f8e8cea3ee0,129f221e-eb27-5c99-8450-d270bd1fe0cc,SOURCED_FROM
a3c29b97-7991-5718-8530-aa7c3a15d516,129f221e-eb27-5c99-8450-d270bd1fe0cc,SOURCED_FROM
ace8d7c9-656f-5f8a-8906-a8f2ff790dcd,129f221e-eb27-5c99-8450-d270bd1fe0cc,SOURCED_FROM
c926d1f0-375a-559b-8b38-b0d8d7294057,129f221e-eb27-5c99-8450-d270bd1fe0cc,SOURCED_FROM
ce76c396-24a0-567c-8efe-90c8743b36c6,129f221e-eb27-5c99-8450-d270bd1fe0cc,SOURCED_FROM
3535978d-4a85-5f42-80d3-854e2f612c2c,129f221e-eb27-5c99-8450-d270bd1fe0cc,SOURCED_FROM
701f5782-141c-5870-8403-f4ba01d51f05,129f221e-eb27-5c99-8450-d270bd1fe0cc,SOURCED_FROM
2e710b8d-4d6a-57b1-83a4-f1d9050320ac,129f221e-eb27-5c99-8450-d270bd1fe0cc,SOURCED_FROM
2ccf607d-7ed2-56b3-81a8-a95d5fd3d1a3,129f221e-eb27-5c99-8450-d270bd1fe0cc,SOURCED_FROM
075f8d05-f787-5a51-8f8d-209130218758,129f221e-eb27-5c99-8450-d270bd1fe0cc,SOURCED_FROM
63858cb3-915c-552e-88a2-d205ed91ff94,129f221e-eb27-5c99-8450-d270bd1fe0cc,SOURCED_FROM
d425fb77-eb62-5229-8ff9-a9f5f41e345b,129f221e-eb27-5c99-8450-d270bd1fe0cc,SOURCED_FROM
5d869bd8-ec0b-5787-8e75-11e752337b81,129f221e-eb27-5c99-8450-d270bd1fe0cc,SOURCED_FROM
06dc2606-5c21-5904-84fa-722545accfd5,129f221e-eb27-5c99-8450-d270bd1fe0cc,SOURCED_FROM
288dbacf-8bb3-5bbc-845c-0379a53cad01,129f221e-eb27-5c99-8450-d270bd1fe0cc,SOURCED_FROM
50860d7c-8ea9-58ba-849d-d852d5fb6106,129f221e-eb27-5c99-8450-d270bd1fe0cc,SOURCED_FROM
52fde547-f997-591d-8659-482550b28c5b,129f221e-eb27-5c99-8450-d270bd1fe0cc,SOURCED_FROM
893e83c9-1040-58b4-848c-925b8123ce23,129f221e-eb27-5c99-8450-d270bd1fe0cc,SOURCED_FROM
90d1e23b-6a35-5eba-8a22-e000764ecb9d,129f221e-eb27-5c99-8450-d270bd1fe0cc,SOURCED_FROM
5c1d4fe4-d8e4-5287-8ccc-fdd824bc0e9f,129f221e-eb27-5c99-8450-d270bd1fe0cc,SOURCED_FROM
3c0c62f5-418b-5c9f-82d2-f7138fb1fccd,129f221e-eb27-5c99-8450-d270bd1fe0cc,SOURCED_FROM
8e4ca57b-c824-589b-8feb-390fb814a543,129f221e-eb27-5c99-8450-d270bd1fe0cc,SOURCED_FROM
e9aee337-33ae-5b2a-8b9c-984419807000,129f221e-eb27-5c99-8450-d270bd1fe0cc,SOURCED_FROM
7fb5eb8a-7048-5fe4-8e43-554eec88d6b2,129f221e-eb27-5c99-8450-d270bd1fe0cc,SOURCED_FROM
8b4ec4de-cadf-5d7a-8b8f-a6794127d4b8,129f221e-eb27-5c99-8450-d270bd1fe0cc,SOURCED_FROM
fb7eac6c-5cfb-539d-8ec8-7e73ebe66806,129f221e-eb27-5c99-8450-d270bd1fe0cc,SOURCED_FROM
a5e26c58-96f7-5160-8163-51cc2981ba5b,129f221e-eb27-5c99-8450-d270bd1fe0cc,SOURCED_FROM
b2f05f63-7c90-5e3a-84f8-330e87fe11c9,129f221e-eb27-5c99-8450-d270bd1fe0cc,SOURCED_FROM
96351bde-183b-5731-8410-349c7e55682b,129f221e-eb27-5c99-8450-d270bd1fe0cc,SOURCED_FROM
4913c786-e859-50a3-821a-19fe8b54eedd,129f221e-eb27-5c99-8450-d270bd1fe0cc,SOURCED_FROM
a02e2d70-e4a6-5d1b-8832-39e2d0cd9ee1,129f221e-eb27-5c99-8450-d270bd1fe0cc,SOURCED_FROM
5b94b779-ed2b-596e-8590-8b3a2bd7f54c,129f221e-eb27-5c99-8450-d270bd1fe0cc,SOURCED_FROM
d59f0aee-374e-5195-8979-fcf5f5ff799c,129f221e-eb27-5c99-8450-d270bd1fe0cc,SOURCED_FROM
9c0cdf95-44b8-5e1d-8be7-04e5fa3a640b,129f221e-eb27-5c99-8450-d270bd1fe0cc,SOURCED_FROM
2126de4a-42e7-517f-87a6-6764f9a75ae7,129f221e-eb27-5c99-8450-d270bd1fe0cc,SOURCED_FROM
26468307-531b-53a8-8e82-ffbd066be8fe,129f221e-eb27-5c99-8450-d270bd1fe0cc,SOURCED_FROM
d498427d-9116-544c-8376-9bd909c772ae,129f221e-eb27-5c99-8450-d270bd1fe0cc,SOURCED_FROM
37ec61d2-3853-5d70-8b46-430ec61312f3,129f221e-eb27-5c99-8450-d270bd1fe0cc,SOURCED_FROM
40fc32e4-5f4b-5b78-8123-65bf34bb9b1c,129f221e-eb27-5c99-8450-d270bd1fe0cc,SOURCED_FROM
c4084993-b18e-56c9-86d1-08ef51b86bb1,129f221e-eb27-5c99-8450-d270bd1fe0cc,SOURCED_FROM
63b535e0-51e4-57b0-855d-fd845aab69e3,129f221e-eb27-5c99-8450-d270bd1fe0cc,SOURCED_FROM
99acac7c-f4b9-5620-8159-de8743fad917,129f221e-eb27-5c99-8450-d270bd1fe0cc,SOURCED_FROM
c79feb68-98bb-5c88-8d62-bdd906106c05,129f221e-eb27-5c99-8450-d270bd1fe0cc,SOURCED_FROM
3a235afd-367c-565c-8bcd-b7fde9cfc4c0,129f221e-eb27-5c99-8450-d270bd1fe0cc,SOURCED_FROM
2178472f-28b8-5002-87a1-4ff952d48e47,129f221e-eb27-5c99-8450-d270bd1fe0cc,SOURCED_FROM
2b468df9-5805-506e-8365-cf7431c37377,129f221e-eb27-5c99-8450-d270bd1fe0cc,SOURCED_FROM
379af552-2543-5c49-81f2-52b33890644f,129f221e-eb27-5c99-8450-d270bd1fe0cc,SOURCED_FROM
b2ed80e4-8463-51b0-89c5-7dc94b6f543f,129f221e-eb27-5c99-8450-d270bd1fe0cc,SOURCED_FROM
8f43b445-bdde-50b7-8c79-bb660b8286e6,129f221e-eb27-5c99-8450-d270bd1fe0cc,SOURCED_FROM
280fd993-9b38-5a93-83cd-ba4b618a0c11,129f221e-eb27-5c99-8450-d270bd1fe0cc,SOURCED_FROM
142fd85a-55f1-54a6-8b35-f6dd175187b6,129f221e-eb27-5c99-8450-d270bd1fe0cc,SOURCED_FROM
bfd07002-269d-5929-82c6-eefbf4a395fc,129f221e-eb27-5c99-8450-d270bd1fe0cc,SOURCED_FROM
5fccc3ff-4af3-5c55-8f88-42fca4491e14,129f221e-eb27-5c99-8450-d270bd1fe0cc,SOURCED_FROM
734cddb9-0dae-5b7f-8b03-bbb67353c796,129f221e-eb27-5c99-8450-d270bd1fe0cc,SOURCED_FROM
39e458e2-f57e-59a9-891c-254bfab95627,129f221e-eb27-5c99-8450-d270bd1fe0cc,SOURCED_FROM
cff6e148-cacc-5547-847d-384bf7250dd1,129f221e-eb27-5c99-8450-d270bd1fe0cc,SOURCED_FROM
e5f305e0-a0bd-5823-84b2-366176e50f51,129f221e-eb27-5c99-8450-d270bd1fe0cc,SOURCED_FROM
c39dc338-14a5-51a1-8566-0e6710dfcd70,129f221e-eb27-5c99-8450-d270bd1fe0cc,SOURCED_FROM
ed9a05bd-5ffc-572f-8e05-a39f486ae175,129f221e-eb27-5c99-8450-d270bd1fe0cc,SOURCED_FROM
7d1fac41-710a-5329-81df-0e869fd539a9,129f221e-eb27-5c99-8450-d270bd1fe0cc,SOURCED_FROM
8c26905e-5f24-5f9a-834f-3f1d3889ae24,129f221e-eb27-5c99-8450-d270bd1fe0cc,SOURCED_FROM
d11e1213-21b1-5db5-8f9e-10821c37ce6c,129f221e-eb27-5c99-8450-d270bd1fe0cc,SOURCED_FROM
945953f1-7abb-5d78-8484-4cc3ea11d8bb,129f221e-eb27-5c99-8450-d270bd1fe0cc,SOURCED_FROM
587a1751-ac89-50ef-8310-dc50020bad7e,129f221e-eb27-5c99-8450-d270bd1fe0cc,SOURCED_FROM
d20a9a31-8ab1-5e64-8e76-f85b23e537ca,129f221e-eb27-5c99-8450-d270bd1fe0cc,SOURCED_FROM
aea043c1-de73-5958-824e-1bbc5b2efbba,129f221e-eb27-5c99-8450-d270bd1fe0cc,SOURCED_FROM
583d4089-ccf0-55b8-8c3a-64c776ba1b6f,129f221e-eb27-5c99-8450-d270bd1fe0cc,SOURCED_FROM
4b7638fe-5b9b-5331-8d4d-37aec85909c2,129f221e-eb27-5c99-8450-d270bd1fe0cc,SOURCED_FROM
3b83c328-97f4-54de-8766-3732de525711,129f221e-eb27-5c99-8450-d270bd1fe0cc,SOURCED_FROM
5c4072a6-a011-53cd-8e1f-2731fcef33ad,129f221e-eb27-5c99-8450-d270bd1fe0cc,SOURCED_FROM
7b492058-1e67-53da-8d82-e504b731af0b,129f221e-eb27-5c99-8450-d270bd1fe0cc,SOURCED_FROM
7ea4b282-57c5-55d4-83fe-1bd292bdf68e,129f221e-eb27-5c99-8450-d270bd1fe0cc,SOURCED_FROM
0342c289-208d-5db4-80b5-42b1538951ce,129f221e-eb27-5c99-8450-d270bd1fe0cc,SOURCED_FROM
cb44b679-5e55-57b6-8279-8050f2e9d568,129f221e-eb27-5c99-8450-d270bd1fe0cc,SOURCED_FROM
e9430732-1b5b-5acd-80b1-3d77bb1ea34f,129f221e-eb27-5c99-8450-d270bd1fe0cc,SOURCED_FROM
7e439850-7963-57c1-8d2f-319d34edcfc7,129f221e-eb27-5c99-8450-d270bd1fe0cc,SOURCED_FROM
2de4776d-2667-5452-85be-d8f6676371d4,129f221e-eb27-5c99-8450-d270bd1fe0cc,SOURCED_FROM
cb0f4547-eb3e-5bc2-8263-84ec0ccbf616,129f221e-eb27-5c99-8450-d270bd1fe0cc,SOURCED_FROM
5df98555-d37d-536f-8870-48f11963d1c9,129f221e-eb27-5c99-8450-d270bd1fe0cc,SOURCED_FROM
7ab9d053-af83-5f75-859c-7247b67d548a,129f221e-eb27-5c99-8450-d270bd1fe0cc,SOURCED_FROM
13381ba2-3e68-5734-8b1c-db475116d315,129f221e-eb27-5c99-8450-d270bd1fe0cc,SOURCED_FROM
5324b521-cb99-5e3c-8694-73cb646526ab,129f221e-eb27-5c99-8450-d270bd1fe0cc,SOURCED_FROM
6bef509f-1bc1-599f-8bff-f15c5053b625,129f221e-eb27-5c99-8450-d270bd1fe0cc,SOURCED_FROM
32df3177-fa85-5f20-8bea-a48820be2008,129f221e-eb27-5c99-8450-d270bd1fe0cc,SOURCED_FROM
212380bd-d72e-50f3-876d-0cb9097627e9,129f221e-eb27-5c99-8450-d270bd1fe0cc,SOURCED_FROM
ce63df8b-0912-5f20-8dd8-501f8f00839f,129f221e-eb27-5c99-8450-d270bd1fe0cc,SOURCED_FROM
defd03a9-79e2-5b83-82a2-5a9c7b30f961,129f221e-eb27-5c99-8450-d270bd1fe0cc,SOURCED_FROM
e8e11a2e-1e04-584e-874a-e40d569122fd,129f221e-eb27-5c99-8450-d270bd1fe0cc,SOURCED_FROM
66a607e6-7bec-5b0f-8baf-13bd9fe0f780,129f221e-eb27-5c99-8450-d270bd1fe0cc,SOURCED_FROM
12a0964f-8741-5f42-8be2-f001c417cb48,129f221e-eb27-5c99-8450-d270bd1fe0cc,SOURCED_FROM
298f787a-e132-5f02-825b-8f747082b6c5,129f221e-eb27-5c99-8450-d270bd1fe0cc,SOURCED_FROM
a7fbcedf-a670-56b2-8529-d99f8f1cb413,129f221e-eb27-5c99-8450-d270bd1fe0cc,SOURCED_FROM
809d2969-2aff-592e-8e0a-bf0b5d1cb414,129f221e-eb27-5c99-8450-d270bd1fe0cc,SOURCED_FROM
54d4e906-1319-5c51-8104-6f3591a4f706,129f221e-eb27-5c99-8450-d270bd1fe0cc,SOURCED_FROM
ed731939-2bad-5b1e-85d6-0d90211458b5,129f221e-eb27-5c99-8450-d270bd1fe0cc,SOURCED_FROM
55175c55-51ed-5426-811b-137994e61308,129f221e-eb27-5c99-8450-d270bd1fe0cc,SOURCED_FROM
bc09fd8c-f481-50c7-8b86-d0c7155a23eb,129f221e-eb27-5c99-8450-d270bd1fe0cc,SOURCED_FROM
0302ce2d-f433-544c-8275-ab080d38626a,129f221e-eb27-5c99-8450-d270bd1fe0cc,SOURCED_FROM
8ba0051d-b529-52c3-88b6-2ecd8a9372e7,129f221e-eb27-5c99-8450-d270bd1fe0cc,SOURCED_FROM
00e03f19-e626-59ed-887b-23ab75f015b8,129f221e-eb27-5c99-8450-d270bd1fe0cc,SOURCED_FROM
eba4143b-8efe-51e7-8812-f7cabc16e08b,129f221e-eb27-5c99-8450-d270bd1fe0cc,SOURCED_FROM
5d8caefc-73a0-5a73-8148-819906e46356,129f221e-eb27-5c99-8450-d270bd1fe0cc,SOURCED_FROM
fa4c101a-0191-55dd-810b-338962c271f0,129f221e-eb27-5c99-8450-d270bd1fe0cc,SOURCED_FROM
8fd3a463-78f5-56b2-8167-0576d6c792dc,129f221e-eb27-5c99-8450-d270bd1fe0cc,SOURCED_FROM
f8b7240d-22cc-5e32-843a-071068796e0f,129f221e-eb27-5c99-8450-d270bd1fe0cc,SOURCED_FROM
c088b11c-f189-502a-889b-dd10da625ba2,129f221e-eb27-5c99-8450-d270bd1fe0cc,SOURCED_FROM
17abc457-4106-5a77-8509-7853725b4d72,129f221e-eb27-5c99-8450-d270bd1fe0cc,SOURCED_FROM
db568880-09f8-5494-8b76-a642ba88e282,129f221e-eb27-5c99-8450-d270bd1fe0cc,SOURCED_FROM
3d270424-16a4-5c0c-8b7f-40257f540991,129f221e-eb27-5c99-8450-d270bd1fe0cc,SOURCED_FROM
44ce5767-d92d-5d3c-8daf-4e4603cfefa5,129f221e-eb27-5c99-8450-d270bd1fe0cc,SOURCED_FROM
32b2cf53-ca73-5611-84df-a4f3d36c765f,129f221e-eb27-5c99-8450-d270bd1fe0cc,SOURCED_FROM
c6ce47d3-6f9b-5431-89c5-f7de2e8c9706,129f221e-eb27-5c99-8450-d270bd1fe0cc,SOURCED_FROM
930fbb6c-fc4f-57a8-86aa-05397383e8e6,129f221e-eb27-5c99-8450-d270bd1fe0cc,SOURCED_FROM
e35f2463-733c-57ce-8aa0-6ff2ee18eb5c,129f221e-eb27-5c99-8450-d270bd1fe0cc,SOURCED_FROM
4604cb5d-5d42-5403-84b4-be0ac3e419ed,129f221e-eb27-5c99-8450-d270bd1fe0cc,SOURCED_FROM
3212002d-4595-589d-8469-5d1f6641d82f,129f221e-eb27-5c99-8450-d270bd1fe0cc,SOURCED_FROM
5f1d74e0-01b8-55a6-8e1a-7ade0bc4c3cc,129f221e-eb27-5c99-8450-d270bd1fe0cc,SOURCED_FROM
c5abcb87-a19d-52e1-894d-ccd7e643db66,129f221e-eb27-5c99-8450-d270bd1fe0cc,SOURCED_FROM
ccdedd9f-450c-5486-81c2-209fa590b516,129f221e-eb27-5c99-8450-d270bd1fe0cc,SOURCED_FROM
ed4578d1-fc82-5287-83de-8e6b91bc9ab9,129f221e-eb27-5c99-8450-d270bd1fe0cc,SOURCED_FROM
bdf0665b-dd03-5340-8ce1-c671c339a686,129f221e-eb27-5c99-8450-d270bd1fe0cc,SOURCED_FROM
2e78580d-c8b6-5af1-84b8-546b87ed37e4,129f221e-eb27-5c99-8450-d270bd1fe0cc,SOURCED_FROM
93fee740-8c34-58ff-84ba-24f0ee8e6e8a,129f221e-eb27-5c99-8450-d270bd1fe0cc,SOURCED_FROM
391cfc19-b97f-5214-892f-726edad6bcaf,129f221e-eb27-5c99-8450-d270bd1fe0cc,SOURCED_FROM
8927c389-d78f-5c6a-862d-89fe1746a19b,129f221e-eb27-5c99-8450-d270bd1fe0cc,SOURCED_FROM
33beb1cd-31e8-5a2b-8960-341df644aca8,129f221e-eb27-5c99-8450-d270bd1fe0cc,SOURCED_FROM
d429565c-731d-5ffc-8e23-b76915c38545,129f221e-eb27-5c99-8450-d270bd1fe0cc,SOURCED_FROM
0bd576f3-1b0d-5569-81e3-1c8154777121,129f221e-eb27-5c99-8450-d270bd1fe0cc,SOURCED_FROM
5ec1b195-9bb0-5dbf-85bf-f7fcc8b15cc3,129f221e-eb27-5c99-8450-d270bd1fe0cc,SOURCED_FROM
ffb94fee-5cc2-5268-87f2-c080529fa056,129f221e-eb27-5c99-8450-d270bd1fe0cc,SOURCED_FROM
06d9bf53-2974-5735-8c6d-5729776d034c,129f221e-eb27-5c99-8450-d270bd1fe0cc,SOURCED_FROM
ae8cf2b4-b422-5de2-8b51-9f39a3e3a6c2,129f221e-eb27-5c99-8450-d270bd1fe0cc,SOURCED_FROM
e5b6ea5c-2857-5d9a-81a4-31dae8bb9318,129f221e-eb27-5c99-8450-d270bd1fe0cc,SOURCED_FROM
efce666f-78f9-520a-8d11-f4004d84acd3,129f221e-eb27-5c99-8450-d270bd1fe0cc,SOURCED_FROM
2410ef17-375a-5af8-89ce-2f11b104ee12,129f221e-eb27-5c99-8450-d270bd1fe0cc,SOURCED_FROM
d0652963-68b3-5678-86b1-8c66f538dbb7,129f221e-eb27-5c99-8450-d270bd1fe0cc,SOURCED_FROM
3c08c7c7-5e44-531e-8175-86bf36f8632f,129f221e-eb27-5c99-8450-d270bd1fe0cc,SOURCED_FROM
90ee2593-e57b-58cf-8216-4e3306af1ec7,129f221e-eb27-5c99-8450-d270bd1fe0cc,SOURCED_FROM
8cd316d1-b589-512b-8450-fcd6307cf2ae,129f221e-eb27-5c99-8450-d270bd1fe0cc,SOURCED_FROM
27fda8d4-0052-57f1-8c6a-77bd98b14d63,129f221e-eb27-5c99-8450-d270bd1fe0cc,SOURCED_FROM
4dd641b6-de3f-5dd4-87e3-5096a356356a,129f221e-eb27-5c99-8450-d270bd1fe0cc,SOURCED_FROM
49af4ed3-3ea5-5828-87f0-1b64c6b8b27f,129f221e-eb27-5c99-8450-d270bd1fe0cc,SOURCED_FROM
5c97ce47-566e-58dd-8067-3af7c35492bb,129f221e-eb27-5c99-8450-d270bd1fe0cc,SOURCED_FROM
80777e48-283b-50c0-812e-4d73eb1d48cb,129f221e-eb27-5c99-8450-d270bd1fe0cc,SOURCED_FROM
