cde_id,cde_name,variable_name,aliases,cde_definition,cde_source,bundle_name,steward_org,registration_status,keywords,preferred_question_text,cde_data_type,sources_data_type,detail_element_type,detail_nih_endorsed,ninds_raw_disease_specific_instructions,ninds_raw_input_restrictions,cde_origin,pv_codes,pv_labels,pv_definitions,pv_code_systems,pv_concept_identifiers,pv_terminology_sources,unit_of_measure,size,min_value,max_value,population,nlm_identifier,other_identifiers,cdisc_domain,cdisc_variable_name,cdisc_variable_label,dec_identifier,dec_terminology_source,dec_name,ninds_disease_specific_reference,ninds_version_number,ninds_version_date,version_date_flag,additional_instructions,disease_epilepsy,classification_epilepsy,disease_agnostic,classification_agnostic,disease_neurotrauma,classification_neurotrauma,disease_tbi,classification_tbi,disease_pte,classification_pte,disease_sci,classification_sci,domain,subdomain,category,pte_crf_name,copyright,pte_workinggroup,notes,status,cde_id_verified
C07147,Disability Rating Scale (DRS) - eye opening scale,DRSEyeOpnngScale,,Scale for the participant's ability to open the eye as part of the Disability Rating Scale (DRS),NINDS,DRS,NINDS,,,EYE OPENING,Value List,Numeric Values,,,Refer to instructions on form.,Single Pre-Defined Value Selected,collected,0|1|2|3,0=Spontaneous|1=To Speech|2=To Pain|3=None,"0-SPONTANEOUS: eyes open with sleep/wake rhythms indicating active arousal mechanisms, does not assume awareness.| 1-TO SPEECH AND/OR SENSORY STIMULATION: a response to any verbal approach, whether spoken or shouted, not necessarily the command to open the eyes. Also, response to touch, mild pressure.| 2-TO PAIN: tested by a painful stimulus.|3-NONE: no eye opening even to painful stimulation.",,,,,,,,Adult,,NINDS:C07147,,,,,,,"Rappaport, M., Hall K.M., Hopkins, K., Belleza, T., Cope, D.N. (1982). Disability Rating Scale for Severe Head Trauma: Coma to Community. Archives of Physical Medicine and Rehabilitation, 63: 118-123.  The COMBI website (http://www.tbims.org/combi/drs/index.html) has further information on the instrument and becoming a certified DRS rater.",3,21:51.5,VERSION_DATE_MALFORMED,,,,,,,,Y,Basic,Y,Recommended,,,Outcomes and End Points,Global Outcome,,DRS,FALSE,CA|BCM,,v2 Joost,UNVERIFIED
C07148,Disability Rating Scale (DRS) - communication ability scale,DRSCommnctnAbltyScale,,Scale for the participant's communication ability as part of the Disability Rating Scale (DRS),NINDS,DRS,NINDS,,,COMMUNICATION ABILITY,Value List,Numeric Values,,,Refer to instructions on form.,Single Pre-Defined Value Selected,collected,0|1|2|3|4,0=Oriented|1=Confused|2=Inappropriate|3=Incomprehensible|4=None,"0-ORIENTED: implies awareness of self and the environment. Patient able to tell you a) who he is; b) where he is; c) why he is there; d) year; e) season; f) month; g) day; h) time of day.|1-CONFUSED: attention can be held and patient responds to questions but responses are delayed and/or indicate varying degrees of disorientation and confusion.|2-INAPPROPRIATE: intelligible articulation but speech is used only in an exclamatory or random way (such as shouting and swearing); no sustained communication exchange is possible.|3-INCOMPREHENSIBLE: moaning, groaning or sounds without recognizable words, no consistent communication signs.|4-NONE: no sounds or communications signs from patient.",,,,,,,,Adult,,NINDS:C07148,,,,,,,"Rappaport, M., Hall K.M., Hopkins, K., Belleza, T., Cope, D.N. (1982). Disability Rating Scale for Severe Head Trauma: Coma to Community. Archives of Physical Medicine and Rehabilitation, 63: 118-123.  The COMBI website (http://www.tbims.org/combi/drs/index.html) has further information on the instrument and becoming a certified DRS rater.",3,21:51.5,VERSION_DATE_MALFORMED,,,,,,,,Y,Basic,Y,Recommended,,,Outcomes and End Points,Global Outcome,,DRS,FALSE,CA|BCM,,v2 Joost,UNVERIFIED
C07149,Disability Rating Scale (DRS) - Motor response disability scale,DRSMotrRespnsDisbltyScale,,"Motor response disability indicator, as part of the Disability Rating Scale (DRS)",NINDS,DRS,NINDS,,,MOTOR RESPONSE,Value List,Numeric Values,,,Refer to instructions on form.,Single Pre-Defined Value Selected,collected,0|1|2|3|4|5,0=Obeying|1=Localizing|2=Withdrawing|3=Flexing|4=Extending|5=None,"0-OBEYING: obeying command to move finger on best side. If no response or not suitable try another command such as “move lips,” “blink eyes,” etc. Do not include grasp or other reflex responses.|1-LOCALIZING: a painful stimulus at more than one site causes limb to move (even slightly) in an attempt to remove it. It is a deliberate motor act to move away from or remove the source of noxious stimulation. If there is doubt as to whether withdrawal or localization has occurred after 3 or 4 painful stimulations, rate as localization.|2-WITHDRAWING: any generalized movement away from a noxious stimulus that is more than a simple reflex response.|3-FLEXING: painful stimulation results in either flexion at the elbow, rapid withdrawal with abduction of the shoulder or a slow withdrawal with adduction of the shoulder. If there is confusion between flexing and withdrawing, then use pinprick on hands.|4-EXTENDING: painful stimulation results in extension of the limb.|5-NONE: no response can be elicited. Usually associated with hypotonia. Exclude spinal transection as an explanation of lack of response; be satisfied that an adequate stimulus has been applied.",,,,,,,,Adult,,NINDS:C07149,,,,,,,"Rappaport, M., Hall K.M., Hopkins, K., Belleza, T., Cope, D.N. (1982). Disability Rating Scale for Severe Head Trauma: Coma to Community. Archives of Physical Medicine and Rehabilitation, 63: 118-123.  The COMBI website (http://www.tbims.org/combi/drs/index.html) has further information on the instrument and becoming a certified DRS rater.",3,21:51.5,VERSION_DATE_MALFORMED,,,,,,,,Y,Basic,Y,Recommended,,,Outcomes and End Points,Global Outcome,,DRS,FALSE,CA|BCM,,v2 Joost,UNVERIFIED
C07150,Disability Rating Scale (DRS) - Feeding disability scale,DRSFdngDisbltyScale,,"Feeding (Cognitive ability only) disability indicator, as part of the Disability Rating Scale (DRS)",NINDS,DRS,NINDS,,,FEEDING (COGNITIVE ABILITY ONLY). Does the patient show awareness of how and when to perform this activity? Ignore motor disabilities that interfere with carrying out this function. (This is rated under Level of Functioning described below.) ,Value List,Numeric Values,,,Refer to instructions on form.,Single Pre-Defined Value Selected,collected,0.0|1.0|2.0|3.0,0.0=Complete|1.0=Partial|2.0=Minimal|3.0=None,"0-COMPLETE: continuously shows awareness that he knows how to feed and can convey unambiguous information that he knows when this activity should occur.|1-PARTIAL: intermittently shows awareness that he knows how to feed and/or can intermittently convey reasonably clearly information that he knows when the activity should occur.|2-MINIMAL: shows questionable or infrequent awareness that he knows in a primitive way how to feed and/or shows infrequently by certain signs, sounds, or activities that he is vaguely aware when the activity should occur.|3-NONE: shows virtually no awareness at any time that he knows how to feed and cannot convey information by signs, sounds, or activity that he knows when the activity should occur.",,,,,,,,Adult,,NINDS:C07150,,,,,,,"Rappaport, M., Hall K.M., Hopkins, K., Belleza, T., Cope, D.N. (1982). Disability Rating Scale for Severe Head Trauma: Coma to Community. Archives of Physical Medicine and Rehabilitation, 63: 118-123.  The COMBI website (http://www.tbims.org/combi/drs/index.html) has further information on the instrument and becoming a certified DRS rater.",3,21:51.5,VERSION_DATE_MALFORMED,,,,,,,,Y,Basic,Y,Recommended,,,Outcomes and End Points,Global Outcome,,DRS,FALSE,CA|BCM,,v2 Joost,UNVERIFIED
C07151,Disability Rating Scale (DRS) - Toileting disability scale,DRSToiltngDisbltyScale,,"Toileting (Cognitive ability only) disability indicator, as part of the Disability Rating Scale (DRS)",NINDS,DRS,NINDS,,,TOILETING (COGNITIVE ABILITY ONLY). Does the patient show awareness of how and when to perform this activity? Ignore motor disabilities that interfere with carrying out this function. (This is rated under Level of Functioning described below.) Rate best response for toileting based on bowel and bladder behavior,Value List,Numeric Values,,,Refer to instructions on form.,Single Pre-Defined Value Selected,collected,0.0|1.0|2.0|3.0,0.0=Complete|1.0=Partial|2.0=Minimal|3.0=None,"0-COMPLETE: continuously shows awareness that he knows how to toilet and can convey unambiguous information that he knows when this activity should occur.|1-PARTIAL: intermittently shows awareness that he knows how to toilet and/or can intermittently convey reasonably clearly information that he knows when the activity should occur.|2-MINIMAL: shows questionable or infrequent awareness that he knows in a primitive way how to toilet and/or shows infrequently by certain signs, sounds, or activities that he is vaguely aware when the activity should occur.|3-NONE: shows virtually no awareness at any time that he knows how to toilet and cannot convey information by signs, sounds, or activity that he knows when the activity should occur.",,,,,,,,Adult,,NINDS:C07151,,,,,,,"Rappaport, M., Hall K.M., Hopkins, K., Belleza, T., Cope, D.N. (1982). Disability Rating Scale for Severe Head Trauma: Coma to Community. Archives of Physical Medicine and Rehabilitation, 63: 118-123.",3,21:51.5,VERSION_DATE_MALFORMED,,,,,,,,Y,Basic,Y,Recommended,,,Outcomes and End Points,Global Outcome,,DRS,FALSE,CA|BCM,,v2 Joost,UNVERIFIED
C07152,Disability Rating Scale (DRS) - Grooming disability scale,DRSGrmngDisbltyScale,,"Grooming (Cognitive ability only) disability indicator, as part of the Disability Rating Scale (DRS)",NINDS,DRS,NINDS,,,"GROOMING (COGNITIVE ABILITY ONLY). Does the patient show awareness of how and when to perform this activity? Ignore motor disabilities that interfere with carrying out this function. (This is rated under Level of Functioning described below.) Grooming refers to bathing, washing, brushing of teeth, shaving, combing or brushing of hair and dressing.",Value List,Numeric Values,,,Refer to instructions on form.,Single Pre-Defined Value Selected,collected,0.0|1.0|2.0|3.0,0.0=Complete|1.0=Partial|2.0=Minimal|3.0=None,"0-COMPLETE: continuously shows awareness that he knows how to groom self and can convey unambiguous information that he knows when this activity should occur.|1-PARTIAL: intermittently shows awareness that he knows how to groom self and/or can intermittently convey reasonably clearly information that he knows when the activity should occur.|2-MINIMAL: shows questionable or infrequent awareness that he knows in a primitive way how to groom self and/or shows infrequently by certain signs, sounds, or activities that he is vaguely aware when the activity should occur.|3-NONE: shows virtually no awareness at any time that he knows how to groom self and cannot convey information by signs, sounds, or activity that he knows when the activity should occur.",,,,,,,,Adult,,NINDS:C07152,,,,,,,"Rappaport, M., Hall K.M., Hopkins, K., Belleza, T., Cope, D.N. (1982). Disability Rating Scale for Severe Head Trauma: Coma to Community. Archives of Physical Medicine and Rehabilitation, 63: 118-123.  The COMBI website (http://www.tbims.org/combi/drs/index.html) has further information on the instrument and becoming a certified DRS rater.",3,21:51.5,VERSION_DATE_MALFORMED,,,,,,,,Y,Basic,Y,Recommended,,,Outcomes and End Points,Global Outcome,,DRS,FALSE,CA|BCM,,v2 Joost,UNVERIFIED
C07153,Disability Rating Scale (DRS) - Function level scale,DRSFunctnLvlScale,,"Level of functioning (Physical, mental, emotional, or social function) disability indicator, as part of the Disability Rating Scale (DRS)",NINDS,DRS,NINDS,,,"LEVEL OF FUNCTIONING (PHYSICAL, MENTAL, EMOTIONAL OR SOCIAL FUNCTIONING)",Value List,Numeric Values,,,Refer to instructions on form.,Single Pre-Defined Value Selected,collected,0.0|1.0|2.0|3.0|4.0|5.0,"0.0-Completely Independent|1.0-Independent in special environment|2.0-Mildly Dependent-Limited assistance (non-resid - helper)|3.0-Moderately Dependent-moderate assist (person at home)|4.0-Markedly Dependent-assist all major activities, all times|5.0-Totally Dependent-24 hour nursing care.","0-COMPLETELY INDEPENDENT: able to live as he wishes, requiring no restriction due to physical, mental, emotional or social problems.|1-INDEPENDENT IN SPECIAL ENVIRONMENT: capable of functioning independently when needed requirements are met (mechanical aids)|2-MILDLY DEPENDENT: able to care for most of own needs but requires limited assistance due to physical, cognitive and/or emotional problems (e.g., needs non-resident helper).|3-MODERATELY DEPENDENT: able to care for self partially but needs another person at all times. (person in home)|4-MARKEDLY DEPENDENT: needs help with all major activities and the assistance of another person at all times.|5-TOTALLY DEPENDENT: not able to assist in own care and requires 24-hour nursing care.",,,,,,,,Adult,,NINDS:C07153,,,,,,,"Rappaport, M., Hall K.M., Hopkins, K., Belleza, T., Cope, D.N. (1982). Disability Rating Scale for Severe Head Trauma: Coma to Community. Archives of Physical Medicine and Rehabilitation, 63: 118-123.  The COMBI website (http://www.tbims.org/combi/drs/index.html) has further information on the instrument and becoming a certified DRS rater.",3,21:51.5,VERSION_DATE_MALFORMED,,,,,,,,Y,Basic,Y,Recommended,,,Outcomes and End Points,Global Outcome,,DRS,FALSE,CA|BCM,,v2 Joost,UNVERIFIED
C07154,Disability Rating Scale (DRS) - Employability patient scale,DRSEmplybltyPatScale,,"Employability (as a full time worker, homemaker, or student) disability indicator, as part of the Disability Rating Scale (DRS)",NINDS,DRS,NINDS,,,"""EMPLOYABILITY"" (AS A FULL TIME WORKER, HOMEMAKER, OR STUDENT)",Value List,Numeric Values,,,Refer to instructions on form.,Single Pre-Defined Value Selected,collected,0.0|1.0|2.0|3.0,"0.0=Not Restricted|1.0=Selected jobs, competitive|2.0=Sheltered workshop, Non competitive|3.0=Not Employable","0-NOT RESTRICTED: can compete in the open market for a relatively wide range of jobs commensurate with existing skills; or can initiate, plan execute and assume responsibilities associated with homemaking; or can understand and carry out most age relevant school assignments.|1-SELECTED JOBS, COMPETITIVE: can compete in a limited job market for a relatively narrow range of jobs because of limitations of the type described above and/or because of some physical limitations; or can initiate, plan, execute and assume many but not all responsibilities associated with homemaking; or can understand and carry out many but not all school assignments.|2-SHELTERED WORKSHOP, NON-COMPETITIVE: cannot compete successfully in a job market because of limitations described above and/or because of moderate or severe physical limitations; or cannot without major assistance initiate, plan, execute and assume responsibilities for homemaking; or cannot understand and carry out even relatively simple school assignments without assistance.|3-NOT EMPLOYABLE: completely unemployable because of extreme psychosocial limitations of the type described above, or completely unable to initiate, plan, execute and assume any responsibilities associated with homemaking; or cannot understand or carry out any school assignments.",,,,,,,,Adult,,NINDS:C07154,,,,,,,"Rappaport, M., Hall K.M., Hopkins, K., Belleza, T., Cope, D.N. (1982). Disability Rating Scale for Severe Head Trauma: Coma to Community. Archives of Physical Medicine and Rehabilitation, 63: 118-123.  The COMBI website (http://www.tbims.org/combi/drs/index.html) has further information on the instrument and becoming a certified DRS rater.",3,21:51.5,VERSION_DATE_MALFORMED,"The psychosocial adaptability or “employability” item takes into account overall cognitive and physical ability to be an employee, homemaker or student.
This determination should take into account considerations such as the following:
1. Able to understand, remember and follow instructions.
2. Can plan and carry out tasks at least at the level of an office clerk or in simple routine, repetitive industrial situation or can do school assignments.
3. Ability to remain oriented, relevant and appropriate in work and other psychosocial situations.
4. Ability to get to and from work or shopping centers using private or public transportation effectively.
5. Ability to deal with number concepts.
6. Ability to make purchases and handle simple money exchange problems
7. Ability to keep track of time and appointments",,,,,,,Y,Basic,Y,Recommended,,,Outcomes and End Points,Global Outcome,,DRS,FALSE,CA|BCM,,v2 Joost,UNVERIFIED
C07155,DRS Total Score,DRSTotalScore,,Total Score (0-29),NINDS,DRS,NINDS,,,composite score,Text,Numeric Values,,,Sum the individual item scores for A - H.  The score will range from 0 -29.,Free-Form Entry,calculation,,,,,,,,,0,29,Adult,,NINDS:C07155,,,,,,,"Rappaport, M., Hall K.M., Hopkins, K., Belleza, T., Cope, D.N. (1982). Disability Rating Scale for Severe Head Trauma: Coma to Community. Archives of Physical Medicine and Rehabilitation, 63: 118-123.  The COMBI website (http://www.tbims.org/combi/drs/index.html) has further information on the instrument and becoming a certified DRS rater.",3,21:51.5,VERSION_DATE_MALFORMED,,,,,,,,Y,Basic,Y,Recommended,,,Outcomes and End Points,Global Outcome,,DRS,FALSE,CA|BCM,,v2 Joost,UNVERIFIED
C07442,Satisfaction with Life Scale (SWLS) - Life close ideal score,SWLSLifClosIdlScore,,"Score of closeness between the subject's life and the ideal life, as part of the Satisfaction with Life Scale (SWLS).",NINDS,SWLS,NINDS,,,In most ways my life is close to my ideal.,Value List,Numeric Values,cde,FALSE,See instructions on form,Single Pre-Defined Value Selected,collected,1|2|3|4|5|6|7,1-Strongly Disagree|2-Disagree|3-Slightly Disagree|4-Neither agree nor disagree|5-Slightly agree|6-Agree|7-Strongly Agree,,,,,,,,,Adult,E1HpdYhqjQD,NINDS:C07442|BRICS Variable Name:SWLSLifClosIdlScore|NLM:E1HpdYhqjQD,,,,,,,"Diener E, Emmons R, Larsen J, Griffin S. The Satisfaction with Life Scale. J Personality Assessment 1985;49:71-75.",3,21:25.6,VERSION_DATE_MALFORMED,,,,,,,,Y,Basic,Y,Supplemental  ,,,Outcomes and End Points,Perceived Generic and Disease-Specific Health-Related Quality of Life,,SWLS,FALSE,CA|BCM,,v2 Joost,OK
C07443,Satisfaction with Life Scale (SWLS) - Life condition excellence score,SWLSLifCondExcllncScore,,"Score of subject's life condition, as part of the Satisfaction with Life Scale (SWLS).",NINDS,SWLS,NINDS,,,The conditions of my life are excellent.,Value List,Numeric Values,cde,FALSE,See instructions on form,Single Pre-Defined Value Selected,collected,1|2|3|4|5|6|7,1-Strongly Disagree|2-Disagree|3-Slightly Disagree|4-Neither agree nor disagree|5-Slightly agree|6-Agree|7-Strongly Agree,,,,,,,,,Adult,QtG1GeVKWQK,NINDS:C07443|BRICS Variable Name:SWLSLifCondExcllncScore|NLM:QtG1GeVKWQK,,,,,,,"Diener E, Emmons R, Larsen J, Griffin S. The Satisfaction with Life Scale. J Personality Assessment 1985;49:71-75.",3,21:25.6,VERSION_DATE_MALFORMED,,,,,,,,Y,Basic,Y,Supplemental  ,,,Outcomes and End Points,Perceived Generic and Disease-Specific Health-Related Quality of Life,,SWLS,FALSE,CA|BCM,,v2 Joost,OK
C07444,Satisfaction with Life Scale (SWLS) - Life satisfaction score,SWLSLifSatfctnScore,,"Score of subject's satisfaction with life, as part of the Satisfaction with Life Scale (SWLS).",NINDS,SWLS,NINDS,,,I am satisfied with my life.,Value List,Numeric Values,cde,FALSE,See instructions on form,Single Pre-Defined Value Selected,collected,1|2|3|4|5|6|7,1-Strongly Disagree|2-Disagree|3-Slightly Disagree|4-Neither agree nor disagree|5-Slightly agree|6-Agree|7-Strongly Agree,,,,,,,,,Adult,VuB2UAmWZZz,NINDS:C07444|BRICS Variable Name:SWLSLifSatfctnScore|NLM:VuB2UAmWZZz,,,,,,,"Diener E, Emmons R, Larsen J, Griffin S. The Satisfaction with Life Scale. J Personality Assessment 1985;49:71-75.",3,21:25.6,VERSION_DATE_MALFORMED,,,,,,,,Y,Basic,Y,Supplemental  ,,,Outcomes and End Points,Perceived Generic and Disease-Specific Health-Related Quality of Life,,SWLS,FALSE,CA|BCM,,v2 Joost,OK
C07445,Satisfaction with Life Scale (SWLS) - Life achievement score,SWLSLifAchvmntScore,,"Score of subject's achievement in life, as part of the Satisfaction with Life Scale (SWLS).",NINDS,SWLS,NINDS,,,So far I have gotten the important thigns I want in life.,Value List,Numeric Values,cde,FALSE,See instructions on form,Single Pre-Defined Value Selected,collected,1|2|3|4|5|6|7,1-Strongly Disagree|2-Disagree|3-Slightly Disagree|4-Neither agree nor disagree|5-Slightly agree|6-Agree|7-Strongly Agree,,,,,,,,,Adult,c9y2g6tCVay,NINDS:C07445|BRICS Variable Name:SWLSLifAchvmntScore|NLM:c9y2g6tCVay,,,,,,,"Diener E, Emmons R, Larsen J, Griffin S. The Satisfaction with Life Scale. J Personality Assessment 1985;49:71-75.",3,21:25.6,VERSION_DATE_MALFORMED,,,,,,,,Y,Basic,Y,Supplemental  ,,,Outcomes and End Points,Perceived Generic and Disease-Specific Health-Related Quality of Life,,SWLS,FALSE,CA|BCM,,v2 Joost,OK
C07446,Satisfaction with Life Scale (SWLS) - Life change score,SWLSLifChngScore,,"Score of subject's wish to change anything, as part of the Satisfaction with Life Scale (SWLS).",NINDS,SWLS,NINDS,,,If I could live my life over I would change almost nothing.,Value List,Numeric Values,cde,FALSE,See instructions on form,Single Pre-Defined Value Selected,collected,1|2|3|4|5|6|7,1-Strongly Disagree|2-Disagree|3-Slightly Disagree|4-Neither agree nor disagree|5-Slightly agree|6-Agree|7-Strongly Agree,,,,,,,,,Adult,uCm2sv1fVjw,NINDS:C07446|BRICS Variable Name:SWLSLifChngScore|NLM:uCm2sv1fVjw,,,,,,,"Diener E, Emmons R, Larsen J, Griffin S. The Satisfaction with Life Scale. J Personality Assessment 1985;49:71-75.",3,21:25.6,VERSION_DATE_MALFORMED,,,,,,,,Y,Basic,Y,Supplemental  ,,,Outcomes and End Points,Perceived Generic and Disease-Specific Health-Related Quality of Life,,SWLS,FALSE,CA|BCM,,v2 Joost,OK
C07447,Satisfaction with Life Scale (SWLS )- Total score,SWLSTotalScore,,"Total sum of the responses to the five items (5-35), as part of the Satisfaction with Life Scale (SWLS).",NINDS,SWLS,NINDS,,,,Number,Numeric Values,cde,FALSE,Scores range from 7 - 35. Higher scores indicate better satisfaction with life.,Free-Form Entry,calculation,,,,,,,,,5,35,Adult,6EE_jS71Us1,NINDS:C07447|BRICS Variable Name:SWLSTotalScore|NLM:6EE_jS71Us1,,,,,,,"Diener E, Emmons R, Larsen J, Griffin S. The Satisfaction with Life Scale. J Personality Assessment 1985;49:71-75.",3,21:25.6,VERSION_DATE_MALFORMED,,,,,,,,Y,Basic,Y,Supplemental  ,,,Outcomes and End Points,Perceived Generic and Disease-Specific Health-Related Quality of Life,,SWLS,FALSE,CA|BCM,,v2 Joost,OK
C04813,Return work school status,RtrnWrkSchlStatus,,Status of participant's/subject's return to work and/or school,NINDS,,NINDS,,,Return to work or school (choose one):,Value List,Alphanumeric,cde,FALSE,Choose one. Recommend collection at least at end of initial medical care. Add date stamp for when assessed.,Single Pre-Defined Value Selected,collected,,"Returned to previous level|Same work or school, reduced level|Different work or school|Only in sheltered environment|Did not return to work or school|N/A|Unknown","Returned to previous level|Same work or school, reduced level|Different work or school|Only in sheltered environment|Did not return to work or school|N/A|Unknown",,,,,,,,Adult | Pediatric,QJYx4Cm2Rgy,NINDS:C04813|BRICS Variable Name:RtrnWrkSchlStatus|NLM:QJYx4Cm2Rgy,,,,,,,,3,7/20/13,,,,,,,,,Y,Basic,Y,Core,,,Outcomes and End Points,Post Discharge Status,,TBI Treatment History: Discharge Information,FALSE,BCM,,v2 Joost,OK
C06005,Data collected date and time,DataCollDateTime,,"Date (and time, if applicable and known) the data were collected. This may be the date/time a particular examination or procedure was performed.",NINDS,,NINDS,,,Date form completed,Date,Date or Date & Time,cde,FALSE,"Record the date/time according to the ISO 8601, the International Standard for the representation of dates and times (http://www.iso.org/iso/home.html).  The date/time should be recorded to the level of granularity known (e.g., year, year and month, complete date plus hours and minutes, etc.).",Free-Form Entry,collected,,,,,,,,,,,Adult | Pediatric,vc5uSf7AFnV,NINDS:C06005|BRICS Variable Name:DataCollDateTime|NLM:vc5uSf7AFnV,,,,,,,,3,8/28/13,,"Record the date/time according to the ISO 8601, the International Standard for the representation of dates and times (http://www.iso.org/iso/home.html).  The date/time should be recorded to the level of granularity known (e.g., year, year and month, complete date plus hours and minutes, etc.).",Y,Core,,,,,Y,Core,Y,Core,,,Protocol Experience,Study Management,,Seizure Classification,FALSE,CA,,v2 Joost,OK
C14134,Data valid through date and time,DataValidThroughDateTime,,"Date (and time, if applicable and known) the data collected are valid through",NINDS,,NINDS,,,Information complete up to,Date,Date or Date & Time,,FALSE,"Record the date/time according to the ISO 8601, the International Standard for the representation of dates and times (http://www.iso.org/iso/home.html).  The date/time should be recorded to the level of granularity known (e.g., year, year and month, complete date plus hours and minutes, etc.).",Free-Form Entry,collected,,,,,,,,,,,Adult | Pediatric,,,,,,,,,,3,8/28/13,,"Record the date/time according to the ISO 8601, the International Standard for the representation of dates and times (http://www.iso.org/iso/home.html).  The date/time should be recorded to the level of granularity known (e.g., year, year and month, complete date plus hours and minutes, etc.).",Y,Core,,,,,Y,Core,Y,Core,,,Protocol Experience,Study Management,,Seizure Classification,FALSE,CA,,v2 Joost,NEED
C58581,Seizure epilepsy classification type,SeizEpilepsyClassTyp,,The type of epileptic seizure(s) the participant/subject experiences,NINDS,,NINDS,,,Classification of seizures,Value List,Alphanumeric,cde,FALSE,"Check all that apply. It is possible for a participant/subject to have more than one seizure type. Individuals will be presumed to have a single epilepsy seizure type (focal or generalized) unless they have evidence to the contrary or they have a syndrome that is typically associated with both focal and generalized seizures. If a seizure cannot be adequately classified, it should not be fit into a category to which it does not belong. Focal - complete questions for focal seizure subtypes. Generalized - complete questions for Generalized seizure subtypes. Unclassified - complete questions for Unclassified seizure subtype.  ",Multiple Pre-Defined Values Selected,collected,,Generalized|Focal|Unclassified|Unknown if generalized or focal,Generalized|Focal|Unclassified seizures are considered unidentifiable due to lack of data and do not fit in to the aforementioned categories for Generalized and Focal Seizures|Unknown if generalized or focal,,,,,,,,Adult | Pediatric,71x_Fidp6L,NINDS:C58581|BRICS Variable Name:SeizEpilepsyClassTyp|NLM:71x_Fidp6L,,,,,,,"https://www.ilae.org/_x000D_
Fisher RS, Cross JH, French JA, Higurashi N, Hirsch E, Jansen FE, Lagae L, Mosh√© SL, Peltola J, Roulet Perez E, Scheffer IE, Zuberi SM. Operational classification of seizure types by the International League Against Epilepsy: Position Paper of the ILAE Commission for Classification and Terminology. Epilepsia 2017;58(4):522‚Äì530.  _x000D_
Fisher RS, Cross JH, D'Souza C, French JA, Haut SR, Higurashi N, Hirsch E, Jansen FE, Lagae L, Mosh√© SL, Peltola J, Roulet Perez E, Scheffer IE, Schulze-Bonhage A, Somerville E, Sperling M, Yacubian EM, Zuberi SM. Instruction manual for the ILAE 2017 operational classification of seizure types. Epilepsia 2017;58(4):531‚Äì542.",3,8/28/13,,,Y,Core,,,,,Y,Core,Y,Core,,,Disease/Injury Related Events,Classification,,Seizure Classification,FALSE,CA,,v2 Joost,OK
C58583,Seizure epilepsy focal classification type,SeizEpilepsyFocClassTyp,,"The type of focal epileptic seizures, considered to originate within networks limited to one hemisphere, which may be discretely localized or more widely distributed, and may originate in subcortical structures, experience by the participant/subject.",NINDS,,NINDS,,,Focal Seizure Subtypes (Per degree of impairment),Value List,Alphanumeric,cde,FALSE,"It is possible for a participant/subject to have more than one seizure type.  If a seizure cannot be adequately classified, it should not be fit into a category to which it does not belong. For each seizure type, ictal onset is consistent from one seizure to another with preferential propagation patterns, which can involve the contralateral hemisphere. In some cases, however, there is more than one epileptogenic network, and more than one seizure type, but each individual seizure type has a consistent site of onset. Focal seizures do not fall into any recognized set of natural classes based on any current understanding of the mechanisms involved. Tonic, clonic, atonic and epileptic spasm: When these seizure types occur in patients with combined focal and generalized epilepsy, it is often difficult to determine whether their onset is focal or generalized. Unless captured on EEG with a clear focal or generalized onset, please use the Unknown Onset box in these cases. (e.g., Lennox Gastaut Syndrome). Focal Impaired Awareness: This categorization should be used if a subject has focal seizure and they have confusion or difficulty understanding their environment or difficulty remembering what has occurred even in the absence of an altered level of consciousness.",Multiple Pre-Defined Values Selected,collected,,"Focal aware|Focal Impaired Awareness|Focal to bilateral, tonic clonic seizure|Focal, unknown awareness|Focal onset Clonic|Focal onset Tonic|Focal onset Atonic|Focal onset Epileptic spasm","Focal aware (without impairment of awareness)|Focal Impaired Awareness (with impairment of awareness (roughly corresponds to the the concept of ''complex partial seizure''))|Focal to bilateral, tonic clonic seizure (involving tonic, folowed by clonic movements, replaces the term ''secondarily generalized seizure'')|Focal, unknown awareness|Focal onset Clonic|Focal onset Tonic|Focal onset Atonic|Focal onset Epileptic spasm",,,,,,,,Adult | Pediatric,mJb_Fi_66U,NINDS:C58583|BRICS Variable Name:SeizEpilepsyFocClassTyp|NLM:mJb_Fi_66U,,,,,,,"https://www.ilae.org/_x000D_
Fisher RS, Cross JH, French JA, Higurashi N, Hirsch E, Jansen FE, Lagae L, Mosh√© SL, Peltola J, Roulet Perez E, Scheffer IE, Zuberi SM. Operational classification of seizure types by the International League Against Epilepsy: Position Paper of the ILAE Commission for Classification and Terminology. Epilepsia 2017;58(4):522‚Äì530.  _x000D_
Fisher RS, Cross JH, D'Souza C, French JA, Haut SR, Higurashi N, Hirsch E, Jansen FE, Lagae L, Mosh√© SL, Peltola J, Roulet Perez E, Scheffer IE, Schulze-Bonhage A, Somerville E, Sperling M, Yacubian EM, Zuberi SM. Instruction manual for the ILAE 2017 operational classification of seizure types. Epilepsia 2017;58(4):531‚Äì542.",3,8/28/13,,,Y,Recommended,,,,,Y,Recommended,Y,Recommended,,,Disease/Injury Related Events,Classification,,Seizure Classification,FALSE,CA,,v2 Joost,OK
C58584,Seizure focal aware present status,SeizFocAwarePresentStat,,The status indicating the degree to which a focal aware seizure is present,NINDS,,NINDS,,,Focal aware (Without impairment of awareness ),Value List,Alphanumeric,cde,FALSE,,Single Pre-Defined Value Selected,collected,,No|Possible|Probably|Definite|Unknown|N/A,No = Not present|Possible = The summary of evidence suggests less than 50% confidence level|Probable = The summary of evidence suggests greater than 50% confidence level|Definite = The summary of evidence suggests 100% confidence level|Unknown = The summary of evidence is not sufficient to support a finding|N/A = Not Applicable; to be used at the discretion of the Principal Investigator based on study design,,,,,,,,Adult | Pediatric,QyG_YodpaU,NINDS:C58584|BRICS Variable Name:SeizFocAwarePresentStat|NLM:QyG_YodpaU,,,,,,,"https://www.ilae.org/_x000D_
Fisher RS, Cross JH, French JA, Higurashi N, Hirsch E, Jansen FE, Lagae L, Mosh√© SL, Peltola J, Roulet Perez E, Scheffer IE, Zuberi SM. Operational classification of seizure types by the International League Against Epilepsy: Position Paper of the ILAE Commission for Classification and Terminology. Epilepsia 2017;58(4):522‚Äì530.  _x000D_
Fisher RS, Cross JH, D'Souza C, French JA, Haut SR, Higurashi N, Hirsch E, Jansen FE, Lagae L, Mosh√© SL, Peltola J, Roulet Perez E, Scheffer IE, Schulze-Bonhage A, Somerville E, Sperling M, Yacubian EM, Zuberi SM. Instruction manual for the ILAE 2017 operational classification of seizure types. Epilepsia 2017;58(4):531‚Äì542.",3,7/30/13,,,Y,Supplemental,,,,,Y,Supplemental,Y,Recommended,,,Disease/Injury Related Events,Classification,,Seizure Classification,FALSE,CA,,v2 Joost,OK
C58585,Seizure focal aware motor present status,SeizFocAwareMotorPresentStat,,The status indicating the degree to which a motor/observable focal aware seizure is present,NINDS,,NINDS,,,Focal aware-motor/observable (With observable motor or autonomic components.),Value List,Alphanumeric,cde,FALSE,,Single Pre-Defined Value Selected,collected,,No|Possible|Probably|Definite|Unknown|N/A,No = Not present|Possible = The summary of evidence suggests less than 50% confidence level|Probable = The summary of evidence suggests greater than 50% confidence level|Definite = The summary of evidence suggests 100% confidence level|Unknown = The summary of evidence is not sufficient to support a finding|N/A = Not Applicable; to be used at the discretion of the Principal Investigator based on study design,,,,,,,,Adult | Pediatric,QJYFjOTTU,NINDS:C58585|BRICS Variable Name:SeizFocAwareMotorPresentStat|NLM:QJYFjOTTU,,,,,,,"Fisher RS, Cross JH, French JA, Higurashi N, Hirsch E, Jansen FE, Lagae L, Mosh√© SL, Peltola J, Roulet Perez E, Scheffer IE, Zuberi SM. Operational classification of seizure types by the International League Against Epilepsy: Position Paper of the ILAE Commission for Classification and Terminology. Epilepsia 2017;58(4):522‚Äì530.  _x000D_
Fisher RS, Cross JH, D'Souza C, French JA, Haut SR, Higurashi N, Hirsch E, Jansen FE, Lagae L, Mosh√© SL, Peltola J, Roulet Perez E, Scheffer IE, Schulze-Bonhage A, Somerville E, Sperling M, Yacubian EM, Zuberi SM. Instruction manual for the ILAE 2017 operational classification of seizure types. Epilepsia 2017;58(4):531‚Äì542.",3,7/30/13,,,Y,Supplemental,,,,,Y,Supplemental,Y,Recommended,,,Disease/Injury Related Events,Classification,,Seizure Classification,FALSE,CA,,v2 Joost,OK
C58586,Seizure focal aware non-motor present status,SeizFocAwareNonMotorPresStat,,The status indicating the degree to which a non-motor focal aware seizure is present,NINDS,,NINDS,,,Focal aware-non-motor (Involving subjective sensory or psychic phenomena only),Value List,Alphanumeric,cde,FALSE,,Single Pre-Defined Value Selected,collected,,No|Possible|Probably|Definite|Unknown|N/A,No = Not present|Possible = The summary of evidence suggests less than 50% confidence level|Probable = The summary of evidence suggests greater than 50% confidence level|Definite = The summary of evidence suggests 100% confidence level|Unknown = The summary of evidence is not sufficient to support a finding|N/A = Not Applicable; to be used at the discretion of the Principal Investigator based on study design,,,,,,,,Adult | Pediatric,7JeFtouTTL,NINDS:C58586|BRICS Variable Name:SeizFocAwareNonMotorPresStat|NLM:7JeFtouTTL,,,,,,,"Fisher RS, Cross JH, French JA, Higurashi N, Hirsch E, Jansen FE, Lagae L, Mosh√© SL, Peltola J, Roulet Perez E, Scheffer IE, Zuberi SM. Operational classification of seizure types by the International League Against Epilepsy: Position Paper of the ILAE Commission for Classification and Terminology. Epilepsia 2017;58(4):522‚Äì530.  _x000D_
Fisher RS, Cross JH, D'Souza C, French JA, Haut SR, Higurashi N, Hirsch E, Jansen FE, Lagae L, Mosh√© SL, Peltola J, Roulet Perez E, Scheffer IE, Schulze-Bonhage A, Somerville E, Sperling M, Yacubian EM, Zuberi SM. Instruction manual for the ILAE 2017 operational classification of seizure types. Epilepsia 2017;58(4):531‚Äì542.",3,7/30/13,,,Y,Supplemental,,,,,Y,Supplemental,Y,Recommended,,,Disease/Injury Related Events,Classification,,Seizure Classification,FALSE,CA,,v2 Joost,OK
C58588,Seizure focal impaired awareness present status,SeizFocImpairAwarePresentStat,,The status indicating the degree to which a focal impaired awareness seizure is present,NINDS,,NINDS,,,"Focal Impaired Awareness (With impairment of awareness; roughly corresponds to the concept of ""complex partial seizure"")",Value List,Alphanumeric,cde,FALSE,Focal Impaired Awareness: This categorization should be used if a subject has focal seizure and they have confusion or difficulty understanding their environment or difficulty remembering what has occurred even in the absence of an altered level of consciousness.,Single Pre-Defined Value Selected,collected,,No|Possible|Probably|Definite|Unknown|N/A,No = Not present|Possible = The summary of evidence suggests less than 50% confidence level|Probable = The summary of evidence suggests greater than 50% confidence level|Definite = The summary of evidence suggests 100% confidence level|Unknown = The summary of evidence is not sufficient to support a finding|N/A = Not Applicable; to be used at the discretion of the Principal Investigator based on study design,,,,,,,,Adult | Pediatric,7kZttoOpT8,NINDS:C58588|BRICS Variable Name:SeizFocImpairAwarePresentStat|NLM:7kZttoOpT8,,,,,,,"Fisher RS, Cross JH, French JA, Higurashi N, Hirsch E, Jansen FE, Lagae L, Mosh√© SL, Peltola J, Roulet Perez E, Scheffer IE, Zuberi SM. Operational classification of seizure types by the International League Against Epilepsy: Position Paper of the ILAE Commission for Classification and Terminology. Epilepsia 2017;58(4):522‚Äì530.  _x000D_
Fisher RS, Cross JH, D'Souza C, French JA, Haut SR, Higurashi N, Hirsch E, Jansen FE, Lagae L, Mosh√© SL, Peltola J, Roulet Perez E, Scheffer IE, Schulze-Bonhage A, Somerville E, Sperling M, Yacubian EM, Zuberi SM. Instruction manual for the ILAE 2017 operational classification of seizure types. Epilepsia 2017;58(4):531‚Äì542.",3,7/30/13,,,Y,Supplemental,,,,,Y,Supplemental,Y,Recommended,,,Disease/Injury Related Events,Classification,,Seizure Classification,FALSE,CA,,v2 Joost,OK
C58589,Seizure focal impaired awareness motor present status,SeizFocImpairAwareMtrPresStat,,The status indicating the degree to which a motor/observable focal impaired awareness seizure is present,NINDS,,NINDS,,,Focal impaired awareness-motor/observable (With observable motor or autonomic components),Value List,Alphanumeric,cde,FALSE,Focal Impaired Awareness: This categorization should be used if a subject has focal seizure and they have confusion or difficulty understanding their environment or difficulty remembering what has occurred even in the absence of an altered level of consciousness,Single Pre-Defined Value Selected,collected,,No|Possible|Probably|Definite|Unknown|N/A,No = Not present|Possible = The summary of evidence suggests less than 50% confidence level|Probable = The summary of evidence suggests greater than 50% confidence level|Definite = The summary of evidence suggests 100% confidence level|Unknown = The summary of evidence is not sufficient to support a finding|N/A = Not Applicable; to be used at the discretion of the Principal Investigator based on study design,,,,,,,,Adult | Pediatric,my9tsuapU,NINDS:C58589|BRICS Variable Name:SeizFocImpairAwareMtrPresStat|NLM:my9tsuapU,,,,,,,"Fisher RS, Cross JH, French JA, Higurashi N, Hirsch E, Jansen FE, Lagae L, Mosh√© SL, Peltola J, Roulet Perez E, Scheffer IE, Zuberi SM. Operational classification of seizure types by the International League Against Epilepsy: Position Paper of the ILAE Commission for Classification and Terminology. Epilepsia 2017;58(4):522‚Äì530.  _x000D_
Fisher RS, Cross JH, D'Souza C, French JA, Haut SR, Higurashi N, Hirsch E, Jansen FE, Lagae L, Mosh√© SL, Peltola J, Roulet Perez E, Scheffer IE, Schulze-Bonhage A, Somerville E, Sperling M, Yacubian EM, Zuberi SM. Instruction manual for the ILAE 2017 operational classification of seizure types. Epilepsia 2017;58(4):531‚Äì542.",3,7/30/13,,,Y,Supplemental,,,,,Y,Supplemental,Y,Recommended,,,Disease/Injury Related Events,Classification,,Seizure Classification,FALSE,CA,,v2 Joost,OK
C58590,Seizure focal impaired awareness non-motor present status,SeizFocImpAwareNonMtrPresStat,,The status indicating the degree to which a non-motor focal impaired awareness seizure is present,NINDS,,NINDS,,,Focal Impaired Awareness-non-motor (Without observable motor or autonomic components),Value List,Alphanumeric,cde,FALSE,Focal Impaired Awareness: This categorization should be used if a subject has focal seizure and they have confusion or difficulty understanding their environment or difficulty remembering what has occurred even in the absence of an altered level of consciousness,Single Pre-Defined Value Selected,collected,,No|Possible|Probably|Definite|Unknown|N/A,No = Not present|Possible = The summary of evidence suggests less than 50% confidence level|Probable = The summary of evidence suggests greater than 50% confidence level|Definite = The summary of evidence suggests 100% confidence level|Unknown = The summary of evidence is not sufficient to support a finding|N/A = Not Applicable; to be used at the discretion of the Principal Investigator based on study design,,,,,,,,Adult | Pediatric,Qkl9Kodaa8,NINDS:C58590|BRICS Variable Name:SeizFocImpAwareNonMtrPresStat|NLM:Qkl9Kodaa8,,,,,,,"Fisher RS, Cross JH, French JA, Higurashi N, Hirsch E, Jansen FE, Lagae L, Mosh√© SL, Peltola J, Roulet Perez E, Scheffer IE, Zuberi SM. Operational classification of seizure types by the International League Against Epilepsy: Position Paper of the ILAE Commission for Classification and Terminology. Epilepsia 2017;58(4):522‚Äì530.  _x000D_
Fisher RS, Cross JH, D'Souza C, French JA, Haut SR, Higurashi N, Hirsch E, Jansen FE, Lagae L, Mosh√© SL, Peltola J, Roulet Perez E, Scheffer IE, Schulze-Bonhage A, Somerville E, Sperling M, Yacubian EM, Zuberi SM. Instruction manual for the ILAE 2017 operational classification of seizure types. Epilepsia 2017;58(4):531‚Äì542.",3,7/30/13,,,Y,Supplemental,,,,,Y,Supplemental,Y,Recommended,,,Disease/Injury Related Events,Classification,,Seizure Classification,FALSE,CA,,v2 Joost,OK
C58591,Seizure focal bilateral tonic clonic present status,SeizFocBilatTonClonPresStat,,"The status indicating the degree to which a focal to bilateral, tonic clonic seizure is present",NINDS,,NINDS,,,"Focal to bilateral, tonic clonic seizure (Involving tonic, followed by clonic movements, replaces the term ""secondarily generalized seizure"")",Value List,Alphanumeric,cde,FALSE,,Single Pre-Defined Value Selected,collected,,No|Possible|Probably|Definite|Unknown|N/A,No = Not present|Possible = The summary of evidence suggests less than 50% confidence level|Probable = The summary of evidence suggests greater than 50% confidence level|Definite = The summary of evidence suggests 100% confidence level|Unknown = The summary of evidence is not sufficient to support a finding|N/A = Not Applicable; to be used at the discretion of the Principal Investigator based on study design,,,,,,,,Adult | Pediatric,Q1bqFj_aTU,NINDS:C58591|BRICS Variable Name:SeizFocBilatTonClonPresStat|NLM:Q1bqFj_aTU,,,,,,,"Fisher RS, Cross JH, French JA, Higurashi N, Hirsch E, Jansen FE, Lagae L, Mosh√© SL, Peltola J, Roulet Perez E, Scheffer IE, Zuberi SM. Operational classification of seizure types by the International League Against Epilepsy: Position Paper of the ILAE Commission for Classification and Terminology. Epilepsia 2017;58(4):522‚Äì530.  _x000D_
Fisher RS, Cross JH, D'Souza C, French JA, Haut SR, Higurashi N, Hirsch E, Jansen FE, Lagae L, Mosh√© SL, Peltola J, Roulet Perez E, Scheffer IE, Schulze-Bonhage A, Somerville E, Sperling M, Yacubian EM, Zuberi SM. Instruction manual for the ILAE 2017 operational classification of seizure types. Epilepsia 2017;58(4):531‚Äì542.",3,7/30/13,,,Y,Supplemental,,,,,Y,Supplemental,Y,Recommended,,,Disease/Injury Related Events,Classification,,Seizure Classification,FALSE,CA,,v2 Joost,OK
C58592,Seizure focal unknown aware present status,SeizFocUnknwnAwarePresStat,,"The status indicating the degree to which a focal, unknown awareness seizure is present",NINDS,,NINDS,,,"Focal, unknown awareness",Value List,Alphanumeric,cde,FALSE,"If a seizure is definitely focal, but awareness is unknown, please use the Focal Unknown Awareness categorization",Single Pre-Defined Value Selected,collected,,No|Possible|Probably|Definite|Unknown|N/A,No = Not present|Possible = The summary of evidence suggests less than 50% confidence level|Probable = The summary of evidence suggests greater than 50% confidence level|Definite = The summary of evidence suggests 100% confidence level|Unknown = The summary of evidence is not sufficient to support a finding|N/A = Not Applicable; to be used at the discretion of the Principal Investigator based on study design,,,,,,,,Adult | Pediatric,7JM9Fs_apL,NINDS:C58592|BRICS Variable Name:SeizFocUnknwnAwarePresStat|NLM:7JM9Fs_apL,,,,,,,"Fisher RS, Cross JH, French JA, Higurashi N, Hirsch E, Jansen FE, Lagae L, Mosh√© SL, Peltola J, Roulet Perez E, Scheffer IE, Zuberi SM. Operational classification of seizure types by the International League Against Epilepsy: Position Paper of the ILAE Commission for Classification and Terminology. Epilepsia 2017;58(4):522‚Äì530.  _x000D_
Fisher RS, Cross JH, D'Souza C, French JA, Haut SR, Higurashi N, Hirsch E, Jansen FE, Lagae L, Mosh√© SL, Peltola J, Roulet Perez E, Scheffer IE, Schulze-Bonhage A, Somerville E, Sperling M, Yacubian EM, Zuberi SM. Instruction manual for the ILAE 2017 operational classification of seizure types. Epilepsia 2017;58(4):531‚Äì542.",3,7/30/13,,,Y,Supplemental,,,,,Y,Supplemental,Y,Recommended,,,Disease/Injury Related Events,Classification,,Seizure Classification,FALSE,CA,,v2 Joost,OK
C58593,Seizure focal unknown awareness observable motor present status,SeizFocUnkAwarObsvMtrPresStat,,"The status indicating the degree to which a focal, unknown awareness seizure with observable motor is present",NINDS,,NINDS,,,"Focal, unknown awareness (With observable motor)",Value List,Alphanumeric,cde,FALSE,,Single Pre-Defined Value Selected,collected,,No|Possible|Probably|Definite|Unknown|N/A,No = Not present|Possible = The summary of evidence suggests less than 50% confidence level|Probable = The summary of evidence suggests greater than 50% confidence level|Definite = The summary of evidence suggests 100% confidence level|Unknown = The summary of evidence is not sufficient to support a finding|N/A = Not Applicable; to be used at the discretion of the Principal Investigator based on study design,,,,,,,,Adult | Pediatric,QJsFiuT6L,NINDS:C58593|BRICS Variable Name:SeizFocUnkAwarObsvMtrPresStat|NLM:QJsFiuT6L,,,,,,,"Fisher RS, Cross JH, French JA, Higurashi N, Hirsch E, Jansen FE, Lagae L, Mosh√© SL, Peltola J, Roulet Perez E, Scheffer IE, Zuberi SM. Operational classification of seizure types by the International League Against Epilepsy: Position Paper of the ILAE Commission for Classification and Terminology. Epilepsia 2017;58(4):522‚Äì530.  _x000D_
Fisher RS, Cross JH, D'Souza C, French JA, Haut SR, Higurashi N, Hirsch E, Jansen FE, Lagae L, Mosh√© SL, Peltola J, Roulet Perez E, Scheffer IE, Schulze-Bonhage A, Somerville E, Sperling M, Yacubian EM, Zuberi SM. Instruction manual for the ILAE 2017 operational classification of seizure types. Epilepsia 2017;58(4):531‚Äì542.",3,7/30/13,,,Y,Supplemental,,,,,Y,Supplemental,Y,Recommended,,,Disease/Injury Related Events,Classification,,Seizure Classification,FALSE,CA,,v2 Joost,OK
C58594,Seizure focal unknown awareness no observable motor present status,SeizFocUnkAwarNoObsvMtrPrsStat,,"The status indicating the degree to which a focal, unknown awareness seizure without observable motor is present",NINDS,,NINDS,,,"Focal, unknown awareness (Without observable motor)",Value List,Alphanumeric,cde,FALSE,,Single Pre-Defined Value Selected,collected,,No|Possible|Probably|Definite|Unknown|N/A,No = Not present|Possible = The summary of evidence suggests less than 50% confidence level|Probable = The summary of evidence suggests greater than 50% confidence level|Definite = The summary of evidence suggests 100% confidence level|Unknown = The summary of evidence is not sufficient to support a finding|N/A = Not Applicable; to be used at the discretion of the Principal Investigator based on study design,,,,,,,,Adult | Pediatric,XkxsFjupTI,NINDS:C58594|BRICS Variable Name:SeizFocUnkAwarNoObsvMtrPrsStat|NLM:XkxsFjupTI,,,,,,,"Fisher RS, Cross JH, French JA, Higurashi N, Hirsch E, Jansen FE, Lagae L, Mosh√© SL, Peltola J, Roulet Perez E, Scheffer IE, Zuberi SM. Operational classification of seizure types by the International League Against Epilepsy: Position Paper of the ILAE Commission for Classification and Terminology. Epilepsia 2017;58(4):522‚Äì530.  _x000D_
Fisher RS, Cross JH, D'Souza C, French JA, Haut SR, Higurashi N, Hirsch E, Jansen FE, Lagae L, Mosh√© SL, Peltola J, Roulet Perez E, Scheffer IE, Schulze-Bonhage A, Somerville E, Sperling M, Yacubian EM, Zuberi SM. Instruction manual for the ILAE 2017 operational classification of seizure types. Epilepsia 2017;58(4):531‚Äì542.",3,7/30/13,,,Y,Supplemental,,,,,Y,Supplemental,Y,Recommended,,,Disease/Injury Related Events,Classification,,Seizure Classification,FALSE,CA,,v2 Joost,OK
C58595,Seizure focal onset clonic present status,SeizFocOnsetClonicPresStat,,The status indicating the degree to which a focal onset clonic seizure is present,NINDS,,NINDS,,,Focal onset Clonic,Value List,Alphanumeric,cde,FALSE,"Tonic, clonic, atonic and epileptic spasm: When these seizure types occur in patients with combined focal and generalized epilepsy, it is often difficult to determine whether their onset is focal or generalized. Unless captured on EEG with a clear focal or generalized onset, please use the Unknown Onset box in these cases. (e.g., Lennox Gastaut Syndrome).",Single Pre-Defined Value Selected,collected,,No|Possible|Probably|Definite|Unknown|N/A,No = Not present|Possible = The summary of evidence suggests less than 50% confidence level|Probable = The summary of evidence suggests greater than 50% confidence level|Definite = The summary of evidence suggests 100% confidence level|Unknown = The summary of evidence is not sufficient to support a finding|N/A = Not Applicable; to be used at the discretion of the Principal Investigator based on study design,,,,,,,,Adult | Pediatric,XkWjYs_6pU,NINDS:C58595|BRICS Variable Name:SeizFocOnsetClonicPresStat|NLM:XkWjYs_6pU,,,,,,,"Fisher RS, Cross JH, French JA, Higurashi N, Hirsch E, Jansen FE, Lagae L, Mosh√© SL, Peltola J, Roulet Perez E, Scheffer IE, Zuberi SM. Operational classification of seizure types by the International League Against Epilepsy: Position Paper of the ILAE Commission for Classification and Terminology. Epilepsia 2017;58(4):522‚Äì530.  _x000D_
Fisher RS, Cross JH, D'Souza C, French JA, Haut SR, Higurashi N, Hirsch E, Jansen FE, Lagae L, Mosh√© SL, Peltola J, Roulet Perez E, Scheffer IE, Schulze-Bonhage A, Somerville E, Sperling M, Yacubian EM, Zuberi SM. Instruction manual for the ILAE 2017 operational classification of seizure types. Epilepsia 2017;58(4):531‚Äì542.",3,7/30/13,,,Y,Supplemental,,,,,Y,Supplemental,Y,Recommended,,,Disease/Injury Related Events,Classification,,Seizure Classification,FALSE,CA,,v2 Joost,OK
C58596,Seizure focal onset tonic present status,SeizFocOnsetTonicPresStat,,The status indicating the degree to which a focal onset tonic seizure is present,NINDS,,NINDS,,,Focal onset Tonic,Value List,Alphanumeric,cde,FALSE,"Tonic, clonic, atonic and epileptic spasm: When these seizure types occur in patients with combined focal and generalized epilepsy, it is often difficult to determine whether their onset is focal or generalized. Unless captured on EEG with a clear focal or generalized onset, please use the Unknown Onset box in these cases. (e.g., Lennox Gastaut Syndrome).",Single Pre-Defined Value Selected,collected,,No|Possible|Probably|Definite|Unknown|N/A,No = Not present|Possible = The summary of evidence suggests less than 50% confidence level|Probable = The summary of evidence suggests greater than 50% confidence level|Definite = The summary of evidence suggests 100% confidence level|Unknown = The summary of evidence is not sufficient to support a finding|N/A = Not Applicable; to be used at the discretion of the Principal Investigator based on study design,,,,,,,,Adult | Pediatric,mJGjKjuaT8,NINDS:C58596|BRICS Variable Name:SeizFocOnsetTonicPresStat|NLM:mJGjKjuaT8,,,,,,,"Fisher RS, Cross JH, French JA, Higurashi N, Hirsch E, Jansen FE, Lagae L, Mosh√© SL, Peltola J, Roulet Perez E, Scheffer IE, Zuberi SM. Operational classification of seizure types by the International League Against Epilepsy: Position Paper of the ILAE Commission for Classification and Terminology. Epilepsia 2017;58(4):522‚Äì530.  _x000D_
Fisher RS, Cross JH, D'Souza C, French JA, Haut SR, Higurashi N, Hirsch E, Jansen FE, Lagae L, Mosh√© SL, Peltola J, Roulet Perez E, Scheffer IE, Schulze-Bonhage A, Somerville E, Sperling M, Yacubian EM, Zuberi SM. Instruction manual for the ILAE 2017 operational classification of seizure types. Epilepsia 2017;58(4):531‚Äì542.",3,7/30/13,,,Y,Supplemental,,,,,Y,Supplemental,Y,Recommended,,,Disease/Injury Related Events,Classification,,Seizure Classification,FALSE,CA,,v2 Joost,OK
C58597,Seizure focal onset atonic present status,SeizFocOnsetAtonicPresStat,,The status indicating the degree to which a focal onset atonic seizure is present,NINDS,,NINDS,,,Focal onset Atonic,Value List,Alphanumeric,cde,FALSE,"Tonic, clonic, atonic and epileptic spasm: When these seizure types occur in patients with combined focal and generalized epilepsy, it is often difficult to determine whether their onset is focal or generalized. Unless captured on EEG with a clear focal or generalized onset, please use the Unknown Onset box in these cases. (e.g., Lennox Gastaut Syndrome).",Single Pre-Defined Value Selected,collected,,No|Possible|Probably|Definite|Unknown|N/A,No = Not present|Possible = The summary of evidence suggests less than 50% confidence level|Probable = The summary of evidence suggests greater than 50% confidence level|Definite = The summary of evidence suggests 100% confidence level|Unknown = The summary of evidence is not sufficient to support a finding|N/A = Not Applicable; to be used at the discretion of the Principal Investigator based on study design,,,,,,,,Adult | Pediatric,QkhtjuTTI,NINDS:C58597|BRICS Variable Name:SeizFocOnsetAtonicPresStat|NLM:QkhtjuTTI,,,,,,,"Fisher RS, Cross JH, French JA, Higurashi N, Hirsch E, Jansen FE, Lagae L, Mosh√© SL, Peltola J, Roulet Perez E, Scheffer IE, Zuberi SM. Operational classification of seizure types by the International League Against Epilepsy: Position Paper of the ILAE Commission for Classification and Terminology. Epilepsia 2017;58(4):522‚Äì530.  _x000D_
Fisher RS, Cross JH, D'Souza C, French JA, Haut SR, Higurashi N, Hirsch E, Jansen FE, Lagae L, Mosh√© SL, Peltola J, Roulet Perez E, Scheffer IE, Schulze-Bonhage A, Somerville E, Sperling M, Yacubian EM, Zuberi SM. Instruction manual for the ILAE 2017 operational classification of seizure types. Epilepsia 2017;58(4):531‚Äì542.",3,7/30/13,,,Y,Supplemental,,,,,Y,Supplemental,Y,Recommended,,,Disease/Injury Related Events,Classification,,Seizure Classification,FALSE,CA,,v2 Joost,OK
C58598,Seizure focal onset epileptic spasm present status,SeizFocOnsetEpilepSpasmPrsStat,,The status indicating the degree to which a focal onset epileptic spasm seizure is present,NINDS,,NINDS,,,Focal onset Epileptic spasm,Value List,Alphanumeric,cde,FALSE,"Tonic, clonic, atonic and epileptic spasm: When these seizure types occur in patients with combined focal and generalized epilepsy, it is often difficult to determine whether their onset is focal or generalized. Unless captured on EEG with a clear focal or generalized onset, please use the Unknown Onset box in these cases. (e.g., Lennox Gastaut Syndrome).",Single Pre-Defined Value Selected,collected,,No|Possible|Probably|Definite|Unknown|N/A,No = Not present|Possible = The summary of evidence suggests less than 50% confidence level|Probable = The summary of evidence suggests greater than 50% confidence level|Definite = The summary of evidence suggests 100% confidence level|Unknown = The summary of evidence is not sufficient to support a finding|N/A = Not Applicable; to be used at the discretion of the Principal Investigator based on study design,,,,,,,,Adult | Pediatric,XJe3KidTT8,NINDS:C58598|BRICS Variable Name:SeizFocOnsetEpilepSpasmPrsStat|NLM:XJe3KidTT8,,,,,,,"Fisher RS, Cross JH, French JA, Higurashi N, Hirsch E, Jansen FE, Lagae L, Mosh√© SL, Peltola J, Roulet Perez E, Scheffer IE, Zuberi SM. Operational classification of seizure types by the International League Against Epilepsy: Position Paper of the ILAE Commission for Classification and Terminology. Epilepsia 2017;58(4):522‚Äì530.  _x000D_
Fisher RS, Cross JH, D'Souza C, French JA, Haut SR, Higurashi N, Hirsch E, Jansen FE, Lagae L, Mosh√© SL, Peltola J, Roulet Perez E, Scheffer IE, Schulze-Bonhage A, Somerville E, Sperling M, Yacubian EM, Zuberi SM. Instruction manual for the ILAE 2017 operational classification of seizure types. Epilepsia 2017;58(4):531‚Äì542.",3,7/30/13,,,Y,Supplemental,,,,,Y,Supplemental,Y,Recommended,,,Disease/Injury Related Events,Classification,,Seizure Classification,FALSE,CA,,v2 Joost,OK
C58599,Seizure epilepsy generalized classification type,SeizEpilepsyGenClassTyp,,"The type of generalized epileptic seizures, considered to originate at some point within, and rapidly engage, bilaterally distributed networks and may include such bilateral networks as cortical and subcortical structures, but do not necessarily include the entire cortex, experienced by the participant/subject.",NINDS,Generalized Seizure Classification,NINDS,,,"Generalized Seizure Subtypes (Specify type below, Answer all)",Value List,Alphanumeric,cde,FALSE,"If a seizure cannot be adequately classified, it should not be fit into a category to which it does not belong. It is possible for a participant/subject to have more than one seizure type.  Although individual seizure onsets can appear localized, the location and lateralization are not consistent from one seizure to another. Generalized seizures can be asymmetric.",Single Pre-Defined Value Selected,collected,,Motor|Non-motor,Motor|Non-motor (absence),,,,,,,,Adult | Pediatric,71Z2YsdaTI,NINDS:C58599|BRICS Variable Name:SeizEpilepsyGenClassTyp|NLM:71Z2YsdaTI,,,,,,,"Fisher RS, Cross JH, French JA, Higurashi N, Hirsch E, Jansen FE, Lagae L, Mosh√© SL, Peltola J, Roulet Perez E, Scheffer IE, Zuberi SM. Operational classification of seizure types by the International League Against Epilepsy: Position Paper of the ILAE Commission for Classification and Terminology. Epilepsia 2017;58(4):522‚Äì530.  _x000D_
Fisher RS, Cross JH, D'Souza C, French JA, Haut SR, Higurashi N, Hirsch E, Jansen FE, Lagae L, Mosh√© SL, Peltola J, Roulet Perez E, Scheffer IE, Schulze-Bonhage A, Somerville E, Sperling M, Yacubian EM, Zuberi SM. Instruction manual for the ILAE 2017 operational classification of seizure types. Epilepsia 2017;58(4):531‚Äì542.",3,8/28/13,,,Y,Recommended,,,,,Y,Recommended,Y,Recommended,,,Disease/Injury Related Events,Classification,,Seizure Classification,FALSE,CA,,v2 Joost,OK
C58607,Seizure epilepsy generalized subtype status,SeizEpilGenSubtypStat,,The element related to the degree to which a generalized seizure is present,NINDS,Generalized Seizure Classification,NINDS,,,Generalized Seizure Subtypes,Value List,Alphanumeric,cde,FALSE,,Single Pre-Defined Value Selected,collected,,No|Possible|Probably|Definite|Unknown|N/A,No = Not present|Possible = The summary of evidence suggests less than 50% confidence level|Probable = The summary of evidence suggests greater than 50% confidence level|Definite = The summary of evidence suggests 100% confidence level|Unknown = The summary of evidence is not sufficient to support a finding|N/A = Not Applicable; to be used at the discretion of the Principal Investigator based on study design,,,,,,,,Adult | Pediatric,71gpKs_pp8,NINDS:C58607|BRICS Variable Name:SeizEpilGenSubtypStat|NLM:71gpKs_pp8,,,,,,,"Fisher RS, Cross JH, French JA, Higurashi N, Hirsch E, Jansen FE, Lagae L, Mosh√© SL, Peltola J, Roulet Perez E, Scheffer IE, Zuberi SM. Operational classification of seizure types by the International League Against Epilepsy: Position Paper of the ILAE Commission for Classification and Terminology. Epilepsia 2017;58(4):522‚Äì530.  _x000D_
Fisher RS, Cross JH, D'Souza C, French JA, Haut SR, Higurashi N, Hirsch E, Jansen FE, Lagae L, Mosh√© SL, Peltola J, Roulet Perez E, Scheffer IE, Schulze-Bonhage A, Somerville E, Sperling M, Yacubian EM, Zuberi SM. Instruction manual for the ILAE 2017 operational classification of seizure types. Epilepsia 2017;58(4):531‚Äì542.",3,7/30/13,,,Y,Supplemental,,,,,Y,Supplemental,Y,Recommended,,,Disease/Injury Related Events,Classification,,Seizure Classification,FALSE,CA,,v2 Joost,OK
C58600,Seizure epilepsy generalized motor subtype type,SeizEpilepsyGenMotorSubtypTyp,,The element related to type of motor generalized seizures the participant/subject is experiencing,NINDS,Generalized Seizure Classification,NINDS,,,Motor (Specify type),Value List,Alphanumeric,cde,FALSE,"Tonic, clonic, atonic and epileptic spasm: When these seizure types occur in patients with combined focal and generalized epilepsy, it is often difficult to determine whether their onset is focal or generalized. Unless captured on EEG with a clear focal or generalized onset, please use the Unknown Onset box in these cases. (e.g., Lennox Gastaut Syndrome). A seizure should only be considered “definite” tonic-clonic if there is a description of tonic activity followed by clonic activity with fall to the ground and post-ictal stupor. If one of those elements have not been witnessed, then it should be labeled “possible” or “probable.” There needs to be a witnessed event. If there is a tonic-clonic seizure and other evidence of focality, it should be identified as focal to bilateral.",Single Pre-Defined Value Selected,collected,,Myoclonic-tonic-clonic|Clonic|Myoclonic (not otherwise specified)|Tonic|Atonic|Generalized tonic-clonic|Epileptic spasms|Not otherwise specified,Myoclonic-tonic-clonic|Clonic|Myoclonic (not otherwise specified)|Tonic|Atonic|Generalized tonic-clonic|Epileptic spasms|Not otherwise specified,,,,,,,,Adult | Pediatric,QJMnFouTTI,NINDS:C58600|BRICS Variable Name:SeizEpilepsyGenMotorSubtypTyp|NLM:QJMnFouTTI,,,,,,,"https://www.ilae.org/_x000D_
Fisher RS, Cross JH, French JA, Higurashi N, Hirsch E, Jansen FE, Lagae L, Mosh√© SL, Peltola J, Roulet Perez E, Scheffer IE, Zuberi SM. Operational classification of seizure types by the International League Against Epilepsy: Position Paper of the ILAE Commission for Classification and Terminology. Epilepsia 2017;58(4):522‚Äì530.  _x000D_
Fisher RS, Cross JH, D'Souza C, French JA, Haut SR, Higurashi N, Hirsch E, Jansen FE, Lagae L, Mosh√© SL, Peltola J, Roulet Perez E, Scheffer IE, Schulze-Bonhage A, Somerville E, Sperling M, Yacubian EM, Zuberi SM. Instruction manual for the ILAE 2017 operational classification of seizure types. Epilepsia 2017;58(4):531‚Äì542.",3,8/28/13,,,Y,Supplemental,,,,,Y,Supplemental,Y,Recommended,,,Disease/Injury Related Events,Classification,,Seizure Classification,FALSE,CA,,v2 Joost,OK
C58601,Seizure epilepsy generalized non-motor subtype type,SeizEpilepsyGenNonMtrSubtypTyp,,The element related to type of non-motor generalized seizures the participant/subject is experiencing,NINDS,Generalized Seizure Classification,NINDS,,,Non-motor (absence)(Specify type below),Value List,Alphanumeric,cde,FALSE,,Single Pre-Defined Value Selected,collected,,Absence NOS|Typical absence|Atypical absence|Myoclonic absence|Absence with eyelid myoclonia,Absence NOS|Typical absence|Atypical absence|Myoclonic absence|Absence with eyelid myoclonia,,,,,,,,Adult | Pediatric,7JTYjdaa8,NINDS:C58601|BRICS Variable Name:SeizEpilepsyGenNonMtrSubtypTyp|NLM:7JTYjdaa8,,,,,,,"https://www.ilae.org/_x000D_
Fisher RS, Cross JH, French JA, Higurashi N, Hirsch E, Jansen FE, Lagae L, Mosh√© SL, Peltola J, Roulet Perez E, Scheffer IE, Zuberi SM. Operational classification of seizure types by the International League Against Epilepsy: Position Paper of the ILAE Commission for Classification and Terminology. Epilepsia 2017;58(4):522‚Äì530.  _x000D_
Fisher RS, Cross JH, D'Souza C, French JA, Haut SR, Higurashi N, Hirsch E, Jansen FE, Lagae L, Mosh√© SL, Peltola J, Roulet Perez E, Scheffer IE, Schulze-Bonhage A, Somerville E, Sperling M, Yacubian EM, Zuberi SM. Instruction manual for the ILAE 2017 operational classification of seizure types. Epilepsia 2017;58(4):531‚Äì542.",3,8/28/13,,,Y,Supplemental,,,,,Y,Supplemental,Y,Recommended,,,Disease/Injury Related Events,Classification,,Seizure Classification,FALSE,CA,,v2 Joost,OK
C58602,Seizure epilepsy unknown onset subtype status,SeizEpilUnknOnsetSubtypStat,,The element related to the degree to which a seizure of unknown onset is present,NINDS,Unknown Onset Seizure Subtypes,NINDS,,,Seizure subtypes of Unknown onset (Unknown if focal or generalized),Value List,Alphanumeric,cde,FALSE,,Single Pre-Defined Value Selected,collected,,No|Possible|Probably|Definite|Unknown|N/A,No = Not present|Possible = The summary of evidence suggests less than 50% confidence level|Probable = The summary of evidence suggests greater than 50% confidence level|Definite = The summary of evidence suggests 100% confidence level|Unknown = The summary of evidence is not sufficient to support a finding|N/A = Not Applicable; to be used at the discretion of the Principal Investigator based on study design,,,,,,,,Adult | Pediatric,m1baKsupT8,NINDS:C58602|BRICS Variable Name:SeizEpilUnknOnsetSubtypStat|NLM:m1baKsupT8,,,,,,,"https://www.ilae.org/_x000D_
Fisher RS, Cross JH, French JA, Higurashi N, Hirsch E, Jansen FE, Lagae L, Mosh√© SL, Peltola J, Roulet Perez E, Scheffer IE, Zuberi SM. Operational classification of seizure types by the International League Against Epilepsy: Position Paper of the ILAE Commission for Classification and Terminology. Epilepsia 2017;58(4):522‚Äì530.  _x000D_
Fisher RS, Cross JH, D'Souza C, French JA, Haut SR, Higurashi N, Hirsch E, Jansen FE, Lagae L, Mosh√© SL, Peltola J, Roulet Perez E, Scheffer IE, Schulze-Bonhage A, Somerville E, Sperling M, Yacubian EM, Zuberi SM. Instruction manual for the ILAE 2017 operational classification of seizure types. Epilepsia 2017;58(4):531‚Äì542.",3,8/28/13,,,Y,Recommended,,,,,Y,Supplemental,Y,Recommended,,,Disease/Injury Related Events,Classification,,Seizure Classification,FALSE,CA,,v2 Joost,OK
C58603,Seizure epilepsy unknown onset subtype type,SeizEpilepsyUnknOnsSubtypTyp,,The element related to type of unknown onset seizures the participant/subject is experiencing,NINDS,Unknown Onset Seizure Subtypes,NINDS,,,Seizure subtypes of Unknown onset (Unknown if focal or generalized),Value List,Alphanumeric,cde,FALSE,"Tonic, clonic, atonic and epileptic spasm: When these seizure types occur in patients with combined focal and generalized epilepsy, it is often difficult to determine whether their onset is focal or generalized. Unless captured on EEG with a clear focal or generalized onset, please use the Unknown Onset box in these cases. (e.g., Lennox Gastaut Syndrome).",Single Pre-Defined Value Selected,collected,,Generalized tonic-clonic|Motor NOS|Clonic|Tonic|Myoclonic|Atonic|Epileptic spasms|Non-motor NOS,Generalized tonic-clonic|Motor NOS (not otherwise specified)|Clonic|Tonic|Myoclonic|Atonic|Epileptic spasms|Non-motor NOS (not otherwise specified),,,,,,,,Adult | Pediatric,7JGTFodaTL,NINDS:C58603|BRICS Variable Name:SeizEpilepsyUnknOnsSubtypTyp|NLM:7JGTFodaTL,,,,,,,"https://www.ilae.org/_x000D_
Fisher RS, Cross JH, French JA, Higurashi N, Hirsch E, Jansen FE, Lagae L, Mosh√© SL, Peltola J, Roulet Perez E, Scheffer IE, Zuberi SM. Operational classification of seizure types by the International League Against Epilepsy: Position Paper of the ILAE Commission for Classification and Terminology. Epilepsia 2017;58(4):522‚Äì530.  _x000D_
Fisher RS, Cross JH, D'Souza C, French JA, Haut SR, Higurashi N, Hirsch E, Jansen FE, Lagae L, Mosh√© SL, Peltola J, Roulet Perez E, Scheffer IE, Schulze-Bonhage A, Somerville E, Sperling M, Yacubian EM, Zuberi SM. Instruction manual for the ILAE 2017 operational classification of seizure types. Epilepsia 2017;58(4):531‚Äì542.",3,8/28/13,,,Y,Supplemental,,,,,Y,Supplemental,Y,Recommended,,,Disease/Injury Related Events,Classification,,Seizure Classification,FALSE,CA,,v2 Joost,OK
C58604,Seizure unclassified classification status,SeizUnclassClassStat,,The element related to the degree to which unclassified seizures are present,NINDS,,NINDS,,,Seizure type is unclassified - Complete below for Unclassified seizure type,Value List,Alphanumeric,cde,FALSE,,Single Pre-Defined Value Selected,collected,,No|Possible|Probably|Definite|Unknown|N/A,No = Not present|Possible = The summary of evidence suggests less than 50% confidence level|Probable = The summary of evidence suggests greater than 50% confidence level|Definite = The summary of evidence suggests 100% confidence level|Unknown = The summary of evidence is not sufficient to support a finding|N/A = Not Applicable; to be used at the discretion of the Principal Investigator based on study design,,,,,,,,Adult | Pediatric,mJ0tsupT8,NINDS:C58604|BRICS Variable Name:SeizUnclassClassStat|NLM:mJ0tsupT8,,,,,,,"https://www.ilae.org/_x000D_
Fisher RS, Cross JH, French JA, Higurashi N, Hirsch E, Jansen FE, Lagae L, Mosh√© SL, Peltola J, Roulet Perez E, Scheffer IE, Zuberi SM. Operational classification of seizure types by the International League Against Epilepsy: Position Paper of the ILAE Commission for Classification and Terminology. Epilepsia 2017;58(4):522‚Äì530.  _x000D_
Fisher RS, Cross JH, D'Souza C, French JA, Haut SR, Higurashi N, Hirsch E, Jansen FE, Lagae L, Mosh√© SL, Peltola J, Roulet Perez E, Scheffer IE, Schulze-Bonhage A, Somerville E, Sperling M, Yacubian EM, Zuberi SM. Instruction manual for the ILAE 2017 operational classification of seizure types. Epilepsia 2017;58(4):531‚Äì542.",3,8/28/13,,,Y,Recommended,,,,,Y,Recommended,Y,Recommended,,,Disease/Injury Related Events,Classification,,Seizure Classification,FALSE,CA,,v2 Joost,OK
C58580,Specific epilepsy etiology classification type,SpecEpilepsyEtioClassTyp,,"The categorization for etiology of epilepsy as linked to identified genetic or presumed genetic, structural, metabolic, immune, infectious or unknown causes. Genetic (or presumed) causes of epilepsy are understood to be the direct result of a known or presumed genetic defect(s) in which seizures are the core symptom of the disorder. Unknown cause is meant to be taken neutrally and to designate that the nature of the underlying cause is not yet unknown. Structural, metabolic, immune or infectious causes are due to a distinct condition that has been associated with substantially increased risk of developing epilepsy as demonstrated in appropriately designed studies",NINDS,Epilepsy Etiology Classification,NINDS,,,Specific Etiology,Value List,Alphanumeric,,,,,collected,,Genetic or presumed genetic|Structural|Metabolic/toxic|Other,,,,,,,,,Adult | Pediatric,,,,,,,,,"Berg AT, Berkovic SF, Brodie MJ, Buchhalter J, Cross JH, van Emde Boas W, Engel J, French J, Glauser TA, Mathern GW, Moshé SL, Nordli D, Plouin P, Scheffer IE. Revised terminology and concepts for organization of seizures and epilepsies: report of the ILAE Commission on Classification and Terminology, 2005-2009. Epilepsia. 2010;51(4):676–685. https://onlinelibrary.wiley.com/doi/full/10.1111/j.1528-1167.2010.02522.x",1,10/5/12,,,Y,Core,,,,,,,Y,Core,,,Disease/Injury Related Events,Classification,,Eitiological Classification,,BCM,,,
C58606,Other epilepsy etiology type,OtherEpilEtioTyp,,The categorization for other etiology of epilepsy,NINDS,Epilepsy Etiology Classification,NINDS,,,"Other, specify",Value List,Alphanumeric,,,"If other etiology, select the specific type.",,collected,,Immune;Infectious;Unknown,"Immune;Infectious(viral, bacterial, parasitic);Unknown (epilepsy of unknown cause, without relevant abnormalities on examination, coginition, history or imaging)",,,,,,,,Adult | Pediatric,,,,,,,,,"Berg AT, Berkovic SF, Brodie MJ, Buchhalter J, Cross JH, van Emde Boas W, Engel J, French J, Glauser TA, Mathern GW, Moshé SL, Nordli D, Plouin P, Scheffer IE. Revised terminology and concepts for organization of seizures and epilepsies: report of the ILAE Commission on Classification and Terminology, 2005-2009. Epilepsia. 2010;51(4):676–685. https://onlinelibrary.wiley.com/doi/full/10.1111/j.1528-1167.2010.02522.x",1,10/5/12,,,Y,Recommended,,,,,,,Y,Recommended,,,Disease/Injury Related Events,Classification,,Eitiological Classification,,BCM,,,
C58582,Genetic presumed genetic epilepsy etiology type,GeneticPresumeGenEpilEtioTyp,,The categorization for other etiology of epilepsy,NINDS,Epilepsy Etiology Classification,NINDS,,,Genetic or presumed genetic,Value List,Alphanumeric,,,"If genetic or presumed genetic etiology, specify type. Etiologies that are both genetic and structural will be captured under genetic, not otherwise specified",Single Pre-Defined Value Selected,collected,,Idiopathic generalized with known syndrome;Other generalized epilepsy known or presumed to be genetic but not meeting criteria for an idiopathic   generalized epilepsy syndrome;Known genetic mutation with or without developmental /epileptic encephalopathy or known disease/syndrome linked to genetic mutation;Focal epilepsy with or without a known proven mutation;Genetic epilepsies not otherwise specified,"Idiopathic generalized with known syndrome (childhood and juvenile absence epilepsy, juvenile myoclonic epilepsy, generalized GTCS alone);Other generalized epilepsy known or presumed to be genetic but not meeting criteria for an idiopathic   generalized epilepsy syndrome (e.g., Doose Syndrome);Known genetic mutation with or without developmental /epileptic encephalopathy (e.g., CDKL5) or known disease/syndrome linked to genetic mutation (e.g., Dravet syndrome);Focal epilepsy with or without a known proven mutation (e.g., LGI1, ADNFL);Genetic epilepsies not otherwise specified",,,,,,,,Adult | Pediatric,,,,,,,,,"Berg AT, Berkovic SF, Brodie MJ, Buchhalter J, Cross JH, van Emde Boas W, Engel J, French J, Glauser TA, Mathern GW, Moshé SL, Nordli D, Plouin P, Scheffer IE. Revised terminology and concepts for organization of seizures and epilepsies: report of the ILAE Commission on Classification and Terminology, 2005-2009. Epilepsia. 2010;51(4):676–685. https://onlinelibrary.wiley.com/doi/full/10.1111/j.1528-1167.2010.02522.x",,,,,,,,,,,,,Y,Recommended,,,Disease/Injury Related Events,Classification,,Eitiological Classification,,BCM,,,
C58605,Metabolic toxic epilepsy etiology type,MetabolToxicEpilEtioTyp,,The categorization for metabolic toxic etiology of epilepsy,NINDS,Epilepsy Etiology Classification,NINDS,,,Metabolic/toxic,Value List,Alphanumeric,,,"If metabolic toxic etiology, select the specific type.",,collected,,Inborn errors of metabolism;Other metabolic or toxic insults,Inborn errors of metabolism;Other metabolic or toxic insults,,,,,,,,Adult | Pediatric,,,,,,,,,"Berg AT, Berkovic SF, Brodie MJ, Buchhalter J, Cross JH, van Emde Boas W, Engel J, French J, Glauser TA, Mathern GW, Moshé SL, Nordli D, Plouin P, Scheffer IE. Revised terminology and concepts for organization of seizures and epilepsies: report of the ILAE Commission on Classification and Terminology, 2005-2009. Epilepsia. 2010;51(4):676–685. https://onlinelibrary.wiley.com/doi/full/10.1111/j.1528-1167.2010.02522.x",,,,,,,,,,,,,Y,Recommended,,,Disease/Injury Related Events,Classification,,Eitiological Classification,,BCM,,,
C58587,Structural epilepsy etiology type,StructuralEpilEtioTyp,,The categorization for structural etiology of epilepsy,NINDS,Epilepsy Etiology Classification,NINDS,,,Structural,Value List,Alphanumeric,cde,FALSE,"If structural etiology, select the specific type. Etiologies that are both genetic and structural will be captured under genetic, not otherwise specified",Single Pre-Defined Value Selected,collected,,"Traumatic brain injury|Stroke|Intraventricular hemorrhage|Hypoxic-ischemic encephalopathy|Neurocutaneous syndromes|Developmental/epileptic encephalopathy of unknown cause|Malformations of cortical or other brain development with or without known genetic determinants|Neoplasia|Mesial Temporal Sclerosis|Dementia|Other degenerative neurologic diseases|Structural, other","Traumatic brain injury|Stroke|Intraventricular hemorrhage|Hypoxic-ischemic encephalopathy|Neurocutaneous syndromes (e.g., tuberous sclerosis, neurofibromatosis)|Developmental/epileptic encephalopathy of unknown cause as evidenced by the presence of intellectual disability, cerebral palsy, or autism with no evidence of a specific insult of disorder to which cause can be attributed preceding the onset of epilepsy|Malformations of cortical or other brain development with or without known genetic determinants|Neoplasia|Mesial Temporal Sclerosis|Dementia|Other degenerative neurologic diseases|Structural, other (e.g., encephalocele, structural abnormality of unknown cause)",,,,,,,,Adult | Pediatric,QkBtsOp6L,NINDS:C58587|BRICS Variable Name:StructuralEpilEtioTyp|NLM:QkBtsOp6L,,,,,,,"Berg AT, Berkovic SF, Brodie MJ, Buchhalter J, Cross JH, van Emde Boas W, Engel J, French J, Glauser TA, Mathern GW, Mosh√© SL, Nordli D, Plouin P, Scheffer IE. Revised terminology and concepts for organization of seizures and epilepsies: report of the ILAE Commission on Classification and Terminology, 2005-2009. Epilepsia. 2010;51(4):676‚Äì685. https://onlinelibrary.wiley.com/doi/full/10.1111/j.1528-1167.2010.02522.x",1,10/10/18,,,Y,Recommended,,,,,Y,Recommended,Y,Core,,,Disease/Injury Related Events,Classification,,Eitiological Classification,FALSE,BCM,updated permissible values to exclude the metabolic/toxic answer choices (to align csv to pdf,,
C14425,Epilepsy etiology specific attribution confidence type,EpilepsyEtioSpecAttrbConfidTyp,,"The level of confidence attributed to the categorizing of specific etiology of epilepsy to genetic or presumed genetic, structural, metabolic, immune, infectious or unknown factors.",NINDS,Epilepsy Etiology Classification,NINDS,,,Present?,Value List,Alphanumeric,cde,FALSE,"If more than one etiology is present, please identify each plausible etiology (e.g., patient had a traumatic brain injury with loss of consciousness, but also had a known CNS abscess
If one etiology could be considered as fitting in two different categories, please check boxes for BOTH categories. Examples include 1) Tuberous Sclerosis Complex, which is both structural and genetic and 2) Glut-1 deficiency which is both metabolic and genetic

No = Not present; Possible = The summary of evidence suggests less than 50% confidence level; Probable = the summary of evidence sugests greater than 50% confidence level; Definite = The summary of evidence suggests 100% confidence level; Unknown = The summary of evidence is not suffiecient to support a finding; N/A = Not Applicable; to be used at the discretion fo the Principal Investigator based on study design.",Single Pre-Defined Value Selected,collected,,No|Possible|Probable|Definite|Unknown|N/A,No = Not present|Possible = The summary of evidence suggests less than 50% confidence level|Probable = The summary of evidence suggests greater than 50% confidence level|Definite = The summary of evidence suggests 100% confidence level|Unknown = The summary of evidence is not sufficient to support a finding|N/A = Not Applicable; to be used at the discretion of the Principal Investigator based on study design,,,,,,,,Adult | Pediatric,YeZX5F49WAN,NINDS:C14425|BRICS Variable Name:EpilepsyEtioSpecAttrbConfidTyp|NLM:YeZX5F49WAN,,,,,,,"Berg AT, Berkovic SF, Brodie MJ, Buchhalter J, et al. Revised terminology and concepts for organization of seizures and epilepsies: report of the ILAE Commission on Classification and Terminology, 2005-2009. Epilepsia. 2010 Apr;51(4):676-85. http://www.ilae-epilepsy.org/Visitors/Centre/ctf/ctfoverview.cfm",3,8/28/13,,,,,,,,,Y,Recommended,Y,Core,,,Disease/Injury Related Events,Classification,,Eitiological Classification,FALSE,BCM,,,
C14426,Epilepsy etiology primary type,EpilEtioPrimryTyp,,"Primary etiologic cause for epilepsy when multiple etiologies are present (i.e., more than one etiology, as described by the International League Against Epilepsy, is coded as definite or possible)",NINDS,Epilepsy Etiology Classification,NINDS,,,Primary Cause,Value List,Alphanumeric,,,"If more than one specific etiology is selected, specify: If more than one etiology has been coded as definite or possible, then a primary cause must be selected. Choose the letter corresponding to the etiology for the primary cause (e.g., c would be chosen if the primary cause was stroke).",,collected,,"Genetic: Idiopathic generalized with known syndrome (childhood and juvenile absence epilepsy, juvenile myoclonic epilepsy, generalized GTCS alone)|Genetic: Other generalized epilepsy known or presumed to be genetic but not meeting criteria for an idiopathic generalized epilepsy syndrome (e.g., Doose Syndrome)|Genetic: Known genetic mutation with or without developmental /epileptic encephalopathy (e.g., CDKL5) or known disease/syndrome linked to genetic mutation (e.g., Dravet syndrome)|Genetic: Focal epilepsy with or without a known proven mutation (e.g., LGI1, ADNFL)|Genetic: Genetic epilepsies not otherwise specified (Etiologies that are both genetic and structural will be captured under genetic, not otherwise specified)|Structural: Traumatic brain injury|Structural: Stroke|Structural: Intraventricular hemorrhage|Structural: Hypoxic-ischemic encephalopathy|Structural: Neurocutaneous syndromes (e.g., tuberous sclerosis, neurofibromatosis)|Structural: Developmental/epileptic encephalopathy of unknown cause as evidenced by the presence of intellectual disability, cerebral palsy, or autism with no evidence of a specific insult of disorder to which cause can be attributed preceding the onset of epilepsy|Structural: Malformations of cortical or other brain development with or without known genetic determinants|Structural: Neoplasia|Structural: Mesial temporal sclerosis|Structural: Dementia|Structural: Other degenerative neurologic diseases|Structural, other (e.g., encephalocele, structural abnormality of unknown cause)|Metabolic/toxic: Inborn errors of metabolism|Metabolic/toxic: Other metabolic or toxic insults|Other: Immune|Other: Infectious (viral, bacterial, parasitic)|Other: Unknown (epilepsy of unknown cause, without relevant abnormalities on examination, cognition, history or imaging)","Genetic: Idiopathic generalized with known syndrome (childhood and juvenile absence epilepsy, juvenile myoclonic epilepsy, generalized GTCS alone)|Genetic: Other generalized epilepsy known or presumed to be genetic but not meeting criteria for an idiopathic generalized epilepsy syndrome (e.g., Doose Syndrome)|Genetic: Known genetic mutation with or without developmental /epileptic encephalopathy (e.g., CDKL5) or known disease/syndrome linked to genetic mutation (e.g., Dravet syndrome)|Genetic: Focal epilepsy with or without a known proven mutation (e.g., LGI1, ADNFL)|Genetic: Genetic epilepsies not otherwise specified (Etiologies that are both genetic and structural will be captured under genetic, not otherwise specified)|Structural: Traumatic brain injury|Structural: Stroke|Structural: Intraventricular hemorrhage|Structural: Hypoxic-ischemic encephalopathy|Structural: Neurocutaneous syndromes (e.g., tuberous sclerosis, neurofibromatosis)|Structural: Developmental/epileptic encephalopathy of unknown cause as evidenced by the presence of intellectual disability, cerebral palsy, or autism with no evidence of a specific insult of disorder to which cause can be attributed preceding the onset of epilepsy|Structural: Malformations of cortical or other brain development with or without known genetic determinants|Structural: Neoplasia|Structural: Mesial temporal sclerosis|Structural: Dementia|Structural: Other degenerative neurologic diseases|Structural, other (e.g., encephalocele, structural abnormality of unknown cause)|Metabolic/toxic: Inborn errors of metabolism|Metabolic/toxic: Other metabolic or toxic insults|Other: Immune|Other: Infectious (viral, bacterial, parasitic)|Other: Unknown (epilepsy of unknown cause, without relevant abnormalities on examination, cognition, history or imaging)",,,,,,,,Adult | Pediatric,YeZX5F49WAN,NINDS:C14425|BRICS Variable Name:EpilepsyEtioSpecAttrbConfidTyp|NLM:YeZX5F49WAN,,,,,,,"Berg AT, Berkovic SF, Brodie MJ, Buchhalter J, et al. Revised terminology and concepts for organization of seizures and epilepsies: report of the ILAE Commission on Classification and Terminology, 2005-2009. Epilepsia. 2010 Apr;51(4):676-85. http://www.ilae-epilepsy.org/Visitors/Centre/ctf/ctfoverview.cfm",,,,,Y,Recommended,,,,,,,Y,Core,,,Disease/Injury Related Events,Classification,,Eitiological Classification,,BCM,,,
C14427,Epilepsy etiology secondary type,EpilEtioSecondaryTyp,,"Secondary etiologic cause for epilepsy when multiple etiologies are present (i.e., more than one etiology, as described by the International League Against Epilepsy, is coded as definite or possible).",NINDS,Epilepsy Etiology Classification,NINDS,,,Secondary Cause,Value List,Alphanumeric,cde,FALSE,"If more than one specific etiology is selected, specify: If more than one etiology has been coded as definite or possible, then a secondary cause must be selected. Choose the letter corresponding to the etiology for the secondary cause (e.g., b would be chosen if the secondary cause was traumatic brain injury).",Single Pre-Defined Value Selected,collected,,"Genetic: Idiopathic generalized with known syndrome (childhood and juvenile absence epilepsy, juvenile myoclonic epilepsy, generalized GTCS alone)|Genetic: Other generalized epilepsy known or presumed to be genetic but not meeting criteria for an idiopathic generalized epilepsy syndrome (e.g., Doose Syndrome)|Genetic: Known genetic mutation with or without developmental /epileptic encephalopathy (e.g., CDKL5) or known disease/syndrome linked to genetic mutation (e.g., Dravet syndrome)|Genetic: Focal epilepsy with or without a known proven mutation (e.g., LGI1, ADNFL)|Genetic: Genetic epilepsies not otherwise specified (Etiologies that are both genetic and structural will be captured under genetic, not otherwise specified)|Structural: Traumatic brain injury|Structural: Stroke|Structural: Intraventricular hemorrhage|Structural: Hypoxic-ischemic encephalopathy|Structural: Neurocutaneous syndromes (e.g., tuberous sclerosis, neurofibromatosis)|Structural: Developmental/epileptic encephalopathy of unknown cause as evidenced by the presence of intellectual disability, cerebral palsy, or autism with no evidence of a specific insult of disorder to which cause can be attributed preceding the onset of epilepsy|Structural: Malformations of cortical or other brain development with or without known genetic determinants|Structural: Neoplasia|Structural: Mesial temporal sclerosis|Structural: Dementia|Structural: Other degenerative neurologic diseases|Structural, other (e.g., encephalocele, structural abnormality of unknown cause)|Metabolic/toxic: Inborn errors of metabolism|Metabolic/toxic: Other metabolic or toxic insults|Other: Immune|Other: Infectious (viral, bacterial, parasitic)|Other: Unknown (epilepsy of unknown cause, without relevant abnormalities on examination, cognition, history or imaging)","Genetic: Idiopathic generalized with known syndrome (childhood and juvenile absence epilepsy, juvenile myoclonic epilepsy, generalized GTCS alone)|Genetic: Other generalized epilepsy known or presumed to be genetic but not meeting criteria for an idiopathic generalized epilepsy syndrome (e.g., Doose Syndrome)|Genetic: Known genetic mutation with or without developmental /epileptic encephalopathy (e.g., CDKL5) or known disease/syndrome linked to genetic mutation (e.g., Dravet syndrome)|Genetic: Focal epilepsy with or without a known proven mutation (e.g., LGI1, ADNFL)|Genetic: Genetic epilepsies not otherwise specified (Etiologies that are both genetic and structural will be captured under genetic, not otherwise specified)|Structural: Traumatic brain injury|Structural: Stroke|Structural: Intraventricular hemorrhage|Structural: Hypoxic-ischemic encephalopathy|Structural: Neurocutaneous syndromes (e.g., tuberous sclerosis, neurofibromatosis)|Structural: Developmental/epileptic encephalopathy of unknown cause as evidenced by the presence of intellectual disability, cerebral palsy, or autism with no evidence of a specific insult of disorder to which cause can be attributed preceding the onset of epilepsy|Structural: Malformations of cortical or other brain development with or without known genetic determinants|Structural: Neoplasia|Structural: Mesial temporal sclerosis|Structural: Dementia|Structural: Other degenerative neurologic diseases|Structural, other (e.g., encephalocele, structural abnormality of unknown cause)|Metabolic/toxic: Inborn errors of metabolism|Metabolic/toxic: Other metabolic or toxic insults|Other: Immune|Other: Infectious (viral, bacterial, parasitic)|Other: Unknown (epilepsy of unknown cause, without relevant abnormalities on examination, cognition, history or imaging)",,,,,,,,Adult | Pediatric,_AwrfGuZh5Q,NINDS:C14427|BRICS Variable Name:EpilEtioSecondaryTyp|NLM:_AwrfGuZh5Q,,,,,,,"Berg AT, Berkovic SF, Brodie MJ, Buchhalter J, et al. Revised terminology and concepts for organization of seizures and epilepsies: report of the ILAE Commission on Classification and Terminology, 2005-2009. Epilepsia. 2010 Apr;51(4):676-85. http://www.ilae-epilepsy.org/Visitors/Centre/ctf/ctfoverview.cfm",1,10/5/12,,,Y,Recommended,,,,,Y,Recommended,Y,Core,,,Disease/Injury Related Events,Classification,,Eitiological Classification,FALSE,BCM,,,
C19504,Family member body uncontrolled movement indicator,FamMmberBodyUncntrlldMovmntInd,,"Indicator for uncontrolled movements of part or all of the body such as twitching, jerking, shaking, or going limp, lasting about 5 minutes or less, that a family member has had or told you that you/they had",NINDS,Indicator Seizure Symptoms,NINDS,,,"Uncontrolled movements of part or all of the body such as twitching, jerking, shaking or going limp, lasting about 5 minutes or less?",Value List,Alphanumeric,cde,FALSE,Have you/your family member had or has anyone ever told you that you/they had any of the following:,Single Pre-Defined Value Selected,collected,,No|Yes|Unknown,No|Yes|Unknown,,,,,,,,Adult | Pediatric,n_jjj6JtKJJ,NINDS:C19504|BRICS Variable Name:FamMmberBodyUncntrlldMovmntInd|NLM:n_jjj6JtKJJ,,,,,,,,1,6/30/14,,,,,,,,,Y,Supplemental,Y,Core,,,Assessments and Examinations,Physical/Neurological Examination,,Post-Traumatic Epilepsy Screening Form,FALSE,CA,,,
C19505,Family member mental state awareness level unexplained change indicator,FamMmbrMentlSteAwrnsLvlChngInd,,"Indicator for an unexplained change in mental state or level of awareness; or an episode of ""spacing out which you/your family member could not control, lasting about 5 minutes or less, that a family member has had or told you that you/they had",NINDS,Indicator Seizure Symptoms,NINDS,,,"An unexplained change in mental state or level of awareness; or an episode of ""spacing out"" which you/your family member could not control,  lasting about 5 minutes or less?",Value List,Alphanumeric,cde,FALSE,Have you/your family member had or has anyone ever told you that you/they had any of the following:,Single Pre-Defined Value Selected,collected,,No|Yes|Unknown,No|Yes|Unknown,,,,,,,,Adult | Pediatric,9zVp84Zs80g,NINDS:C19505|BRICS Variable Name:FamMmbrMentlSteAwrnsLvlChngInd|NLM:9zVp84Zs80g,,,,,,,,1,6/30/14,,,,,,,,,Y,Supplemental,Y,Core,,,Assessments and Examinations,Physical/Neurological Examination,,Post-Traumatic Epilepsy Screening Form,FALSE,CA,,,
C19506,Family member repeated unusual attack or convulsion other type indicator,FamMemRepUnuslAtkCnvlOthTypInd,,Indicator for any other type of repeated unusual attacks or convulsions lasting about 5 minutes or less that a family member has had or told you that you/they had,NINDS,Indicator Seizure Symptoms,NINDS,,,Any other type of repeated unusual attacks or convulsions lasting about 5 minutes or less?,Value List,Alphanumeric,cde,FALSE,Have you/your family member had or has anyone ever told you that you/they had any of the following:,Single Pre-Defined Value Selected,collected,,No|Yes|Unknown,No|Yes|Unknown,,,,,,,,Adult | Pediatric,CXQatzPG81n,NINDS:C19506|BRICS Variable Name:FamMemRepUnuslAtkCnvlOthTypInd|NLM:CXQatzPG81n,,,,,,,,1,6/30/14,,,,,,,,,Y,Supplemental,Y,Core,,,Assessments and Examinations,Physical/Neurological Examination,,Post-Traumatic Epilepsy Screening Form,FALSE,CA,,,
C19507,Family member seizures or epilepsy indicator,FamMembrSeizureEpilepsyInd,,Indicator for someone having told you that you/your family member have seizures or epilepsy,NINDS,,NINDS,,,Has anyone ever told you that you/your family member have seizure(s) or epilepsy?,Value List,Alphanumeric,cde,FALSE,,Single Pre-Defined Value Selected,collected,,No|Yes|Unknown,No|Yes|Unknown,,,,,,,,Adult | Pediatric,8vqCJx9GJqQ,NINDS:C19507|BRICS Variable Name:FamMembrSeizureEpilepsyInd|NLM:8vqCJx9GJqQ,,,,,,,,1,6/30/14,,,,,,,,,Y,Supplemental,Y,Core,,,Assessments and Examinations,Physical/Neurological Examination,,Post-Traumatic Epilepsy Screening Form,FALSE,CA,,,
C19508,Source of information queried type,SourceOfInformationQueriedTyp,,Type of source of information queried,NINDS,,NINDS,,,Which of the following sources of information were queried?,Value List,Alphanumeric,cde,FALSE,Check all that apply,Multiple Pre-Defined Values Selected,collected,,Caregiver|Medical record|Patient,Caregiver|Medical record|Patient,,,,,,,,Adult | Pediatric,17o4qMGbA2_,NINDS:C19508|BRICS Variable Name:SourceOfInformationQueriedTyp|NLM:17o4qMGbA2_,,,,,,,,1,6/30/14,,,,,,,,,Y,Supplemental,Y,Core,,,Assessments and Examinations,Physical/Neurological Examination,,Post-Traumatic Epilepsy Screening Form,FALSE,CA,,,
C19509,Pre traumatic brain injury seizure or epilepsy indicator,PreTBISeizureEpilepsyInd,,Indicator for seizures or epilepsy that the patient had prior to the traumatic brain injury,NINDS,,NINDS,,,Has the participant had seizures or epilepsy prior to the traumatic brain injury?,Value List,Alphanumeric,cde,FALSE,,Single Pre-Defined Value Selected,collected,,No|Yes|Unknown,No|Yes|Unknown,,,,,,,,Adult | Pediatric,GyBRcMos6zf,NINDS:C19509|BRICS Variable Name:PreTBISeizureEpilepsyInd|NLM:GyBRcMos6zf,,,,,,,,1,6/30/14,,,,,,,,,Y,Supplemental,Y,Core,,,Assessments and Examinations,Physical/Neurological Examination,,Post-Traumatic Epilepsy Screening Form,FALSE,CA,,,
C19510,Post traumatic brain injury diagnosis epilepsy seizure diagnosis indicator,PstTBIDiagEpilpSeizDiagInd,,"Indicator for the diagnosis of the participant with epilepsy, a seizure disorder, or a single seizure after the date of the traumatic brain injury diagnosis",NINDS,Seizure Dx after TBI,NINDS,,,"Hast the participant been diagnosed with epilepsy, a seizure disorder, or a single seizure after the date of the traumatic brain injury diagnosis?",Value List,Alphanumeric,cde,FALSE,,Single Pre-Defined Value Selected,collected,,No|Yes|Unknown,No|Yes|Unknown,,,,,,,,Adult | Pediatric,kaSA8Vw8KQ4,NINDS:C19510|BRICS Variable Name:PstTBIDiagEpilpSeizDiagInd|NLM:kaSA8Vw8KQ4,,,,,,,,1,6/30/14,,,,,,,,,Y,Supplemental,Y,Core,,,Assessments and Examinations,Physical/Neurological Examination,,Post-Traumatic Epilepsy Screening Form,FALSE,CA,,,
C19511,Seven days post traumatic brain injury seizure occurrence indicator,SevnDaysPstTBISeizOccurncInd,,Indicator for the occurrence of seizure(s) later than seven days after the date of the traumatic brain injury,NINDS,Seizure Dx after TBI,NINDS,,,Did seizure(s) occur later than seven days after the date of the traumatic brain injury?,Value List,Alphanumeric,cde,FALSE,,Single Pre-Defined Value Selected,collected,,No|Yes|Unknown,No|Yes|Unknown,,,,,,,,Adult | Pediatric,3FoAqGZasP5,NINDS:C19511|BRICS Variable Name:SevnDaysPstTBISeizOccurncInd|NLM:3FoAqGZasP5,,,,,,,,1,6/30/14,,,,,,,,,Y,Supplemental,Y,Core,,,Assessments and Examinations,Physical/Neurological Examination,,Post-Traumatic Epilepsy Screening Form,FALSE,CA,,,
C08007,Diagnosis first given date and time,DiagnosFirstGivnDateTime,,Date (and time if applicable and known) the participant/subject was initially diagnosed with the disease or disorder,NINDS,Seizure Dx after TBI,NINDS,,,Date of diagnosis,Date,Date or Date & Time,cde,FALSE,"Record the date/time according to the ISO 8601, the International Standard for the representation of dates and times (http://www.iso.org/iso/home.html).  The date/time should be recorded to the level of granularity known (e.g., year, year and month, complete date plus hours and minutes, etc.).",Free-Form Entry,collected,,,,,,,,,,,Adult | Pediatric,McMjvoxqjU2,NINDS:C08007|BRICS Variable Name:DiagnosFirstGivnDateTime|NLM:McMjvoxqjU2,,,,,,,No references available,3,7/24/13,,,,,,,,,Y,Supplemental,Y,Core,,,Assessments and Examinations,Physical/Neurological Examination,,Post-Traumatic Epilepsy Screening Form,FALSE,CA,,,
C19512,Diagnosis giver type,DiagnosisGiverTyp,,Type of professional who gave the diagnosis,NINDS,Seizure Dx after TBI,NINDS,,,Who gave this diagnosis?,Value List,Alphanumeric,cde,FALSE,,Single Pre-Defined Value Selected,collected,,Neurologist|Neurosurgeon|Nurse Practitioner|Pediatric Neurologist|Pediatrician|Primary Care Physician|Psychiatrist|Psychologist,Neurologist|Neurosurgeon|Nurse Practitioner|Pediatric Neurologist|Pediatrician|Primary Care Physician|Psychiatrist|Psychologist,,,,,,,,Adult | Pediatric,MqAxzkTqjQ9,NINDS:C19512|BRICS Variable Name:DiagnosisGiverTyp|NLM:MqAxzkTqjQ9,,,,,,,,1,6/30/14,,,,,,,,,Y,Supplemental,Y,Core,,,Assessments and Examinations,Physical/Neurological Examination,,Post-Traumatic Epilepsy Screening Form,FALSE,CA,,,
C19513,Seizure or epilepsy medication patient reception indicator,SeizEpilepMedicaPatntReceptInd,,Indicator for the patient's reception of medication for seizures or epilepsy,NINDS,,NINDS,,,Has the patient received medication for seizures or epilepsy?,Value List,Alphanumeric,cde,FALSE,,Single Pre-Defined Value Selected,collected,,No|Yes|Unknown,No|Yes|Unknown,,,,,,,,Adult | Pediatric,8Af9YZWKaNt,NINDS:C19513|BRICS Variable Name:SeizEpilepMedicaPatntReceptInd|NLM:8Af9YZWKaNt,,,,,,,,1,6/30/14,,,,,,,,,Y,Supplemental,Y,Core,,,Assessments and Examinations,Physical/Neurological Examination,,Post-Traumatic Epilepsy Screening Form,FALSE,CA,,,
C01010,Physical exam date and time,PhysExamDateTime,,Date (and time if applicable and known) physical exam was performed,NINDS,,NINDS,,,Date of Exam,Date,Date or Date & Time,cde,FALSE,"Record the date (and time) the physical exam was performed. Record the date/time according to the ISO 8601, the International Standard for the representation of dates and times (http://www.iso.org/iso/home.html).  The date/time should be recorded to the level of granularity known (e.g., year, year and month, complete date plus hours and minutes, etc.).",Free-Form Entry,collected,,,,,,,,,,,Adult | Pediatric,nOS744JPSOy,NINDS:C01010|ISTH:18:38:10:598|caDSR:2004170|BRICS Variable Name:PhysExamDateTime|NLM:nOS744JPSOy,,,,,,,No references available,3,8/28/13,,"Record the date (and time) the physical exam was performed. Record the date/time according to the ISO 8601, the International Standard for the representation of dates and times (http://www.iso.org/iso/home.html).  The date/time should be recorded to the level of granularity known (e.g., year, year and month, complete date plus hours and minutes, etc.).",,,,,,,Y,Supplemental,Y,Recommended,,,Assessments and Examinations,Physical/Neurological Examination,,Physical Exam,FALSE,CA,,,
C14429,Global change since prior examination result,GlobalChangeSincPriorExamReslt,,Global assessment of the difference between the prior and follow-up examinations,NINDS,Global Change from Prior,NINDS,,,"If follow-up exam, change from prior exam",Value List,Alphanumeric,cde,FALSE,Record change from prior exam if follow-up exam,Single Pre-Defined Value Selected,collected,,"No change|Improved|Worse|Unknown|Other, specify","No change|Improved|Worse|Unknown|Other, specify",,,,,,,,Adult | Pediatric,TxNkDpy1c62,NINDS:C14429|BRICS Variable Name:GlobalChangeSincPriorExamReslt|NLM:TxNkDpy1c62,,,,,,,No references available,1,10/5/12,,Record change from prior exam if follow-up exam,,,,,,,Y,Supplemental,Y,Recommended,,,Assessments and Examinations,Physical/Neurological Examination,,Physical Exam,FALSE,CA,,,
C18931,Global change since prior examination other text,GlobalChangeSincPriorExamOTH,,The free-text field related to 'Global change since prior examination result' specifying other text. Global assessment of the difference between the prior and follow-up examinations,NINDS,Global Change from Prior,NINDS,,,"Other, specify",Text,Alphanumeric,cde,FALSE,Record change from prior exam if follow-up exam,Free-Form Entry,collected,,,,,,,,4000,,,Adult | Pediatric,r5WFwaWqzA3,NINDS:C18931|BRICS Variable Name:GlobalChangeSincPriorExamOTH|NLM:r5WFwaWqzA3,,,,,,,No references available,1,10/5/12,,Record change from prior exam if follow-up exam,,,,,,,Y,Supplemental,Y,Recommended,,,Assessments and Examinations,Physical/Neurological Examination,,Physical Exam,FALSE,CA,,,
C14430,Tanner stage,TannerStage,,"Stages of physical development in children, adolescents and adults. The scale defines physical measurements of development based on external primary and secondary sex characteristics, such as the size of the breasts, genitalia, and development of pubic hair.",NINDS,,NINDS,,,Tanner Stage**,Value List,Alphanumeric,cde,FALSE,Indicate Tanner stage for pediatric studies only,Single Pre-Defined Value Selected,collected,,I|II|III|IV|V,see CRF,,,,,,,,Pediatric,1yN_3FR9aAp,NINDS:C14430|BRICS Variable Name:TannerStage|NLM:1yN_3FR9aAp,,,,,,,http://www.addison.ac.uk/endocrine_modules/module1/lecturers_material/html_files/END1.14/sld019.htm,1,10/5/12,,Indicate Tanner stage for pediatric studies only,,,,,,,Y,Supplemental,Y,Recommended,,,Assessments and Examinations,Physical/Neurological Examination,,Physical Exam,FALSE,CA,,,
C00023,Hand preference type,HandPrefTyp,,"Hand which the participant/subject uses predominantly, not necessarily the hand he/she writes with exclusively.",NINDS,,NINDS,,,Handedness,Value List,Alphanumeric,cde,FALSE,"Choose the hand which the participant/subject uses predominantly, not necessarily the hand the participant/subject writes with exclusively",Single Pre-Defined Value Selected,collected,,Left hand|Right hand|Both hands|Unknown|Not established|Forced right,Left hand|Right hand|Both hands|Unknown|Not established|Forced right,,,,,,,,Adult | Pediatric,HQ_m4_P2HpA,NINDS:C00023|caDSR:2180147|BRICS Variable Name:HandPrefTyp|NLM:HQ_m4_P2HpA,,,,,,,No references available,3,7/25/13,,"Choose the hand which the participant/subject uses predominantly, not necessarily the hand the participant/subject writes with exclusively",,,,,,,Y,Supplemental,Y,Recommended,,,Assessments and Examinations,Physical/Neurological Examination,,Physical Exam,FALSE,CA,,,
C01012,Physical exam body system result type,PhysExamBodySysResltTyp,,Assessment result of each body system examined,NINDS,PEBODSYS,NINDS,,,Result,Value List,Alphanumeric,cde,FALSE,Choose one. Indicate whether each body system examined had any abnormal findings.,Single Pre-Defined Value Selected,collected,,Abnormal|Normal|Not assessed|Not examined,Abnormal|Normal|Not assessed|Not examined,,,,,,,,Adult | Pediatric,C7U6_egHNyF,NINDS:C01012|caDSR:2821383|BRICS Variable Name:PhysExamBodySysResltTyp|NLM:C7U6_egHNyF,,,,,,,No references available,3,7/25/13,,Choose one. Indicate whether each body system examined had any abnormal findings.,,,,,,,Y,Supplemental,Y,Recommended,,,Assessments and Examinations,Physical/Neurological Examination,,Physical Exam,FALSE,CA,,,
C01013,Physical exam description text,PhysExamDescripTxt,,Free text field to describe the abnormality in a specific body system or an explanation of why the body system was not examined,NINDS,PEBODSYS,NINDS,,,Description,Text,Alphanumeric,cde,FALSE,"Provide a description of each abnormal result found during the physical exam.  Make sure to record any of the following abnormalities: dysmorphic features, neurocutaneous stigmata, and carotid bruits.",Free-Form Entry,collected,,,,,,,,255,,,Adult | Pediatric,CPXnC4nAA5j,NINDS:C01013|caDSR:2201880|BRICS Variable Name:PhysExamDescripTxt|NLM:CPXnC4nAA5j,,,,,,,SNOMED CT CODES - Problem List (http://www.nlm.nih.gov/research/umls/Snomed/core_subset.html),3,7/25/13,,"Provide a description of each abnormal result found during the physical exam.  Make sure to record any of the following abnormalities: dysmorphic features, neurocutaneous stigmata, and carotid bruits.",,,,,,,Y,Supplemental,Y,Recommended,,,Assessments and Examinations,Physical/Neurological Examination,,Physical Exam,FALSE,CA,,,
C01028,Physical exam condition SNOMED CT code,PhysExamCondSNOMEDCTcode,,Medical condition/disease found during the physical examination of the participant/subject. Systematized Nomenclature of Medicine-Clinical Terms (SNOMED CT),NINDS,PEBODSYS,NINDS,,,Physical exam condition SNOMED CT code,Text,Alphanumeric,cde,FALSE,Code the description of each abnormal result found during the physical exam using the Systematized Nomenclature of Medicine-Clinical Terms (SNOMED CT).,Free-Form Entry,collected,,,,,,,,255,,,Adult | Pediatric,nfNrA7_UZtM,NINDS:C01028|ISTH:18:37:20:596|BRICS Variable Name:PhysExamCondSNOMEDCTcode|NLM:nfNrA7_UZtM,,,,,,,SNOMED CT CODES - Problem List (http://www.nlm.nih.gov/research/umls/Snomed/core_subset.html),3,8/28/13,,Code the description of each abnormal result found during the physical exam using the Systematized Nomenclature of Medicine-Clinical Terms (SNOMED CT).,,,,,,,Y,Supplemental,Y,Recommended,,,Assessments and Examinations,Physical/Neurological Examination,,Physical Exam,FALSE,CA,,,
C01519,Vital signs date and time,VitalSgnDateTime,,"Date (and time, if applicable and known) the vital signs and other body measurements were taken by indicating the month, day, and year for the date and am, pm, or 24 hour clock for time",NINDS,,NINDS,,,Date and Time,Date,Date or Date & Time,cde,FALSE,"Record the date vital signs are taken. Record the date/time according to the ISO 8601, the International Standard for the representation of dates and times (http://www.iso.org/iso/home.html).  The date/time should be recorded to the level of granularity known (e.g., year, year and month, complete date plus hours and minutes, etc.).",Free-Form Entry,collected,,,,,,,,,,,Adult | Pediatric,abmAnDXu5my,NINDS:C01519|caDSR:2829808|BRICS Variable Name:VitalSgnDateTime|NLM:abmAnDXu5my,,,,,,,No references available,3,8/28/13,,"Record the date vital signs are taken. Record the date/time according to the ISO 8601, the International Standard for the representation of dates and times (http://www.iso.org/iso/home.html).  The date/time should be recorded to the level of granularity known (e.g., year, year and month, complete date plus hours and minutes, etc.).",,,,,,,Y,Supplemental,Y,Recommended,,,Assessments and Examinations,Vital Signs and Other Body Measures,,Vitals,FALSE,CA,,,
C01521,Heart rate,HeartRate,,The participant/subject's pulse or number of contractions (heart beats) per minute,NINDS,,NINDS,,,Heart Rate/Pulse,Number,Numeric Values,cde,FALSE,Record the pulse of the participant/ subject in beats per minute.,Free-Form Entry,collected,,,,,,,beats per minute,,0,300,Adult | Pediatric,bEEd67Oc0W1,NINDS:C01521|caDSR:2767073|BRICS Variable Name:HeartRate|NLM:bEEd67Oc0W1,,,,,,,No references available,3.1,3/11/24,,Record the pulse of the participant/ subject in beats per minute.,,,,,,,Y,Supplemental,Y,Recommended,,,Assessments and Examinations,Vital Signs and Other Body Measures,,Vitals,FALSE,CA,,,
C01535,Respiratory rate,RespRate,,Rate of the participant/subject's breathing (inhalation and exhalation).,NINDS,,NINDS,,,Respiratory Rate,Number,Numeric Values,cde,FALSE,Record the respiratory rate of the participant/subject in breaths per minute.,Free-Form Entry,collected,,,,,,,breaths per minute,,0,120,Adult | Pediatric,ARqtQo1xK1A,NINDS:C01535|ISTH:18:102:27:608|caDSR:2644399|BRICS Variable Name:RespRate|NLM:ARqtQo1xK1A,,,,,,,No references available,3.1,3/11/24,,Record the respiratory rate of the participant/subject in breaths per minute.,,,,,,,Y,Supplemental,Y,Recommended,,,Assessments and Examinations,Vital Signs and Other Body Measures,,Vitals,FALSE,CA,,,
C01565,Blood pressure systolic measurement,BldPressrSystMeasr,,Measurement of pressure of the participant's/subject's blood against the artery walls during systole (the contraction phase) in millimeters of mercury (mmHg),NINDS,Blood Pressure,NINDS,,,Blood Pressure (systolic),Number,Numeric Values,cde,FALSE,"Record the systolic blood pressure of the participant/ subject.  The standard unit for measuring blood pressure is mmHg, which is approximately equivalent to Torr.",Free-Form Entry,collected,,,,,,,mmHg,,0,300,Adult | Pediatric,XZO3pRNw42G,NINDS:C01565|ISTH:18:102:27:604|BRICS Variable Name:BldPressrSystMeasr|CDISC:C25298|NLM:XZO3pRNw42G|caDSR:2004289,,C25298,,,,,No references available,3.1,3/11/24,,"Record the systolic blood pressure of the participant/ subject.  The standard unit for measuring blood pressure is mmHg, which is approximately equivalent to Torr.",,,,,,,Y,Supplemental,Y,Recommended,,,Assessments and Examinations,Vital Signs and Other Body Measures,,Vitals,FALSE,CA,,,
C01507,Blood pressure diastolic measurement,BldPressrDiastlMeasr,,Measurement of pressure of the participant's/subject's blood against the artery walls during diastole (the relaxation phase) in millimeters of mercury (mmHg),NINDS,Blood Pressure,NINDS,,,Blood Pressure (diastolic),Number,Numeric Values,cde,FALSE,"Record the diastolic blood pressure of the participant/ subject.  The standard unit for measuring blood pressure is mmHg, which is approximately equivalent to Torr.",Free-Form Entry,collected,,,,,,,mmHg,,0,300,Adult | Pediatric,cvtAEVWeVwO,NINDS:C01507|ISTH:18:102:27:602|caDSR:2004291|BRICS Variable Name:BldPressrDiastlMeasr|NLM:cvtAEVWeVwO,,,,,,,No references available,3.1,3/11/24,,"Record the diastolic blood pressure of the participant/ subject.  The standard unit for measuring blood pressure is mmHg, which is approximately equivalent to Torr.",,,,,,,Y,Supplemental,Y,Recommended,,,Assessments and Examinations,Vital Signs and Other Body Measures,,Vitals,FALSE,CA,,,
C01553,Blood pressure measurement position type,BldPressrMeasrPositionTyp,,Indicator of the participant/subject's position during the blood pressure measurement.,NINDS,Blood Pressure,NINDS,,,Participant's/Subject's Position,Value List,Alphanumeric,cde,FALSE,Record the position the participant/ subject was in when the blood pressure was measured.,Single Pre-Defined Value Selected,collected,,Sitting|Standing|Supine|Unknown,Sitting|Standing|Supine|Unknown,,,,,,,,Adult | Pediatric,sfvFJDT0Xf0,NINDS:C01553|caDSR:2008432|BRICS Variable Name:BldPressrMeasrPositionTyp|NLM:sfvFJDT0Xf0,,,,,,,No references available,3.1,3/11/24,,Record the position the participant/ subject was in when the blood pressure was measured.,,,,,,,Y,Supplemental,Y,Recommended,,,Assessments and Examinations,Vital Signs and Other Body Measures,,Vitals,FALSE,CA,,,
C01539,Temperature measurement,TempMeasr,,Measurement of the participant's/subject's body temperature.,NINDS,Temperature,NINDS,,,Temperature measurement (Celsius),Number,Numeric Values,cde,FALSE,Record the temperature of the participant/ subject.  Also indicate the scale used to capture temperature.,Free-Form Entry,collected,,,,,,,degree Celsius,,0,50,Adult | Pediatric,2V9Th1t2guY,NINDS:C01539|ISTH:18:102:27:609|caDSR:2644401|BRICS Variable Name:TempMeasr|NLM:2V9Th1t2guY,,,,,,,No references available,3,8/28/13,,Record the temperature of the participant/ subject.  Also indicate the scale used to capture temperature.,,,,,,,Y,Supplemental,Y,Recommended,,,Assessments and Examinations,Vital Signs and Other Body Measures,,Vitals,FALSE,CA,,,
C01580,Temperature unit of measure,TempUOM,,Unit of measure for the temperature numerical value,NINDS,Temperature,NINDS,,,Temperature Unit,Value List,Alphanumeric,cde,FALSE,Choose either F (degrees Fahrenheit) or C (degrees Celsius).,Single Pre-Defined Value Selected,collected,,F|C,degrees Fahrenheit|degrees Celsius,,,,,,,,Adult | Pediatric,QHZV_BwjfVW,NINDS:C01580|caDSR:2956267|BRICS Variable Name:TempUOM|NLM:QHZV_BwjfVW,,,,,,,Unified Code for Units of Measure - http://unitsofmeasure.org/,3,7/24/13,,Choose either F (degrees Fahrenheit) or C (degrees Celsius).,,,,,,,Y,Supplemental,Y,Recommended,,,Assessments and Examinations,Vital Signs and Other Body Measures,,Vitals,FALSE,CA,,,
C01550,Temperature measurement anatomic site,TempMeasrAntmicSite,,Anatomic site on or within the body where the temperature was measured.,NINDS,Temperature,NINDS,,,Temperature method,Value List,Alphanumeric,cde,FALSE,Choose one.  Record the location where the temperature was measured.  This elements is most relevant to pediatric clinical studies.,Single Pre-Defined Value Selected,collected,,"Oral|Rectal|Tympanic|Axillary|Forehead Cutaneous Infrared|Bladder|Esophageal|Brain|Other, specify|Unknown","Oral|Rectal|Tympanic|Axillary|Forehead Cutaneous Infrared|Bladder|Esophageal|Brain|Other, specify|Unknown",,,,,,,,Adult | Pediatric,KAwO5BMbzEZ,NINDS:C01550|caDSR:3151195|BRICS Variable Name:TempMeasrAntmicSite|NLM:KAwO5BMbzEZ,,,,,,,No references available,3,8/28/13,,Choose one.  Record the location where the temperature was measured.  This elements is most relevant to pediatric clinical studies.,,,,,,,Y,Supplemental,Y,Recommended,,,Assessments and Examinations,Vital Signs and Other Body Measures,,Vitals,FALSE,CA,,,
C18767,Temperature measurement other text,TempMeasrOTH,,The free-text field related to 'Temperature measurement anatomic site' specifying other text. Anatomic site on or within the body where the temperature was measured.,NINDS,Temperature,NINDS,,,"Other, specify",Text,Alphanumeric,cde,FALSE,Choose one.  Record the location where the temperature was measured.  This elements is most relevant to pediatric clinical studies.,Free-Form Entry,collected,,,,,,,,4000,,,Adult | Pediatric,mZ_7tEAeGVc,NINDS:C18767|caDSR:3151195|BRICS Variable Name:TempMeasrOTH|NLM:mZ_7tEAeGVc,,,,,,,No references available,1,5/27/14,,Choose one.  Record the location where the temperature was measured.  This elements is most relevant to pediatric clinical studies.,,,,,,,Y,Supplemental,Y,Recommended,,,Assessments and Examinations,Vital Signs and Other Body Measures,,Vitals,FALSE,CA,,,
C01541,Weight measurement,WgtMeasr,,Measurement of participant's/subject's weight,NINDS,Weight,NINDS,,,Weight,Number,Numeric Values,cde,FALSE,"Record the weight of the participant/subject. To be collected at the visit, not self-reported. Also, indicate whether weight was measured in pounds (lbs) or kilograms (kg).",Free-Form Entry,collected,,,,,,,kilogram,,0,500,Adult | Pediatric,PX2rm_VwwK9,NINDS:C01541|ISTH:18:43:27:611|caDSR:2179689|BRICS Variable Name:WgtMeasr|NLM:PX2rm_VwwK9,,,,,,,"EPILEPSY: Lipton RL, et al. Prevalence and burden of Migraine in the United States: Data from the American Migraine Study II. Headache. 2001; 41: 646-657.",3.1,2/29/24,,"Record the weight of the participant/subject. To be collected at the visit, not self-reported. Also, indicate whether weight was measured in pounds (lbs) or kilograms (kg).",,,,,,,Y,Supplemental,Y,Recommended,,,Assessments and Examinations,Vital Signs and Other Body Measures,,Vitals,FALSE,CA,,,
C01581,Weight unit of measure,WgtUoM,,Unit of measure for the weight numerical value,NINDS,Weight,NINDS,,,Weight Unit,Value List,Alphanumeric,cde,FALSE,Choose either Pounds (lb) or Kilograms (kg).,Single Pre-Defined Value Selected,collected,,Pounds|Kilograms|oz,Pounds|Kilograms|ounce,,,,,,,,Adult | Pediatric,mAn2wuQtcaT,NINDS:C01581|caDSR:2630200|BRICS Variable Name:WgtUoM|NLM:mAn2wuQtcaT,,,,,,,Unified Code for Units of Measure - http://unitsofmeasure.org/,3,7/25/13,,Choose either Pounds (lb) or Kilograms (kg).,,,,,,,Y,Supplemental,Y,Recommended,,,Assessments and Examinations,Vital Signs and Other Body Measures,,Vitals,FALSE,CA,,,
C01522,Height measurement,HgtMeasr,,Measurement of participant's/subject's height.,NINDS,Height,NINDS,,,Height/Length,Number,Numeric Values,cde,FALSE,"Record the height (or length for the very young) of the participant/ subject. To be collected at the visit, not self-reported. Also, indicate whether height was measured in inches (in) or centimeters (cm).",Free-Form Entry,collected,,,,,,,centimeter,,0,400,Adult | Pediatric,DdJWthtm1fV,NINDS:C01522|ISTH:18:43:27:600|caDSR:649|BRICS Variable Name:HgtMeasr|NLM:DdJWthtm1fV,,,,,,,"EPILEPSY: Lipton RL, et al. Prevalence and burden of Migraine in the United States: Data from the American Migraine Study II. Headache. 2001; 41: 646-657.",3.1,2/29/24,,"Record the height (or length for the very young) of the participant/ subject. To be collected at the visit, not self-reported. Also, indicate whether height was measured in inches (in) or centimeters (cm).",,,,,,,Y,Supplemental,Y,Recommended,,,Assessments and Examinations,Vital Signs and Other Body Measures,,Vitals,FALSE,CA,,,
C01582,Height unit of measure,HgtUOM,,Unit of measure for the height numerical value for subject/participant,NINDS,Height,NINDS,,,Height/Length Unit,Value List,Alphanumeric,cde,FALSE,Choose either Inches (in) or Centimeters (cm).,Single Pre-Defined Value Selected,collected,,Inches|Centimeters|meters|feet,Inches|Centimeters|meters|feet,,,,,,,,Adult | Pediatric,DvkepsTn0MD,NINDS:C01582|caDSR:2538920|BRICS Variable Name:HgtUOM|NLM:DvkepsTn0MD,,,,,,,Unified Code for Units of Measure - http://unitsofmeasure.org/,3.1,2/29/24,,Choose either Inches (in) or Centimeters (cm).,,,,,,,Y,Supplemental,Y,Recommended,,,Assessments and Examinations,Vital Signs and Other Body Measures,,Vitals,FALSE,CA,,,
C01520,Head circumference measurement,HeadCircumfMeasr,,Circumferential measurement of the head at the widest point - the distance from above the eyebrows and ears and around the back of the head,NINDS,Head Circumference,NINDS,,,Head Circumference,Number,Numeric Values,cde,FALSE,Record the head circumference of the participant/ subject as well as the units for the measurement,Free-Form Entry,collected,,,,,,,centimeter,,0,100,Adult | Pediatric,JQvUnxHcH_A,NINDS:C01520|caDSR:3181613|BRICS Variable Name:HeadCircumfMeasr|NLM:JQvUnxHcH_A,,,,,,,No references available,3,7/24/13,,Record the head circumference of the participant/ subject as well as the units for the measurement,,,,,,,Y,Supplemental,Y,Recommended,,,Assessments and Examinations,Vital Signs and Other Body Measures,,Vitals,FALSE,CA,,,
C01523,Head circumference unit of measure,HdCircumfUoM,,Unit of measure for the head circumference numerical value,NINDS,Head Circumference,NINDS,,,Head Circumference Unit,Value List,Alphanumeric,cde,FALSE,Choose either Inches (in) or Centimeters (cm).,Single Pre-Defined Value Selected,collected,,Inches|Centimeters,Inches|Centimeters,,,,,,,,Adult | Pediatric,yTqqK13skx6,NINDS:C01523|caDSR:3181626|BRICS Variable Name:HdCircumfUoM|NLM:yTqqK13skx6,,,,,,,Unified Code for Units of Measure - http://unitsofmeasure.org/,3,7/24/13,,Choose either Inches (in) or Centimeters (cm).,,,,,,,Y,Supplemental,Y,Recommended,,,Assessments and Examinations,Vital Signs and Other Body Measures,,Vitals,FALSE,CA,,,
C00321,Medical history for body system indicator,MedclHistBodySysInd,,Indicator of whether the participant/subject has a history of medical problems/conditions for the specific body system.,NINDS,MHBODSYS,NINDS,,,Does the participant/subject have a history of any medical problems/conditions in the following body systems?,Value List,Alphanumeric,cde,FALSE,Choose one. Response is obtained by report of the participant/subject or proxy as soon as possible after visit/admission.  Document the date the history was obtained so it can be determined whether this information was obtained prior to study enrollment or later. Recommend collection at least on date of TBI or at time of first medical treatment. Comorbidity prior to injury may influence the disease course and chances of recovery. Serious comorbidity or comorbidity that may influence the assessment of outcome are generally considered exclusion criteria in randomized clinical trials. It is therefore highly relevant to accurately record the significant relevant medical history.,Single Pre-Defined Value Selected,collected,,Yes|No|Unknown,Yes|No|Unknown,,,,,,,,Adult | Pediatric,vcOEb0fhXMX,NINDS:C00321|BRICS Variable Name:MedclHistBodySysInd|NLM:vcOEb0fhXMX,,,,,,,No references available,3,7/22/13,,,,,,,,,Y,Supplemental,Y,Core,,,Participant History and Family History,General Health History,,Medical History,FALSE,CA,,,
C00312edited,Body system category,BodySysCat,,"Category or grouping used in the comprehensive assessment of a participant/subject, which includes a subjective history taking component as well as an objective based structured interview and physical examination of all the body systems.",NINDS,MHBODSYS,NINDS,,,Body system category,Value List,Alphanumeric,cde,FALSE,Choose one. Response is obtained by report of the participant/subject or proxy as soon as possible after visit/admission. Document the date the history was obtained so it can be determined whether this information was obtained prior to study enrollment or later. Recommend collection at least on date of TBI or at time of first medical treatment.  Comorbidity prior to injury may influence the disease course and chances of recovery. Serious comorbidity or comorbidity that may influence the assessment of outcome are generally considered exclusion criteria in randomized clinical trials. It is therefore highly relevant to accurately record the significant relevant medical history.,Single Pre-Defined Value Selected,collected,,"Allergic/Immunologic|Cardiovascular|Constitutional symptoms (e.g., fever, weight loss)|Dermatological|Ears, Nose, Mouth, Throat|Endocrine|Eyes|Gastrointestinal|Genitourinary|Gynecologic/Urologic|Renal|Hematologic/Lymphatic|Hepatobiliary|Integumentary (skin and/or breast)|Musculoskeletal|Neurological|Oncologic|Psychiatric|Pulmonary|Respiratory|Other, specify:","Allergic/Immunologic|Cardiovascular|Constitutional symptoms (e.g., fever, weight loss)|Dermatological|Ears, Nose, Mouth, Throat|Endocrine|Eyes|Gastrointestinal|Genitourinary|Gynecologic/Urologic|Renal|Hematologic/Lymphatic|Hepatobiliary|Integumentary (skin and/or breast)|Musculoskeletal|Neurological|Oncologic|Psychiatric|Pulmonary|Respiratory|Other, specify:",,,,,,,,Adult | Pediatric,V22to_3sJS0,NINDS:C00312|caDSR:2002895|ISTH:7:38:5:481|BRICS Variable Name:BodySysCat|NLM:V22to_3sJS0,,,,,,,Review of Symptoms from Centers for Medicare and Medicaid Services https://www.cms.gov/Outreach-and-Education/Medicare-Learning-Network-MLN/MLNProducts/downloads/eval_mgmt_serv_guide-ICN006764.pdf,3,7/25/13,,,,,,,,,Y,Supplemental,Y,Core,,,Participant History and Family History,General Health History,,Medical History,FALSE,CA,,,
C18666,Body system other text,BodySysCatOTH,,"The free-text field related to 'Body system category' specifying other text. Category or grouping used in the comprehensive assessment of a participant/subject, which includes a subjective history taking component as well as an objective based structured",NINDS,MHBODSYS,NINDS,,,"Other, specify",Text,Alphanumeric,cde,FALSE,Choose one. Response is obtained by report of the participant/subject or proxy as soon as possible after visit/admission. Document the date the history was obtained so it can be determined whether this information was obtained prior to study enrollment or later. Recommend collection at least on date of TBI or at time of first medical treatment.  Comorbidity prior to injury may influence the disease course and chances of recovery. Serious comorbidity or comorbidity that may influence the assessment of outcome are generally considered exclusion criteria in randomized clinical trials. It is therefore highly relevant to accurately record the significant relevant medical history.,Free-Form Entry,collected,,,,,,,,4000,,,Adult | Pediatric,1FeeZphTeq6,NINDS:C18666|caDSR:2002895|BRICS Variable Name:BodySysOTH|NLM:1FeeZphTeq6,,,,,,,Review of Symptoms from Centers for Medicare and Medicaid Services https://www.cms.gov/Outreach-and-Education/Medicare-Learning-Network-MLN/MLNProducts/downloads/eval_mgmt_serv_guide-ICN006764.pdf,1.1,11/7/23,,,,,,,,,Y,Supplemental,Y,Core,,,Participant History and Family History,General Health History,,Medical History,FALSE,CA,,,
C00322,Medical history condition text,MedclHistCondTxt,,Verbatim text for the medical condition/disease reported by the participant/subject or documented in the medical record as part of medical history,NINDS,MHBODSYS,NINDS,,,Verbatim text for the medical condition reported or documented in the medical record as part of medical history,Text,Alphanumeric,cde,FALSE,Recommend collection at least during initial medical treatment.This element is recommended for pediatric studies.,Free-Form Entry,collected,,,,,,,,4000,,,Adult | Pediatric,6ZWe8dpMrKb,NINDS:C00322|caDSR:2003874|BRICS Variable Name:MedclHistCondTxt|NLM:6ZWe8dpMrKb,,,,,,,SNOMED CT Codes (http://www.nlm.nih.gov/research/umls/Snomed/snomed_main.html),3,7/25/13,,,,,,,,,Y,Core,Y,Core,,,Participant History and Family History,General Health History,,Medical History,FALSE,CA,,,
C00313,Medical history condition SNOMED CT code,MedclHistCondSNOMEDCTCode,,Systematized Nomenclature Of Medicine Clinical Terms (SNOMED CT) code for medical condition/disease reported by the participant/subject,NINDS,MHBODSYS,NINDS,,,Medical history condition for SNOWMED CT code,Text,Alphanumeric,cde,FALSE,Recommend collection at least during initial medical treatment. This element is recommended for pediatric studies.,Free-Form Entry,collected,,,,,,,,255,,,Adult | Pediatric,dAR82JXvaBC,NINDS:C00313|ISTH:3:38:20:490|BRICS Variable Name:MedclHistCondSNOMEDCTCode|NLM:dAR82JXvaBC,,,,,,,SNOMED CT Codes (http://www.nlm.nih.gov/research/umls/Snomed/snomed_main.html),3,7/25/13,,,,,,,,,Y,Core,Y,Core,,,Participant History and Family History,General Health History,,Medical History,FALSE,CA,,,
C00317,Medical history condition start date and time,MedclHistCondStrtDateTime,,"Date (and time, if applicable and known) for the start of an event in the participant's/subject's medical history",NINDS,MHBODSYS,NINDS,,,Medical history condition start date and time,Date,Date or Date & Time,cde,FALSE,"Record the date/time according to the ISO 8601, the International Standard for the representation of dates and times (http://www.iso.org/iso/home.html).  The date/time should be recorded to the level of granularity known (e.g., year, year and month, complete date plus hours and minutes, etc.).",Free-Form Entry,collected,,,,,,,,,,,Adult | Pediatric,Wj4Hq1YucFf,NINDS:C00317|caDSR:2543596|ISTH:3:38:10:486|BRICS Variable Name:MedclHistCondStrtDateTime|NLM:Wj4Hq1YucFf,,,,,,,No references available,3.1,2/29/24,,,,,,,,,Y,Supplemental,Y,Core,,,Participant History and Family History,General Health History,,Medical History,FALSE,CA,,,
C00316,Medical history condition end date and time,MedclHistCondEndDateTime,,"Date (and time, if applicable and known) for the end of an event in the participant's/subject's medical history",NINDS,MHBODSYS,NINDS,,,Medical history condition end date and time,Date,Date or Date & Time,cde,FALSE,"Record the date/time according to the ISO 8601, the International Standard for the representation of dates and times (http://www.iso.org/iso/home.html).  The date/time should be recorded to the level of granularity known (e.g., year, year and month, complete date plus hours and minutes, etc.).",Free-Form Entry,collected,,,,,,,,,,,Adult | Pediatric,gB3gYeGbEXs,NINDS:C00316|caDSR:3145557|ISTH:3:38:10:485|BRICS Variable Name:MedclHistCondEndDateTime|NLM:gB3gYeGbEXs,,,,,,,No references available,3.1,2/29/24,,,,,,,,,Y,Supplemental,Y,Core,,,Participant History and Family History,General Health History,,Medical History,FALSE,CA,,,
C00319,Medical history condition ongoing indicator,MedclHistCondOngoingInd,,Indicator of whether a medical condition/disease experienced by the participant/subject is ongoing,NINDS,MHBODSYS,NINDS,,,Medical history condition ongoing indicator,Value List,Alphanumeric,cde,FALSE,Choose one.,Single Pre-Defined Value Selected,collected,,Yes|No|Unknown,Yes|No|Unknown,,,,,,,,Adult | Pediatric,fpj1JFd_CT_,NINDS:C00319|caDSR:2736881|BRICS Variable Name:MedclHistCondOngoingInd|NLM:fpj1JFd_CT_,,,,,,,No references available,4,2/29/24,,,,,,,,,Y,Supplemental,Y,Core,,,Participant History and Family History,General Health History,,Medical History,FALSE,CA,,,
C00326,Perinatal neurologic event type,PerinatlNeurolEventTyp,,Type of perinatal neurologic injury,NINDS,Perinatal Neurologic Event,NINDS,,,Perinatal neurologic event type,Value List,Alphanumeric,cde,FALSE,"Choose all that apply. Response is obtained from report by participant/subject or proxy. Document whether this information was obtained prior to study enrollment or later. Recommend collection as soon as possible after visit/admission.  This element is recommended for pediatric studies.TBI as a result of the birth process is a common and well-described phenomenon. A recent study of 97 asymptomatic neonates found that 26% of those born vaginally had TBI identified on a 3T MRI performed an average of 21 days after birth.  Unlike TBI due to other causes, the locations of the ICH associated with birth are almost exclusively posterior fossa/occipital lobes. Presenting symptoms due to birth-related TBI can range from none to severe and include apnea, bradycardia and/or seizures.",Multiple Pre-Defined Values Selected,collected,,"Subarachnoid hemorrhage|Intraparenchymal hemorrhage|Intraventricular hemorrhage|Hypoxia|Other, specify|None|Subdural hemorrhage","Subarachnoid hemorrhage|Intraparenchymal hemorrhage|Intraventricular hemorrhage|Hypoxia|Other, specify|None|Subdural hemorrhage",,,,,,,,Pediatric,16CT7kVUnXn,NINDS:C00326|BRICS Variable Name:PerinatlNeurolEventTyp|NLM:16CT7kVUnXn,,,,,,,"Holden K, Titus M, Van_Tassel P (1999) Cranial magnetic resonance imaging examination of normal term neonates: a pilot study. J Child Neurol 145/9/2011708-710. Pollina J, Dias M, Li V, Kachurek D, Arbesman M (2001) Cranial birth injuries in term newborn infants. Pediatr Neurosurg 35:113-119. Looney C, Smith J, Merck L, Wolfe H, Chescheir N, Hamer R, Gilmore J (2007) Intracranial hemorrhage in asymptomatic neonates: prevalence on MR images and relationship to obstetric and neonatal risk factors. Radiology 242:535-541. Whitby E, Griffiths P, Rutter S, Smith M, Sprigg A, Ohadike P, Davies N, Rigby A, Paley M (Lancet) Frequency and natural history of subdural haemorrhages in babies and relation to obstetric factors. 2004 363:846-851. Towner D, Castro M, Eby-Wilkens E, Gilbert W (1999) Effect of mode of delivery in nulliparous women on neonatal intracranial injury. N Engl J Med 341:1709-1714.",3,7/19/13,,,,,,,,,Y,Supplemental,Y,Core,,,Participant History and Family History,General Health History,,Medical History,FALSE,CA,,,
C18745,Perinatal neurologic event other text,PerinatlNeurolEventOTH,,The free-text field related to 'Perinatal neurologic event type' specifying other text. Type of perinatal neurologic injury,NINDS,Perinatal Neurologic Event,NINDS,,,"Other, specify",Text,Alphanumeric,cde,FALSE,"Choose all that apply. Response is obtained from report by participant/subject or proxy. Document whether this information was obtained prior to study enrollment or later. Recommend collection as soon as possible after visit/admission.  This element is recommended for pediatric studies.TBI as a result of the birth process is a common and well-described phenomenon. A recent study of 97 asymptomatic neonates found that 26% of those born vaginally had TBI identified on a 3T MRI performed an average of 21 days after birth.  Unlike TBI due to other causes, the locations of the ICH associated with birth are almost exclusively posterior fossa/occipital lobes. Presenting symptoms due to birth-related TBI can range from none to severe and include apnea, bradycardia and/or seizures.",Free-Form Entry,collected,,,,,,,,4000,,,Pediatric,YM98urXpZUJ,NINDS:C18745|BRICS Variable Name:PerinatlNeurolEventOTH|NLM:YM98urXpZUJ,,,,,,,"Holden K, Titus M, Van_Tassel P (1999) Cranial magnetic resonance imaging examination of normal term neonates: a pilot study. J Child Neurol 145/9/2011708-710. Pollina J, Dias M, Li V, Kachurek D, Arbesman M (2001) Cranial birth injuries in term newborn infants. Pediatr Neurosurg 35:113-119. Looney C, Smith J, Merck L, Wolfe H, Chescheir N, Hamer R, Gilmore J (2007) Intracranial hemorrhage in asymptomatic neonates: prevalence on MR images and relationship to obstetric and neonatal risk factors. Radiology 242:535-541. Whitby E, Griffiths P, Rutter S, Smith M, Sprigg A, Ohadike P, Davies N, Rigby A, Paley M (Lancet) Frequency and natural history of subdural haemorrhages in babies and relation to obstetric factors. 2004 363:846-851. Towner D, Castro M, Eby-Wilkens E, Gilbert W (1999) Effect of mode of delivery in nulliparous women on neonatal intracranial injury. N Engl J Med 341:1709-1714.",1,5/27/14,,,,,,,,,Y,Supplemental,Y,Core,,,Participant History and Family History,General Health History,,Medical History,FALSE,CA,,,
C05108,Surgical or therapeutic procedure type,SurgTherapProcedurTyp,,Type of surgical or therapeutic procedure received by the participant/subject,NINDS,MHSurgTherProc,NINDS,,,Surgical or therapeutic procedure type,Value List,Alphanumeric,cde,FALSE,"Choose all that apply. Recommend collection during acute hospital care. Document information on a continuing basis and check/update on discharge/death from review of medical charts. Add date stamp for when assessed.  In previous trials and studies, information on surgical procedures has typically been documented in free text format, thus often precluding any meaningful analysis. We therefore propose the use of ICD-9 coding.",Multiple Pre-Defined Values Selected,collected,,"Appendicectomy|Cholecystectomy|Colostomy|Ileostomy|Feeding tube placement|Fundoplication|Scoliosis surgery|Tendon release|Tympanostomy tubes|Tracheostomy|Airway surgery|Unknown|Diagnostic|Anterior temporal lobectomy (ATL)|Anterior temporal lobectomy plus (ATL+)|Amygdalohippocampectomy|Lesionectomy|Lesionectomy plus (Lesionectomy +)|Extratemporal resection (Topectomy)|Multi-lobar resection, Hemispherectomy|Vagus nerve stimulation (VNS) surgery|Corpus callosotomy|Multiple subpial transaction|Radiosurgery|Therapeutic brain stimulation|Other, specify|Appendicostomy|Appendectomy|Neurological surgery|Bony orthopedic surgery","Appendicectomy|Cholecystectomy|Colostomy|Ileostomy|Feeding tube placement|Fundoplication|Scoliosis surgery|Tendon release|Tympanostomy tubes|Tracheostomy|Airway surgery|Unknown|Diagnostic|Anterior temporal lobectomy (ATL)|Anterior temporal lobectomy plus (ATL+)|Amygdalohippocampectomy|Lesionectomy|Lesionectomy plus (Lesionectomy +)|Extratemporal resection (Topectomy)|Multi-lobar resection, Hemispherectomy|Vagus nerve stimulation (VNS) surgery|Corpus callosotomy|Multiple subpial transaction|Radiosurgery|Therapeutic brain stimulation|Other, specify|Appendicostomy|Appendectomy|Neurological surgery|Bony orthopedic surgery",,,,,,,,Adult | Pediatric,kfucaMM10xt,NINDS:C05108|BRICS Variable Name:SurgTherapProcedurTyp|NLM:kfucaMM10xt,,,,,,,"International Classification of Diseases, Ninth Revision, Clinical Modification (ICD-9-CM): http://www.cdc.gov/nchs/icd/icd9cm.htm",3,7/25/13,,,,,,,,,Y,Supplemental,Y,Recommended,,,Treatment/Intervention Data,Surgeries and Other Procedures,,Medical History,FALSE,CA,,,
C21669edited,Surgical therapeutic procedure ICD-10-CM,SurgTherapProcedurTypcICD10CM,,,NINDS,MHSurgTherProc,NINDS,,,"ICD-10-CM code (Code from the International Classification of Diseases, Ninth Revision, Clinical Modification (ICD-10-CM) for the selected surgical procedure)",Text,Alphanumeric,,,"Recommend collection during acute hospital care. Document information on a continuing basis and check/update on discharge/death from review of medical charts. Add date stamp for when assessed.  In previous trials and studies, information on surgical procedures has typically been documented in free text format, thus often precluding any meaningful analysis. We therefore propose the use of ICD-10 coding.",Free-Form Entry,collected,,,,,,,,,,,Adult | Pediatric,,NINDS:medhx_new1,,,,,,,,,,,,,,,,,,Y,Supplemental,Y,Recommended,,,Treatment/Intervention Data,Surgeries and Other Procedures,,Medical History,FALSE,CA,,,
C18765,Surgical or therapeutic procedure other text,SurgTherapProcedurOTH,,The free-text field related to 'Surgical or therapeutic procedure type' specifying other text. Type of surgical or therapeutic procedure received by the participant/subject,NINDS,MHSurgTherProc,NINDS,,,Other,Text,Alphanumeric,cde,FALSE,"Choose all that apply. Recommend collection during acute hospital care. Document information on a continuing basis and check/update on discharge/death from review of medical charts. Add date stamp for when assessed.  In previous trials and studies, information on surgical procedures has typically been documented in free text format, thus often precluding any meaningful analysis. We therefore propose the use of ICD-9 coding.",Free-Form Entry,collected,,,,,,,,4000,,,Adult | Pediatric,s6g9eSt9R6F,NINDS:C18765|BRICS Variable Name:SurgTherapProcedurOTH|NLM:s6g9eSt9R6F,,,,,,,"International Classification of Diseases, Ninth Revision, Clinical Modification (ICD-9-CM): http://www.cdc.gov/nchs/icd/icd9cm.htm",1,5/27/14,,,,,,,,,Y,Supplemental,Y,Recommended,,,Treatment/Intervention Data,Surgeries and Other Procedures,,Medical History,FALSE,CA,,,
C05104,Inpatient outpatient status,InpatOutpatStatus,,Status describing whether the participant/subject was admitted to the hospital and stayed overnight,NINDS,MHSurgTherProc,NINDS,,,Inpatient or Outpatient,Value List,Alphanumeric,cde,FALSE,Choose one.,Single Pre-Defined Value Selected,collected,,Inpatient|Outpatient|Home health,Inpatient|Outpatient|Home health,,,,,,,,Adult | Pediatric,zFghDeBo2JR,NINDS:C05104|BRICS Variable Name:InpatOutpatStatus|NLM:zFghDeBo2JR,,,,,,,No references available,3,7/20/13,,,,,,,,,Y,Supplemental,Y,Recommended,,,Treatment/Intervention Data,Surgeries and Other Procedures,,Medical History,FALSE,CA,,,
C05105,Surgical or therapeutic procedure end date and time,SurgTherapuProcEndDateTime,,Date on which the surgical or therapeutic procedure ended,NINDS,MHSurgTherProc,NINDS,,,Surgical or therapeutic procedure end date and time,Date,Date or Date & Time,cde,FALSE,"Record the date/time according to the ISO 8601, the International Standard for the representation of dates and times (http://www.iso.org/iso/home.html).  The date/time should be recorded to the level of granularity known (e.g., year, year and month, complete date plus hours and minutes, etc.).",Free-Form Entry,collected,,,,,,,,,,,Adult | Pediatric,daKA3odCBd_,NINDS:C05105|BRICS Variable Name:SurgTherapuProcEndDateTime|NLM:daKA3odCBd_,,,,,,,No references available,3,7/24/13,,,,,,,,,Y,Supplemental,Y,Recommended,,,Treatment/Intervention Data,Surgeries and Other Procedures,,Medical History,FALSE,CA,,,
C05106,Surgical or therapeutic procedure start date and time,SurgTherapuProcStartDateTime,,"Date (and time, if applicable and known) on which the surgical or therapeutic procedure started",NINDS,MHSurgTherProc,NINDS,,,Surgical or therapeutic procedure start date and time,Date,Date or Date & Time,cde,FALSE,"Record the date/time according to the ISO 8601, the International Standard for the representation of dates and times (http://www.iso.org/iso/home.html).  The date/time should be recorded to the level of granularity known (e.g., year, year and month, complete date plus hours and minutes, etc.).",Free-Form Entry,collected,,,,,,,,,,,Adult | Pediatric,HTkYFX3Auco,NINDS:C05106|BRICS Variable Name:SurgTherapuProcStartDateTime|NLM:HTkYFX3Auco,,,,,,,No references available,3.2,8/18/22,,,,,,,,,Y,Supplemental,Y,Recommended,,,Treatment/Intervention Data,Surgeries and Other Procedures,,Medical History,FALSE,CA,,,
C07275,Mayo-Portland Adaptability Inventory (MPAI-4) -mobility scale,MPAI4MobilityScale,,Mobility: Problems walking or moving; balance problems that interfere with moving about,NINDS,MPAI4,NINDS,,,Mobility: Problems walking or moving; balance problems that interfere with moving about,Value List,Numeric Values,cde,FALSE,Refer to instructions on form.,Single Pre-Defined Value Selected,collected,0|1|2|3|4,"None|Mild problem but does not interfere with activities, may use assistive device or medication|Mild problem, interferes with activities 5-24% of the time|Moderate problem, interferes with activities 25-75% of the time|Severe problem, interferes with activities more than 75% of the time","None|Mild problem but does not interfere with activities, may use assistive device or medication|Mild problem, interferes with activities 5-24% of the time|Moderate problem, interferes with activities 25-75% of the time|Severe problem, interferes with activities more than 75% of the time",,,,,,,,Adult | Pediatric,fBAub87Dt4E,NINDS:C07275|BRICS Variable Name:MPAI4MobilityScale|NLM:fBAub87Dt4E,,,,,,,"Malec, J. (2005). The Mayo Portland Adaptability Inventory. The Center for Outcome Measurement in Brain Injury. 
Available in the public domain. URL: http://www.tbims.org/combi/mpai",3,7/20/13,,,,,,,,,Y,Supplemental,Y,Supplemental  ,,,Outcomes and End Points,Global Outcome,,MPAI-4,FALSE,BCM,,,
C07276,Mayo-Portland Adaptability Inventory (MPAI-4) - use hand scale,MPAI4UseHandScale,,Use of hands: Impaired strength or coordination in one or both hands,NINDS,MPAI4,NINDS,,,Use of hands: Impaired strength or coordination in one or both hands,Value List,Numeric Values,cde,FALSE,Refer to instructions on form.,Single Pre-Defined Value Selected,collected,0|1|2|3|4,"None|Mild problem but does not interfere with activities, may use assistive device or medication|Mild problem, interferes with activities 5-24% of the time|Moderate problem, interferes with activities 25-75% of the time|Severe problem, interferes with activities more than 75% of the time","None|Mild problem but does not interfere with activities, may use assistive device or medication|Mild problem, interferes with activities 5-24% of the time|Moderate problem, interferes with activities 25-75% of the time|Severe problem, interferes with activities more than 75% of the time",,,,,,,,Adult | Pediatric,kRYzVSBtSKQ,NINDS:C07276|BRICS Variable Name:MPAI4UseHandScale|NLM:kRYzVSBtSKQ,,,,,,,"Malec, J. (2005). The Mayo Portland Adaptability Inventory. The Center for Outcome Measurement in Brain Injury. 
Available in the public domain. URL: http://www.tbims.org/combi/mpai",3,7/20/13,,,,,,,,,Y,Supplemental,Y,Supplemental  ,,,Outcomes and End Points,Global Outcome,,MPAI-4,FALSE,BCM,,,
C07277,Mayo-Portland Adaptability Inventory (MPAI-4) - vision scale,MPAI4VisScale,,"Description of level at which the patient/subject experiences vision problems including problems seeing, double vision, eye, brain or nerve injuries that interfere with seeing",NINDS,MPAI4,NINDS,,,Vision Problems seeing double vision eye brain or nerve injuries that interfere with seeing,Value List,Numeric Values,cde,FALSE,"Below each item, circle the number that best describes the level at which the person being evaluated experiences problems. Mark the greatest level of problem that is appropriate. Problems that interferre rarely with daily or valued activities, that is, less than 5% of the time, should be considered not to interfere. Write comments about specific items at the end of the rating scale.",Single Pre-Defined Value Selected,collected,0|1|2|3|4,"None|Mild problem but does not interfere with activities, may use assistive device or medication|Mild problem, interferes with activities 5-24% of the time|Moderate problem, interferes with activities 25-75% of the time|Severe problem, interferes with activities more than 75% of the time","None|Mild problem but does not interfere with activities, may use assistive device or medication|Mild problem, interferes with activities 5-24% of the time|Moderate problem, interferes with activities 25-75% of the time|Severe problem, interferes with activities more than 75% of the time",,,,,,,,Adult | Pediatric,8kAUEEAWoFF,NINDS:C07277|BRICS Variable Name:MPAI4VisScale|NLM:8kAUEEAWoFF,,,,,,,"Malec, J. (2005). The Mayo Portland Adaptability Inventory. The Center for Outcome Measurement in Brain Injury. Available in the public domain. URL: http://www.tbims.org/combi/mpai",3,7/20/13,,,,,,,,,Y,Supplemental,Y,Supplemental  ,,,Outcomes and End Points,Global Outcome,,MPAI-4,FALSE,BCM,,,
C07278,Mayo-Portland Adaptability Inventory (MPAI-4) - audition scale,MPAI4AudScale,,Description of level at which the patient/subject experiences audition problems including problems hearing; ringing in the ears,NINDS,MPAI4,NINDS,,,Audition Problems hearing ringing in the ears,Value List,Numeric Values,cde,FALSE,Refer to instructions on form.,Single Pre-Defined Value Selected,collected,0|1|2|3|4,"None|Mild problem but does not interfere with activities, may use assistive device or medication|Mild problem, interferes with activities 5-24% of the time|Moderate problem, interferes with activities 25-75% of the time|Severe problem, interferes with activities more than 75% of the time","None|Mild problem but does not interfere with activities, may use assistive device or medication|Mild problem, interferes with activities 5-24% of the time|Moderate problem, interferes with activities 25-75% of the time|Severe problem, interferes with activities more than 75% of the time",,,,,,,,Adult | Pediatric,83PAUmeOu5u,NINDS:C07278|BRICS Variable Name:MPAI4AudScale|NLM:83PAUmeOu5u,,,,,,,"Malec, J. (2005). The Mayo Portland Adaptability Inventory. The Center for Outcome Measurement in Brain Injury.  Available in the public domain. URL: http://www.tbims.org/combi/mpai",3,7/20/13,,,,,,,,,Y,Supplemental,Y,Supplemental  ,,,Outcomes and End Points,Global Outcome,,MPAI-4,FALSE,BCM,,,
C07279,Mayo-Portland Adaptability Inventory (MPAI-4) - dizziness scale,MPAI4DizScale,,"Description of level at which the patient/subject experiences dizziness problems including feeling unsteady, dizzy, light-headed",NINDS,MPAI4,NINDS,,,Dizziness Feeling unsteady dizzy light headed,Value List,Numeric Values,cde,FALSE,Refer to instructions on form.,Single Pre-Defined Value Selected,collected,0|1|2|3|4,"None|Mild problem but does not interfere with activities, may use assistive device or medication|Mild problem, interferes with activities 5-24% of the time|Moderate problem, interferes with activities 25-75% of the time|Severe problem, interferes with activities more than 75% of the time","None|Mild problem but does not interfere with activities, may use assistive device or medication|Mild problem, interferes with activities 5-24% of the time|Moderate problem, interferes with activities 25-75% of the time|Severe problem, interferes with activities more than 75% of the time",,,,,,,,Adult | Pediatric,ytWUb8qy4Uz,NINDS:C07279|BRICS Variable Name:MPAI4DizScale|NLM:ytWUb8qy4Uz,,,,,,,"Malec, J. (2005). The Mayo Portland Adaptability Inventory. The Center for Outcome Measurement in Brain Injury.  Available in the public domain. URL: http://www.tbims.org/combi/mpai",3,7/20/13,,,,,,,,,Y,Supplemental,Y,Supplemental  ,,,Outcomes and End Points,Global Outcome,,MPAI-4,FALSE,BCM,,,
C07280,Mayo-Portland Adaptability Inventory (MPAI-4) - motor speech scale,MPAI4MotSpeechScale,,Description of level at which the patient/subject experiences motor speech problems including abnormal clearness or rate of speech; stuttering,NINDS,MPAI4,NINDS,,,Motor speech Abnormal clearness or rate of speech stuttering,Value List,Numeric Values,cde,FALSE,Refer to instructions on form.,Single Pre-Defined Value Selected,collected,0|1|2|3|4,"None|Mild problem but does not interfere with activities, may use assistive device or medication|Mild problem, interferes with activities 5-24% of the time|Moderate problem, interferes with activities 25-75% of the time|Severe problem, interferes with activities more than 75% of the time","None|Mild problem but does not interfere with activities, may use assistive device or medication|Mild problem, interferes with activities 5-24% of the time|Moderate problem, interferes with activities 25-75% of the time|Severe problem, interferes with activities more than 75% of the time",,,,,,,,Adult | Pediatric,QyWtdcwu0Rc,NINDS:C07280|BRICS Variable Name:MPAI4MotSpeechScale|NLM:QyWtdcwu0Rc,,,,,,,"Malec, J. (2005). The Mayo Portland Adaptability Inventory. The Center for Outcome Measurement in Brain Injury.  Available in the public domain. URL: http://www.tbims.org/combi/mpai",3,7/20/13,,,,,,,,,Y,Supplemental,Y,Supplemental  ,,,Outcomes and End Points,Global Outcome,,MPAI-4,FALSE,BCM,,,
C07281,Mayo-Portland Adaptability Inventory (MPAI-4) - verbal communication scale,MPAI4VerbCommunScale,,Description of level at which the patient/subject experiences verbal communication problems including problems expressing or understanding language,NINDS,MPAI4,NINDS,,,Verbal communication Problems expressing or understanding langauge,Value List,Numeric Values,cde,FALSE,Refer to instructions on form.,Single Pre-Defined Value Selected,collected,0|1|2|3|4,"None|Mild problem but does not interfere with activities, may use assistive device or medication|Mild problem, interferes with activities 5-24% of the time|Moderate problem, interferes with activities 25-75% of the time|Severe problem, interferes with activities more than 75% of the time","None|Mild problem but does not interfere with activities, may use assistive device or medication|Mild problem, interferes with activities 5-24% of the time|Moderate problem, interferes with activities 25-75% of the time|Severe problem, interferes with activities more than 75% of the time",,,,,,,,Adult | Pediatric,vyavzz_0zEM,NINDS:C07281|BRICS Variable Name:MPAI4VerbCommunScale|NLM:vyavzz_0zEM,,,,,,,"Malec, J. (2005). The Mayo Portland Adaptability Inventory. The Center for Outcome Measurement in Brain Injury.  Available in the public domain. URL: http://www.tbims.org/combi/mpai",3,7/20/13,,,,,,,,,Y,Supplemental,Y,Supplemental  ,,,Outcomes and End Points,Global Outcome,,MPAI-4,FALSE,BCM,,,
C07282,Mayo-Portland Adaptability Inventory (MPAI-4) - nonverbal communication scale,MPAI4NonverbCommunScale,,Description of level at which the patient/subject experiences nonverbal communication problems including restricted or unusual gestures or facial expressions; talking to much or not enough; missing nonverbal cues from others,NINDS,MPAI4,NINDS,,,Nonverbal communication Restricted or unusual gestures or facial expressions talking too much or not enough missing nonverbal cues from others,Value List,Numeric Values,cde,FALSE,Refer to instructions on form.,Single Pre-Defined Value Selected,collected,0|1|2|3|4,"None|Mild problem but does not interfere with activities, may use assistive device or medication|Mild problem, interferes with activities 5-24% of the time|Moderate problem, interferes with activities 25-75% of the time|Severe problem, interferes with activities more than 75% of the time","None|Mild problem but does not interfere with activities, may use assistive device or medication|Mild problem, interferes with activities 5-24% of the time|Moderate problem, interferes with activities 25-75% of the time|Severe problem, interferes with activities more than 75% of the time",,,,,,,,Adult | Pediatric,DPAP2GNX8qa,NINDS:C07282|BRICS Variable Name:MPAI4NonverbCommunScale|NLM:DPAP2GNX8qa,,,,,,,"Malec, J. (2005). The Mayo Portland Adaptability Inventory. The Center for Outcome Measurement in Brain Injury.  Available in the public domain. URL: http://www.tbims.org/combi/mpai",3,7/20/13,,,,,,,,,Y,Supplemental,Y,Supplemental  ,,,Outcomes and End Points,Global Outcome,,MPAI-4,FALSE,BCM,,,
C07283,Mayo-Portland Adaptability Inventory (MPAI-4) - attention concentration scale,MPAI4AttenConcenScale,,"Description of level at which the patient/subject experiences attention/concentration problems including problems ignoring distractions, shifting attention, keeping more than one thing in mind at a time",NINDS,MPAI4,NINDS,,,Attention Concentration Problems ignoring distractions shifting attention keeping more than one thing in mind at a time,Value List,Numeric Values,cde,FALSE,Refer to instructions on form.,Single Pre-Defined Value Selected,collected,0|1|2|3|4,"None|Mild problem but does not interfere with activities, may use assistive device or medication|Mild problem, interferes with activities 5-24% of the time|Moderate problem, interferes with activities 25-75% of the time|Severe problem, interferes with activities more than 75% of the time","None|Mild problem but does not interfere with activities, may use assistive device or medication|Mild problem, interferes with activities 5-24% of the time|Moderate problem, interferes with activities 25-75% of the time|Severe problem, interferes with activities more than 75% of the time",,,,,,,,Adult | Pediatric,d8gHhfw4KdV,NINDS:C07283|BRICS Variable Name:MPAI4AttenConcenScale|NLM:d8gHhfw4KdV,,,,,,,"Malec, J. (2005). The Mayo Portland Adaptability Inventory. The Center for Outcome Measurement in Brain Injury.  Available in the public domain. URL: http://www.tbims.org/combi/mpai",3,7/20/13,,,,,,,,,Y,Supplemental,Y,Supplemental  ,,,Outcomes and End Points,Global Outcome,,MPAI-4,FALSE,BCM,,,
C07284,Mayo-Portland Adaptability Inventory (MPAI-4) - memory scale,MPAI4MemryScale,,Description of level at which the patient/subject experiences memory problems including problems learning and recalling new information,NINDS,MPAI4,NINDS,,,Memory Problems learning and recalling new information,Value List,Numeric Values,cde,FALSE,Refer to instructions on form.,Single Pre-Defined Value Selected,collected,0|1|2|3|4,"None|Mild problem but does not interfere with activities, may use assistive device or medication|Mild problem, interferes with activities 5-24% of the time|Moderate problem, interferes with activities 25-75% of the time|Severe problem, interferes with activities more than 75% of the time","None|Mild problem but does not interfere with activities, may use assistive device or medication|Mild problem, interferes with activities 5-24% of the time|Moderate problem, interferes with activities 25-75% of the time|Severe problem, interferes with activities more than 75% of the time",,,,,,,,Adult | Pediatric,_1rsWOezYcW,NINDS:C07284|BRICS Variable Name:MPAI4MemryScale|NLM:_1rsWOezYcW,,,,,,,"Malec, J. (2005). The Mayo Portland Adaptability Inventory. The Center for Outcome Measurement in Brain Injury.  Available in the public domain. URL: http://www.tbims.org/combi/mpai",3,7/20/13,,,,,,,,,Y,Supplemental,Y,Supplemental  ,,,Outcomes and End Points,Global Outcome,,MPAI-4,FALSE,BCM,,,
C07285,Mayo-Portland Adaptability Inventory (MPAI-4) - information fund scale,MPAI4InfoFundScale,,Description of level at which the patient/subject experiences fund of information problems including problems remembering information learned in school or on the job; difficulty remembering information about self and family from years ago,NINDS,MPAI4,NINDS,,,Fund of Information Problems remembering  information learned in school or on the job difficulty remembering information about self and family from years ago,Value List,Numeric Values,cde,FALSE,Refer to instructions on form.,Single Pre-Defined Value Selected,collected,0|1|2|3|4,"None|Mild problem but does not interfere with activities, may use assistive device or medication|Mild problem, interferes with activities 5-24% of the time|Moderate problem, interferes with activities 25-75% of the time|Severe problem, interferes with activities more than 75% of the time","None|Mild problem but does not interfere with activities, may use assistive device or medication|Mild problem, interferes with activities 5-24% of the time|Moderate problem, interferes with activities 25-75% of the time|Severe problem, interferes with activities more than 75% of the time",,,,,,,,Adult | Pediatric,sPHMq6_hyFP,NINDS:C07285|BRICS Variable Name:MPAI4InfoFundScale|NLM:sPHMq6_hyFP,,,,,,,"Malec, J. (2005). The Mayo Portland Adaptability Inventory. The Center for Outcome Measurement in Brain Injury.  Available in the public domain. URL: http://www.tbims.org/combi/mpai",3,7/20/13,,,,,,,,,Y,Supplemental,Y,Supplemental  ,,,Outcomes and End Points,Global Outcome,,MPAI-4,FALSE,BCM,,,
C07286,Mayo-Portland Adaptability Inventory (MPAI-4) - novel problem solve scale,MPAI4NovProbSlvScale,,Description of level at which the patient/subject experiences novel problem solving problems including problems thinking up solutions or picking the best solution to new problems,NINDS,MPAI4,NINDS,,,Novel problem solving Problems thinking up solutions or picking the best solution to new problems,Value List,Numeric Values,cde,FALSE,Refer to instructions on form.,Single Pre-Defined Value Selected,collected,0|1|2|3|4,"None|Mild problem but does not interfere with activities, may use assistive device or medication|Mild problem, interferes with activities 5-24% of the time|Moderate problem, interferes with activities 25-75% of the time|Severe problem, interferes with activities more than 75% of the time","None|Mild problem but does not interfere with activities, may use assistive device or medication|Mild problem, interferes with activities 5-24% of the time|Moderate problem, interferes with activities 25-75% of the time|Severe problem, interferes with activities more than 75% of the time",,,,,,,,Adult | Pediatric,YacnjA2BMwW,NINDS:C07286|BRICS Variable Name:MPAI4NovProbSlvScale|NLM:YacnjA2BMwW,,,,,,,"Malec, J. (2005). The Mayo Portland Adaptability Inventory. The Center for Outcome Measurement in Brain Injury.  Available in the public domain. URL: http://www.tbims.org/combi/mpai",3,7/20/13,,,,,,,,,Y,Supplemental,Y,Supplemental  ,,,Outcomes and End Points,Global Outcome,,MPAI-4,FALSE,BCM,,,
C07287,Mayo-Portland Adaptability Inventory (MPAI-4) - visuospatial ability scale,MPAI4VisspatAblScale,,"Description of level at which the patient/subject experiences visuospatial ability problems including problems drawing, assembling things, route-finding, being visually aware on both the left and right sides",NINDS,MPAI4,NINDS,,,Visuospatial abilities Problems drawing assembling things route finding being visually aware on both the left and right sides,Value List,Numeric Values,cde,FALSE,Refer to instructions on form.,Single Pre-Defined Value Selected,collected,0|1|2|3|4,"None|Mild problem but does not interfere with activities, may use assistive device or medication|Mild problem, interferes with activities 5-24% of the time|Moderate problem, interferes with activities 25-75% of the time|Severe problem, interferes with activities more than 75% of the time","None|Mild problem but does not interfere with activities, may use assistive device or medication|Mild problem, interferes with activities 5-24% of the time|Moderate problem, interferes with activities 25-75% of the time|Severe problem, interferes with activities more than 75% of the time",,,,,,,,Adult | Pediatric,UM44TQApzp9,NINDS:C07287|BRICS Variable Name:MPAI4VisspatAblScale|NLM:UM44TQApzp9,,,,,,,"Malec, J. (2005). The Mayo Portland Adaptability Inventory. The Center for Outcome Measurement in Brain Injury.  Available in the public domain. URL: http://www.tbims.org/combi/mpai",3,7/20/13,,,,,,,,,Y,Supplemental,Y,Supplemental  ,,,Outcomes and End Points,Global Outcome,,MPAI-4,FALSE,BCM,,,
C07288,Mayo-Portland Adaptability Inventory (MPAI-4) - anxiety scale,MPAI4AnxtylScale,,"Description of level at which the patient/subject experiences anxiety problems including being tense nervous, fearful or having phobias, nightmares, flashbacks of stressful events",NINDS,MPAI4,NINDS,,,Anxiety Tense nervous fearful phobias nightmares flashbacks of stressful events,Value List,Numeric Values,cde,FALSE,Refer to instructions on form.,Single Pre-Defined Value Selected,collected,0|1|2|3|4,"None|Mild problem but does not interfere with activities, may use assistive device or medication|Mild problem, interferes with activities 5-24% of the time|Moderate problem, interferes with activities 25-75% of the time|Severe problem, interferes with activities more than 75% of the time","None|Mild problem but does not interfere with activities, may use assistive device or medication|Mild problem, interferes with activities 5-24% of the time|Moderate problem, interferes with activities 25-75% of the time|Severe problem, interferes with activities more than 75% of the time",,,,,,,,Adult | Pediatric,pBJKVR7kU1y,NINDS:C07288|BRICS Variable Name:MPAI4AnxtylScale|NLM:pBJKVR7kU1y,,,,,,,"Malec, J. (2005). The Mayo Portland Adaptability Inventory. The Center for Outcome Measurement in Brain Injury.  Available in the public domain. URL: http://www.tbims.org/combi/mpai",3,7/20/13,,,,,,,,,Y,Supplemental,Y,Supplemental  ,,,Outcomes and End Points,Global Outcome,,MPAI-4,FALSE,BCM,,,
C07289,Mayo-Portland Adaptability Inventory (MPAI-4) - depression scale,MPAI4DeprsnScale,,"Description of level at which the patient/subject experiences depression problems including being sad, blue, hopeless, having poor appetite, poor sleep, worry, self-criticism",NINDS,MPAI4,NINDS,,,"Depression: Sad, blue, hopeless, poor appetite, poor sleep, worry, self-criticism",Value List,Numeric Values,cde,FALSE,Refer to instructions on form.,Single Pre-Defined Value Selected,collected,0|1|2|3|4,"None|Mild problem but does not interfere with activities, may use assistive device or medication|Mild problem, interferes with activities 5-24% of the time|Moderate problem, interferes with activities 25-75% of the time|Severe problem, interferes with activities more than 75% of the time","None|Mild problem but does not interfere with activities, may use assistive device or medication|Mild problem, interferes with activities 5-24% of the time|Moderate problem, interferes with activities 25-75% of the time|Severe problem, interferes with activities more than 75% of the time",,,,,,,,Adult | Pediatric,MzY2Z5QoYBs,NINDS:C07289|BRICS Variable Name:MPAI4DeprsnScale|NLM:MzY2Z5QoYBs,,,,,,,"Malec, J. (2005). The Mayo Portland Adaptability Inventory. The Center for Outcome Measurement in Brain Injury.  Available in the public domain. URL: http://www.tbims.org/combi/mpai",3,7/20/13,,,,,,,,,Y,Supplemental,Y,Supplemental  ,,,Outcomes and End Points,Global Outcome,,MPAI-4,FALSE,BCM,,,
C07290,Mayo-Portland Adaptability Inventory (MPAI-4) - irritability anger aggression scale,MPAI4IrritAngAgrsnScale,,"Description of level at which the patient/subject experiences irritability, anger, aggression problems including verbal or physical expressions of anger",NINDS,MPAI4,NINDS,,,Irritability: Verbal or physical expressions of anger,Value List,Numeric Values,cde,FALSE,Refer to instructions on form.,Single Pre-Defined Value Selected,collected,0|1|2|3|4,"None|Mild problem but does not interfere with activities, may use assistive device or medication|Mild problem, interferes with activities 5-24% of the time|Moderate problem, interferes with activities 25-75% of the time|Severe problem, interferes with activities more than 75% of the time","None|Mild problem but does not interfere with activities, may use assistive device or medication|Mild problem, interferes with activities 5-24% of the time|Moderate problem, interferes with activities 25-75% of the time|Severe problem, interferes with activities more than 75% of the time",,,,,,,,Adult | Pediatric,d9n7Z2zeKZd,NINDS:C07290|BRICS Variable Name:MPAI4IrritAngAgrsnScale|NLM:d9n7Z2zeKZd,,,,,,,"Malec, J. (2005). The Mayo Portland Adaptability Inventory. The Center for Outcome Measurement in Brain Injury.  Available in the public domain. URL: http://www.tbims.org/combi/mpai",3,7/20/13,,,,,,,,,Y,Supplemental,Y,Supplemental  ,,,Outcomes and End Points,Global Outcome,,MPAI-4,FALSE,BCM,,,
C07291,Mayo-Portland Adaptability Inventory (MPAI-4) - pain headache scale,MPAI4PainHeadachScale,,Description of level at which the patient/subject experiences pain and headache problems including verbal and nonverbal expressions of pain; activities limited by pain,NINDS,MPAI4,NINDS,,,Pain and headache: Verbal and nonverbal expressions of pain; activities limited by pain,Value List,Numeric Values,cde,FALSE,Refer to instructions on form.,Single Pre-Defined Value Selected,collected,0|1|2|3|4,"None|Mild problem but does not interfere with activities, may use assistive device or medication|Mild problem, interferes with activities 5-24% of the time|Moderate problem, interferes with activities 25-75% of the time|Severe problem, interferes with activities more than 75% of the time","None|Mild problem but does not interfere with activities, may use assistive device or medication|Mild problem, interferes with activities 5-24% of the time|Moderate problem, interferes with activities 25-75% of the time|Severe problem, interferes with activities more than 75% of the time",,,,,,,,Adult | Pediatric,rQE4zZKm_wx,NINDS:C07291|BRICS Variable Name:MPAI4PainHeadachScale|NLM:rQE4zZKm_wx,,,,,,,"Malec, J. (2005). The Mayo Portland Adaptability Inventory. The Center for Outcome Measurement in Brain Injury.  Available in the public domain. URL: http://www.tbims.org/combi/mpai",3,7/20/13,,,,,,,,,Y,Supplemental,Y,Supplemental  ,,,Outcomes and End Points,Global Outcome,,MPAI-4,FALSE,BCM,,,
C07292,Mayo-Portland Adaptability Inventory (MPAI-4) - fatigue scale,MPAI4FatgeScale,,Description of level at which the patient/subject experiences fatigue problems including feeling tired; lack of energy; tiring easily,NINDS,MPAI4,NINDS,,,Fatigue: Feeling tired; lack of energy; tiring easily,Value List,Numeric Values,cde,FALSE,Refer to instructions on form.,Single Pre-Defined Value Selected,collected,0|1|2|3|4,"None|Mild problem but does not interfere with activities, may use assistive device or medication|Mild problem, interferes with activities 5-24% of the time|Moderate problem, interferes with activities 25-75% of the time|Severe problem, interferes with activities more than 75% of the time","None|Mild problem but does not interfere with activities, may use assistive device or medication|Mild problem, interferes with activities 5-24% of the time|Moderate problem, interferes with activities 25-75% of the time|Severe problem, interferes with activities more than 75% of the time",,,,,,,,Adult | Pediatric,nngXypHqnYr,NINDS:C07292|BRICS Variable Name:MPAI4FatgeScale|NLM:nngXypHqnYr,,,,,,,"Malec, J. (2005). The Mayo Portland Adaptability Inventory. The Center for Outcome Measurement in Brain Injury.  Available in the public domain. URL: http://www.tbims.org/combi/mpai",3,7/20/13,,,,,,,,,Y,Supplemental,Y,Supplemental  ,,,Outcomes and End Points,Global Outcome,,MPAI-4,FALSE,BCM,,,
C07293,Mayo-Portland Adaptability Inventory (MPAI-4) - mild symptom sensitivity scale,MPAI4MldSymptmSensScale,,"Description of level at which the patient/subject experiences sensitivity to mild symptoms problems including focusing on thinking, physical or emotional problems attributed to brain injury",NINDS,MPAI4,NINDS,,,"Sensitivity to mild symptoms: Focusing on thinking, physical, or emotional problems attributed to brain injury; rate only how concern or worry about these symptoms affects current functioning over and above the effects of the symptoms themselves",Value List,Numeric Values,cde,FALSE,Refer to instructions on form.,Single Pre-Defined Value Selected,collected,0|1|2|3|4,"None|Mild problem but does not interfere with activities, may use assistive device or medication|Mild problem, interferes with activities 5-24% of the time|Moderate problem, interferes with activities 25-75% of the time|Severe problem, interferes with activities more than 75% of the time","None|Mild problem but does not interfere with activities, may use assistive device or medication|Mild problem, interferes with activities 5-24% of the time|Moderate problem, interferes with activities 25-75% of the time|Severe problem, interferes with activities more than 75% of the time",,,,,,,,Adult | Pediatric,2XNg01CBjSN,NINDS:C07293|BRICS Variable Name:MPAI4MldSymptmSensScale|NLM:2XNg01CBjSN,,,,,,,"Malec, J. (2005). The Mayo Portland Adaptability Inventory. The Center for Outcome Measurement in Brain Injury.  Available in the public domain. URL: http://www.tbims.org/combi/mpai",3,7/20/13,,,,,,,,,Y,Supplemental,Y,Supplemental  ,,,Outcomes and End Points,Global Outcome,,MPAI-4,FALSE,BCM,,,
C07294,Mayo-Portland Adaptability Inventory (MPAI-4) - inappropriate social scale,MPAI4InApprSocInterScale,,"Description of level at which the patient/subject experiences inappropriate social interaction problems including acting childish, silly, rude, behavior not fitting for time and place",NINDS,MPAI4,NINDS,,,"Inappropriate social interaction: Acting childish, silly, rude, behavior not fitting for time and place",Value List,Numeric Values,cde,FALSE,Refer to instructions on form.,Single Pre-Defined Value Selected,collected,0|1|2|3|4,"None|Mild problem but does not interfere with activities, may use assistive device or medication|Mild problem, interferes with activities 5-24% of the time|Moderate problem, interferes with activities 25-75% of the time|Severe problem, interferes with activities more than 75% of the time","None|Mild problem but does not interfere with activities, may use assistive device or medication|Mild problem, interferes with activities 5-24% of the time|Moderate problem, interferes with activities 25-75% of the time|Severe problem, interferes with activities more than 75% of the time",,,,,,,,Adult | Pediatric,aCpJP21NcsE,NINDS:C07294|BRICS Variable Name:MPAI4InApprSocInterScale|NLM:aCpJP21NcsE,,,,,,,"Malec, J. (2005). The Mayo Portland Adaptability Inventory. The Center for Outcome Measurement in Brain Injury.  Available in the public domain. URL: http://www.tbims.org/combi/mpai",3,7/20/13,,,,,,,,,Y,Supplemental,Y,Supplemental  ,,,Outcomes and End Points,Global Outcome,,MPAI-4,FALSE,BCM,,,
C07295,Mayo-Portland Adaptability Inventory (MPAI-4) - impaired self awareness scale,MPAI4ImprdSelfawrnesScale,,Description of level at which the patient/subject experiences impaired self-awareness problems including lack of recognition of personal limitations and disabilities and how they interfere with everyday activities and work or school,NINDS,MPAI4,NINDS,,,Impaired self-awareness: Lack of recognition of personal limitations and disabilities and how they interfere with everyday activities and work or school,Value List,Numeric Values,cde,FALSE,Refer to instructions on form.,Single Pre-Defined Value Selected,collected,0|1|2|3|4,"None|Mild problem but does not interfere with activities, may use assistive device or medication|Mild problem, interferes with activities 5-24% of the time|Moderate problem, interferes with activities 25-75% of the time|Severe problem, interferes with activities more than 75% of the time","None|Mild problem but does not interfere with activities, may use assistive device or medication|Mild problem, interferes with activities 5-24% of the time|Moderate problem, interferes with activities 25-75% of the time|Severe problem, interferes with activities more than 75% of the time",,,,,,,,Adult | Pediatric,DkCQWXRRWTA,NINDS:C07295|BRICS Variable Name:MPAI4ImprdSelfawrnesScale|NLM:DkCQWXRRWTA,,,,,,,"Malec, J. (2005). The Mayo Portland Adaptability Inventory. The Center for Outcome Measurement in Brain Injury.  Available in the public domain. URL: http://www.tbims.org/combi/mpai",3,7/20/13,,,,,,,,,Y,Supplemental,Y,Supplemental  ,,,Outcomes and End Points,Global Outcome,,MPAI-4,FALSE,BCM,,,
C07296,Mayo-Portland Adaptability Inventory (MPAI-4) - family relationship scale,MPAI4FmlyRelateScale,,Description of the stress level at which the patient/subject experiences family/significant relationship issues including interactions with close others,NINDS,MPAI4,NINDS,,,"Family/significant relationships: Interactions with close others; describe stress within the family of those closest to the person with brain injury; family functioning"" means cooperating to accomplish those tasks that need to be done to keep the househo""",Value List,Numeric Values,cde,FALSE,Refer to instructions on form.,Single Pre-Defined Value Selected,collected,0|1|2|3|4,Normal stress within family or other close network of relationships|Mild stress that does not interfere with family functioning|Mild stress that interferes with family functioning 5-24% of the time|Moderate stress that interferes with family functioning 25-75% of the time|Severe stress that interferes with family functioning more than 75% of the time,Normal stress within family or other close network of relationships|Mild stress that does not interfere with family functioning|Mild stress that interferes with family functioning 5-24% of the time|Moderate stress that interferes with family functioning 25-75% of the time|Severe stress that interferes with family functioning more than 75% of the time,,,,,,,,Adult | Pediatric,bykVKbPyj4C,NINDS:C07296|BRICS Variable Name:MPAI4FmlyRelateScale|NLM:bykVKbPyj4C,,,,,,,"Malec, J. (2005). The Mayo Portland Adaptability Inventory. The Center for Outcome Measurement in Brain Injury.  Available in the public domain. URL: http://www.tbims.org/combi/mpai",3,7/20/13,,,,,,,,,Y,Supplemental,Y,Supplemental  ,,,Outcomes and End Points,Global Outcome,,MPAI-4,FALSE,BCM,,,
C07297,Mayo-Portland Adaptability Inventory (MPAI-4) - initiation scale,MPAI4InitScale,,Description of level at which the participant/subject experiences problems with initiation including problems getting started on activities without prompting,NINDS,MPAI4,NINDS,,,Initiation: Problems getting started on activities without prompting,Value List,Numeric Values,cde,FALSE,Refer to instructions on form.,Single Pre-Defined Value Selected,collected,0|1|2|3|4,"None|Mild problem but does not interfere with activities, may use assistive device or medication|Mild problem, interferes with activities 5-24% of the time|Moderate problem, interferes with activities 25-75% of the time|Severe problem, interferes with activities more than 75% of the time","None|Mild problem but does not interfere with activities, may use assistive device or medication|Mild problem, interferes with activities 5-24% of the time|Moderate problem, interferes with activities 25-75% of the time|Severe problem, interferes with activities more than 75% of the time",,,,,,,,Adult | Pediatric,A49A2vugZbg,NINDS:C07297|BRICS Variable Name:MPAI4InitScale|NLM:A49A2vugZbg,,,,,,,"Malec, J. (2005). The Mayo Portland Adaptability Inventory. The Center for Outcome Measurement in Brain Injury.  Available in the public domain. URL: http://www.tbims.org/combi/mpai",3,7/20/13,,,,,,,,,Y,Supplemental,Y,Supplemental  ,,,Outcomes and End Points,Global Outcome,,MPAI-4,FALSE,BCM,,,
C07298,Mayo-Portland Adaptability Inventory (MPAI-4) - social contact scale,MPAI4SoclContScale,,"Description of level at which the participant/subject experiences problems with social contact with friends, work associates, and other people who are not family, significant others or professionals",NINDS,MPAI4,NINDS,,,"Social contact with friends, work associates, and other people",Value List,Numeric Values,cde,FALSE,Refer to instructions on form.,Single Pre-Defined Value Selected,collected,0|1|2|3|4,Normal involvement with others|Mild difficulty in social situations but maintains normal involvement with others|Mildly limited involvement with others (75-95% of normal interaction for age)|Moderately limited involvement with others (25-74% of normal interaction for age)|No or rare involvement with others (less than 25% of normal interaction for age),Normal involvement with others|Mild difficulty in social situations but maintains normal involvement with others|Mildly limited involvement with others (75-95% of normal interaction for age)|Moderately limited involvement with others (25-74% of normal interaction for age)|No or rare involvement with others (less than 25% of normal interaction for age),,,,,,,,Adult | Pediatric,cqHOAudKYpG,NINDS:C07298|BRICS Variable Name:MPAI4SoclContScale|NLM:cqHOAudKYpG,,,,,,,"Malec, J. (2005). The Mayo Portland Adaptability Inventory. The Center for Outcome Measurement in Brain Injury.  Available in the public domain. URL: http://www.tbims.org/combi/mpai",3,7/20/13,,,,,,,,,Y,Supplemental,Y,Supplemental  ,,,Outcomes and End Points,Global Outcome,,MPAI-4,FALSE,BCM,,,
C07299,Mayo-Portland Adaptability Inventory (MPAI-4) - leisure scale,MPAI4LeisScale,,Description of level at which the participant/subject experiences problems with leisure and recreational activities,NINDS,MPAI4,NINDS,,,Leisure and recreational activities participation,Value List,Numeric Values,cde,FALSE,Refer to instructions on form.,Single Pre-Defined Value Selected,collected,0|1|2|3|4,Normal participation in leisure activities for age|Mild difficulty in these activities by maintains normal participation|Mildly limited participation (75-95% of normal participation for age)|Moderately limited participation (25-74% of normal participation for age)|No or rare participation (less than 25% of normal participation for age),Normal participation in leisure activities for age|Mild difficulty in these activities by maintains normal participation|Mildly limited participation (75-95% of normal participation for age)|Moderately limited participation (25-74% of normal participation for age)|No or rare participation (less than 25% of normal participation for age),,,,,,,,Adult | Pediatric,2ryCajPDTEA,NINDS:C07299|BRICS Variable Name:MPAI4LeisScale|NLM:2ryCajPDTEA,,,,,,,"Malec, J. (2005). The Mayo Portland Adaptability Inventory. The Center for Outcome Measurement in Brain Injury.  Available in the public domain. URL: http://www.tbims.org/combi/mpai",3,7/20/13,,,,,,,,,Y,Supplemental,Y,Supplemental  ,,,Outcomes and End Points,Global Outcome,,MPAI-4,FALSE,BCM,,,
C07300,Mayo-Portland Adaptability Inventory (MPAI-4) - self care scale,MPAI4SelfcareScale,,"Description of level at which the participant/subject experiences problems with self-care including eating, dressing, bathing, hygiene",NINDS,MPAI4,NINDS,,,"Self-care: Eating, dressing, bathing, hygiene",Value List,Numeric Values,cde,FALSE,Refer to instructions on form.,Single Pre-Defined Value Selected,collected,0|1|2|3|4,"Independent completion of self-care activities|Mild difficulty, occasional omissions or mildly slowed completion of self-care|may use assistive device or require occasional prompting|Requires a little assistance or supervision from others (5-24% of the time) including frequent prompting|Requires moderate assistance or supervision from others (25-75% of the time)|Requires extensive assistance or supervision from others (more than 75% of the time)","Independent completion of self-care activities|Mild difficulty, occasional omissions or mildly slowed completion of self-care|may use assistive device or require occasional prompting|Requires a little assistance or supervision from others (5-24% of the time) including frequent prompting|Requires moderate assistance or supervision from others (25-75% of the time)|Requires extensive assistance or supervision from others (more than 75% of the time)",,,,,,,,Adult | Pediatric,16ayzAzhURE,NINDS:C07300|BRICS Variable Name:MPAI4SelfcareScale|NLM:16ayzAzhURE,,,,,,,"Malec, J. (2005). The Mayo Portland Adaptability Inventory. The Center for Outcome Measurement in Brain Injury.  Available in the public domain. URL: http://www.tbims.org/combi/mpai",3,7/20/13,,,,,,,,,Y,Supplemental,Y,Supplemental  ,,,Outcomes and End Points,Global Outcome,,MPAI-4,FALSE,BCM,,,
C07301,Mayo-Portland Adaptability Inventory (MPAI-4) - residence scale,MPAI4ResdnceScale,,Description of level at which the participant/subject experiences problems with residence including responsibilities of independent living and homemaking,NINDS,MPAI4,NINDS,,,"Residence: Responsibilities of independent living and homemaking (such as, meal preparation, home repairs and maintenance, personal health maintenance beyond Core hygiene including medical management) but not including managing money",Value List,Numeric Values,cde,FALSE,Refer to instructions on form.,Single Pre-Defined Value Selected,collected,0|1|2|3|4,Independent|living without supervision or concern from others|Living without supervisions but others have concerns about safety or managing responsibilities|Requires a little assistance or supervision from others (5-24% of the time)|Requires moderate assistance or supervision from others (25-75% of the time)|Requires extensive assistance or supervision from others (more than 75% of the time),Independent|living without supervision or concern from others|Living without supervisions but others have concerns about safety or managing responsibilities|Requires a little assistance or supervision from others (5-24% of the time)|Requires moderate assistance or supervision from others (25-75% of the time)|Requires extensive assistance or supervision from others (more than 75% of the time),,,,,,,,Adult | Pediatric,KOqqGK844Ms,NINDS:C07301|BRICS Variable Name:MPAI4ResdnceScale|NLM:KOqqGK844Ms,,,,,,,"Malec, J. (2005). The Mayo Portland Adaptability Inventory. The Center for Outcome Measurement in Brain Injury.  Available in the public domain. URL: http://www.tbims.org/combi/mpai",3,7/20/13,,,,,,,,,Y,Supplemental,Y,Supplemental  ,,,Outcomes and End Points,Global Outcome,,MPAI-4,FALSE,BCM,,,
C07302,Mayo-Portland Adaptability Inventory (MPAI-4) - transportation scale,MPAI4TrsptScale,,Description of level at which the participant/subject experiences problems with transportation,NINDS,MPAI4,NINDS,,,Transportation,Value List,Numeric Values,cde,FALSE,Refer to instructions on form.,Single Pre-Defined Value Selected,collected,0|1|2|3|4,"Independent in all modes of transportation including independent ability to operate a personal motor vehicle|Independent in all modes of transportation, but others have concerns about safety|Requires a little assistance or supervision from others (5-24% of the time), cannot drive|Requires moderate assistance or supervision from others (25-75% of the time), cannot drive|Requires extensive assistance or supervision from others (more than 75% of the time), cannot drive","Independent in all modes of transportation including independent ability to operate a personal motor vehicle|Independent in all modes of transportation, but others have concerns about safety|Requires a little assistance or supervision from others (5-24% of the time), cannot drive|Requires moderate assistance or supervision from others (25-75% of the time), cannot drive|Requires extensive assistance or supervision from others (more than 75% of the time), cannot drive",,,,,,,,Adult | Pediatric,1EFEnEJZY_R,NINDS:C07302|BRICS Variable Name:MPAI4TrsptScale|NLM:1EFEnEJZY_R,,,,,,,"Malec, J. (2005). The Mayo Portland Adaptability Inventory. The Center for Outcome Measurement in Brain Injury.  Available in the public domain. URL: http://www.tbims.org/combi/mpai",3,7/20/13,,,,,,,,,Y,Supplemental,Y,Supplemental  ,,,Outcomes and End Points,Global Outcome,,MPAI-4,FALSE,BCM,,,
C07303,Mayo-Portland Adaptability Inventory (MPAI-4) - paid employment scale,MPAI4PaidEmplmtScale,,Description of level at which the participant/subject experiences problems with paid employment,NINDS,MPAI4,NINDS,,,Paid Employment Rate either item 28A or 28B to refelct the primary desired social role.  Do not rate both.  Rate 28A if the primary social role is paid employment.  If another social role is primary rate only 28B.  For both 28A and 28B support means speci,Value List,Numeric Values,cde,FALSE,Refer to instructions on form.,Single Pre-Defined Value Selected,collected,0|1|2|3|4,Full-time (more than 30 hrs/wk) without support|Part-time (3 to 30 hrs/wk) without support|Full-time or part-time with support|Sheltered work|Unemployed|employed less than 3 hours per week,Full-time (more than 30 hrs/wk) without support|Part-time (3 to 30 hrs/wk) without support|Full-time or part-time with support|Sheltered work|Unemployed|employed less than 3 hours per week,,,,,,,,Adult | Pediatric,cjc5V_ZOVwq,NINDS:C07303|BRICS Variable Name:MPAI4PaidEmplmtScale|NLM:cjc5V_ZOVwq,,,,,,,"Malec, J. (2005). The Mayo Portland Adaptability Inventory. The Center for Outcome Measurement in Brain Injury.  Available in the public domain. URL: http://www.tbims.org/combi/mpai",3,7/20/13,,,,,,,,,Y,Supplemental,Y,Supplemental  ,,,Outcomes and End Points,Global Outcome,,MPAI-4,FALSE,BCM,,,
C07304,Mayo-Portland Adaptability Inventory (MPAI-4) - other employment scale,MPAI4OthrEmplmtScale,,"Description of level at which the participant/subject experiences problems with other employment for example involved in constructive, role-appropriate activity other than paid employment",NINDS,MPAI4,NINDS,,,"Other employment: Involved in constructive, role-appropriate activity other than paid employment.",Value List,Numeric Values,cde,FALSE,"Check only one to indicate primary desired social role: Childrearing/care-giving; Homemaker, no childrearing or care-giving; Student; Volunteer; Retired (check retired onlyif over age 60; if unemployed, retired as disabled and under age 60, indicate Unemployed"" for item 28A)""",Single Pre-Defined Value Selected,collected,0|1|2|3|4,"Full-time (more than 30 hrs/wk) without support, full time course load for students|Part-time (3 to 30 hrs/wk) without support|Full-time or part-time with support|Activities in a supervised environment other than a sheltered workshop|Inactive, involved in role-appropriate activities less than 3 hours per week","Full-time (more than 30 hrs/wk) without support, full time course load for students|Part-time (3 to 30 hrs/wk) without support|Full-time or part-time with support|Activities in a supervised environment other than a sheltered workshop|Inactive, involved in role-appropriate activities less than 3 hours per week",,,,,,,,Adult | Pediatric,DxuvFZ6YH1r,NINDS:C07304|BRICS Variable Name:MPAI4OthrEmplmtScale|NLM:DxuvFZ6YH1r,,,,,,,"Malec, J. (2005). The Mayo Portland Adaptability Inventory. The Center for Outcome Measurement in Brain Injury.  Available in the public domain. URL: http://www.tbims.org/combi/mpai",3,7/20/13,,,,,,,,,Y,Supplemental,Y,Supplemental  ,,,Outcomes and End Points,Global Outcome,,MPAI-4,FALSE,BCM,,,
C07305,Mayo-Portland Adaptability Inventory (MPAI-4) - primary social role name,MPAI4PrimrySoclRoleName,,Primary desired social role for other employment of participant/subject,NINDS,MPAI4,NINDS,,,Check only one to indicate primary desired social role,Value List,Alphanumeric,cde,FALSE,"Check retired only if over age 60; if unemployed, retired as disabled and under age 60, indicate Unemployed"" for item C07303.""",Single Pre-Defined Value Selected,collected,0|1|2|3|4,"Childrearing/care-giving|Homemaker, no childrearing or care-giving|Student|Volunteer|Retired","Childrearing/care-giving|Homemaker, no childrearing or care-giving|Student|Volunteer|Retired",,,,,,,,Adult | Pediatric,e0B7PA2Ea0u,NINDS:C07305|BRICS Variable Name:MPAI4PrimrySoclRoleName|NLM:e0B7PA2Ea0u,,,,,,,"Malec, J. (2005). The Mayo Portland Adaptability Inventory. The Center for Outcome Measurement in Brain Injury.  Available in the public domain. URL: http://www.tbims.org/combi/mpai",3,7/20/13,,,,,,,,,Y,Supplemental,Y,Supplemental  ,,,Outcomes and End Points,Global Outcome,,MPAI-4,FALSE,BCM,,,
C07306,Mayo-Portland Adaptability Inventory (MPAI-4) - manage money scale,MPAI4MngMnyScale,,"Description of level at which the participant/subject experiences problems with managing money and finances including problems with shopping, keeping a check book or other bank account, managing personal income and investments",NINDS,MPAI4,NINDS,,,"Managing money and finances: Shopping, keeping a check book or other bank account, managing personal income and investments",Value List,Numeric Values,cde,FALSE,Refer to instructions on form.,Single Pre-Defined Value Selected,collected,0|1|2|3|4,"Independent, manages small purchases and personal finances without supervision or concern from others|Manages money independently but others have concerns about larger financial decisions|Requires a little help or supervision (5-24% of the time) with large finances, independent with small purchases|Requires moderate help or supervision (25-75% of the time) with large finances, some help with small purchases|Requires extensive help or supervision (more than 75% of the time) with large finances, frequent help with small purchases","Independent, manages small purchases and personal finances without supervision or concern from others|Manages money independently but others have concerns about larger financial decisions|Requires a little help or supervision (5-24% of the time) with large finances, independent with small purchases|Requires moderate help or supervision (25-75% of the time) with large finances, some help with small purchases|Requires extensive help or supervision (more than 75% of the time) with large finances, frequent help with small purchases",,,,,,,,Adult | Pediatric,t2qU5Ot3yhq,NINDS:C07306|BRICS Variable Name:MPAI4MngMnyScale|NLM:t2qU5Ot3yhq,,,,,,,"Malec, J. (2005). The Mayo Portland Adaptability Inventory. The Center for Outcome Measurement in Brain Injury.  Available in the public domain. URL: http://www.tbims.org/combi/mpai",3,7/20/13,,,,,,,,,Y,Supplemental,Y,Supplemental  ,,,Outcomes and End Points,Global Outcome,,MPAI-4,FALSE,BCM,,,
C07307,Mayo-Portland Adaptability Inventory (MPAI-4) - pre alcohol use scale,MPAI4PreAlcUseScale,,"Use of alcoholic beverages by the participant/subject before the injury, as part of the Mayo-Portland Adaptability Inventory (MPAI-4)",NINDS,MPAI4,NINDS,,,Use of alcoholic beverages pre-injury,Value List,Numeric Values,cde,FALSE,Refer to instructions on form.,Single Pre-Defined Value Selected,collected,0|1|2|3|4,"No or socially acceptable use|Occasionally exceeds socially acceptable use but does not interfere with everyday functioning, current problem under treatment or in remission|Frequent excessive use that occasionally interferes with everyday functioning, possible dependence|Use or dependence that interferes with everyday functioning, additional treatment recommended|Inpatient or residential treatment required","No or socially acceptable use|Occasionally exceeds socially acceptable use but does not interfere with everyday functioning, current problem under treatment or in remission|Frequent excessive use that occasionally interferes with everyday functioning, possible dependence|Use or dependence that interferes with everyday functioning, additional treatment recommended|Inpatient or residential treatment required",,,,,,,,Adult | Pediatric,XZCkVJVczMq,NINDS:C07307|BRICS Variable Name:MPAI4PreAlcUseScale|NLM:XZCkVJVczMq,,,,,,,"Malec, J. (2005). The Mayo Portland Adaptability Inventory. The Center for Outcome Measurement in Brain Injury.  Available in the public domain. URL: http://www.tbims.org/combi/mpai",3,7/20/13,,,,,,,,,Y,Supplemental,Y,Supplemental  ,,,Outcomes and End Points,Global Outcome,,MPAI-4,FALSE,BCM,,,
C07308,Mayo-Portland Adaptability Inventory (MPAI-4) - post alcohol use scale,MPAI4PostAlcUseScale,,"Use of alcoholic beverages by the participant/subject after the injury, as part of the Mayo-Portland Adaptability Inventory (MPAI-4)",NINDS,MPAI4,NINDS,,,Use of alcoholic beverages post-injury,Value List,Numeric Values,cde,FALSE,Refer to instructions on form.,Single Pre-Defined Value Selected,collected,0|1|2|3|4,"No or socially acceptable use|Occasionally exceeds socially acceptable use but does not interfere with everyday functioning, current problem under treatment or in remission|Frequent excessive use that occasionally interferes with everyday functioning, possible dependence|Use or dependence that interferes with everyday functioning, additional treatment recommended|Inpatient or residential treatment required","No or socially acceptable use|Occasionally exceeds socially acceptable use but does not interfere with everyday functioning, current problem under treatment or in remission|Frequent excessive use that occasionally interferes with everyday functioning, possible dependence|Use or dependence that interferes with everyday functioning, additional treatment recommended|Inpatient or residential treatment required",,,,,,,,Adult | Pediatric,M8NhVWRZxeM,NINDS:C07308|BRICS Variable Name:MPAI4PostAlcUseScale|NLM:M8NhVWRZxeM,,,,,,,"Malec, J. (2005). The Mayo Portland Adaptability Inventory. The Center for Outcome Measurement in Brain Injury.  Available in the public domain. URL: http://www.tbims.org/combi/mpai",3,7/20/13,,,,,,,,,Y,Supplemental,Y,Supplemental  ,,,Outcomes and End Points,Global Outcome,,MPAI-4,FALSE,BCM,,,
C07309,Mayo-Portland Adaptability Inventory (MPAI-4) - pre drug use scale,MPAI4PreDrugUseScale,,Use of illegal drugs or abuse of prescription drugs by the participant/subject pre-injury,NINDS,MPAI4,NINDS,,,Use of illegal drugs or abuse of prescription drugs pre-injury,Value List,Numeric Values,cde,FALSE,Refer to instructions on form.,Single Pre-Defined Value Selected,collected,0|1|2|3|4,"No or occasional use|Occasional use does not interfere with everyday functioning, current problem under treatment or in remission|Frequent use that occasionally interferes with everyday functioning, possible dependence|Use or dependence interferes with everyday functioning, additional treatment recommended|Inpatient or residential treatment required","No or occasional use|Occasional use does not interfere with everyday functioning, current problem under treatment or in remission|Frequent use that occasionally interferes with everyday functioning, possible dependence|Use or dependence interferes with everyday functioning, additional treatment recommended|Inpatient or residential treatment required",,,,,,,,Adult | Pediatric,6yx57dCpVmy,NINDS:C07309|BRICS Variable Name:MPAI4PreDrugUseScale|NLM:6yx57dCpVmy,,,,,,,"Malec, J. (2005). The Mayo Portland Adaptability Inventory. The Center for Outcome Measurement in Brain Injury.  Available in the public domain. URL: http://www.tbims.org/combi/mpai",3,7/20/13,,,,,,,,,Y,Supplemental,Y,Supplemental  ,,,Outcomes and End Points,Global Outcome,,MPAI-4,FALSE,BCM,,,
C07310,Mayo-Portland Adaptability Inventory (MPAI-4) - post drug use scale,MPAI4PostDrugUseScale,,Use of illegal drugs or abuse of prescription drugs by the participant/subject post-injury,NINDS,MPAI4,NINDS,,,Use of illegal drugs or abuse of prescription drugs post-injury,Value List,Numeric Values,cde,FALSE,Refer to instructions on form.,Single Pre-Defined Value Selected,collected,0|1|2|3|4,"No or occasional use|Occasional use does not interfere with everyday functioning, current problem under treatment or in remission|Frequent use that occasionally interferes with everyday functioning, possible dependence|Use or dependence interferes with everyday functioning, additional treatment recommended|Inpatient or residential treatment required","No or occasional use|Occasional use does not interfere with everyday functioning, current problem under treatment or in remission|Frequent use that occasionally interferes with everyday functioning, possible dependence|Use or dependence interferes with everyday functioning, additional treatment recommended|Inpatient or residential treatment required",,,,,,,,Adult | Pediatric,9U5VvNRMazh,NINDS:C07310|BRICS Variable Name:MPAI4PostDrugUseScale|NLM:9U5VvNRMazh,,,,,,,"Malec, J. (2005). The Mayo Portland Adaptability Inventory. The Center for Outcome Measurement in Brain Injury.  Available in the public domain. URL: http://www.tbims.org/combi/mpai",3,7/20/13,,,,,,,,,Y,Supplemental,Y,Supplemental  ,,,Outcomes and End Points,Global Outcome,,MPAI-4,FALSE,BCM,,,
C07311,Mayo-Portland Adaptability Inventory (MPAI-4) - pre psychotic symptom scale,MPAI4PrePyschSymptmScale,,"Hallucinations, delusions, other persistent severely distorted perceptions of reality experienced by the participant/subject before the injury",NINDS,MPAI4,NINDS,,,Psychotic Symptoms Hallucinations delusions other persisten severely distorted perceptions of reality,Value List,Numeric Values,cde,FALSE,Refer to instructions on form.,Single Pre-Defined Value Selected,collected,0|1|2|3|4,"None|Current problem under treatment or in remissions, symptoms do not interfere with everyday functioning|Symptoms occasionally interfere with everyday functioning but no additional evaluation or treatment recommended|Symptoms interfere with everyday functioning, additional treatment recommended|Inpatient or residential treatment required","None|Current problem under treatment or in remissions, symptoms do not interfere with everyday functioning|Symptoms occasionally interfere with everyday functioning but no additional evaluation or treatment recommended|Symptoms interfere with everyday functioning, additional treatment recommended|Inpatient or residential treatment required",,,,,,,,Adult | Pediatric,wwBT1xqrDAQ,NINDS:C07311|BRICS Variable Name:MPAI4PrePyschSymptmScale|NLM:wwBT1xqrDAQ,,,,,,,"Malec, J. (2005). The Mayo Portland Adaptability Inventory. The Center for Outcome Measurement in Brain Injury.  Available in the public domain. URL: http://www.tbims.org/combi/mpai",3,7/20/13,,,,,,,,,Y,Supplemental,Y,Supplemental  ,,,Outcomes and End Points,Global Outcome,,MPAI-4,FALSE,BCM,,,
C07312,Mayo-Portland Adaptability Inventory (MPAI-4) - post psychotic symptom scale,MPAI4PstPyschSymptmScale,,"Hallucinations, delusions, other persistent severely distorted perceptions of reality experienced by the participant/subject after the injury",NINDS,MPAI4,NINDS,,,Psychotic Symptoms Hallucinations delusions other persisten severely distorted perceptions of reality,Value List,Numeric Values,cde,FALSE,Refer to instructions on form.,Single Pre-Defined Value Selected,collected,0|1|2|3|4,"None|Current problem under treatment or in remissions, symptoms do not interfere with everyday functioning|Symptoms occasionally interfere with everyday functioning but no additional evaluation or treatment recommended|Symptoms interfere with everyday functioning, additional treatment recommended|Inpatient or residential treatment required","None|Current problem under treatment or in remissions, symptoms do not interfere with everyday functioning|Symptoms occasionally interfere with everyday functioning but no additional evaluation or treatment recommended|Symptoms interfere with everyday functioning, additional treatment recommended|Inpatient or residential treatment required",,,,,,,,Adult | Pediatric,PAsqCmPfYpf,NINDS:C07312|BRICS Variable Name:MPAI4PstPyschSymptmScale|NLM:PAsqCmPfYpf,,,,,,,"Malec, J. (2005). The Mayo Portland Adaptability Inventory. The Center for Outcome Measurement in Brain Injury.  Available in the public domain. URL: http://www.tbims.org/combi/mpai",3,7/20/13,,,,,,,,,Y,Supplemental,Y,Supplemental  ,,,Outcomes and End Points,Global Outcome,,MPAI-4,FALSE,BCM,,,
C07313,Mayo-Portland Adaptability Inventory (MPAI-4) - pre law violation scale,MPAI4PreLawViolScale,,History of law violations of participant/subject before the injury,NINDS,MPAI4,NINDS,,,Law violations History before and after injury,Value List,Numeric Values,cde,FALSE,Refer to instructions on form.,Single Pre-Defined Value Selected,collected,0|1|2|3|4,None or minor traffic violations only|Conviction on one or two misdemeanors other than minor traffic violations|History of more than two misdemeanors other than minor traffic violations|Single felony conviction|Repeat felony convictions,None or minor traffic violations only|Conviction on one or two misdemeanors other than minor traffic violations|History of more than two misdemeanors other than minor traffic violations|Single felony conviction|Repeat felony convictions,,,,,,,,Adult | Pediatric,J8VAv_8O0h5,NINDS:C07313|BRICS Variable Name:MPAI4PreLawViolScale|NLM:J8VAv_8O0h5,,,,,,,"Malec, J. (2005). The Mayo Portland Adaptability Inventory. The Center for Outcome Measurement in Brain Injury.  Available in the public domain. URL: http://www.tbims.org/combi/mpai",3,7/20/13,,,,,,,,,Y,Supplemental,Y,Supplemental  ,,,Outcomes and End Points,Global Outcome,,MPAI-4,FALSE,BCM,,,
C07314,Mayo-Portland Adaptability Inventory (MPAI-4) - post law violation scale,MPAI4PstLawViolScale,,History of law violations of participant/subject after the injury,NINDS,MPAI4,NINDS,,,Law violations History before and after injury,Value List,Numeric Values,cde,FALSE,Refer to instructions on form.,Single Pre-Defined Value Selected,collected,0|1|2|3|4,None or minor traffic violations only|Conviction on one or two misdemeanors other than minor traffic violations|History of more than two misdemeanors other than minor traffic violations|Single felony conviction|Repeat felony convictions,None or minor traffic violations only|Conviction on one or two misdemeanors other than minor traffic violations|History of more than two misdemeanors other than minor traffic violations|Single felony conviction|Repeat felony convictions,,,,,,,,Adult | Pediatric,xAutR6aw40S,NINDS:C07314|BRICS Variable Name:MPAI4PstLawViolScale|NLM:xAutR6aw40S,,,,,,,"Malec, J. (2005). The Mayo Portland Adaptability Inventory. The Center for Outcome Measurement in Brain Injury.  Available in the public domain. URL: http://www.tbims.org/combi/mpai",3,7/20/13,,,,,,,,,Y,Supplemental,Y,Supplemental  ,,,Outcomes and End Points,Global Outcome,,MPAI-4,FALSE,BCM,,,
C07315,Mayo-Portland Adaptability Inventory (MPAI-4) - pre other physical impairment scale,MPAI4PreOthrPhysImpairScale,,Description of other condition causing physical impairment for participant/subject including physical disability due to medical conditions other than brain injury before the injury,NINDS,MPAI4,NINDS,,,Other condition causing physical impairment Physical disability due to medical conditions other than brain injury such as spinal cord injury amputation.,Value List,Numeric Values,cde,FALSE,Refer to instructions on form.,Single Pre-Defined Value Selected,collected,0|1|2|3|4,"None|Mild problem but does not interfere with activities, may use assistive device or medication|Mild problem, interferes with activities 5-24% of the time|Moderate problem, interferes with activities 25-75% of the time|Severe problem, interferes with activities more than 75% of the time","None|Mild problem but does not interfere with activities, may use assistive device or medication|Mild problem, interferes with activities 5-24% of the time|Moderate problem, interferes with activities 25-75% of the time|Severe problem, interferes with activities more than 75% of the time",,,,,,,,Adult | Pediatric,n0Af_DgaE6d,NINDS:C07315|BRICS Variable Name:MPAI4PreOthrPhysImpairScale|NLM:n0Af_DgaE6d,,,,,,,"Malec, J. (2005). The Mayo Portland Adaptability Inventory. The Center for Outcome Measurement in Brain Injury.  Available in the public domain. URL: http://www.tbims.org/combi/mpai",3,7/20/13,,,,,,,,,Y,Supplemental,Y,Supplemental  ,,,Outcomes and End Points,Global Outcome,,MPAI-4,FALSE,BCM,,,
C07316,Mayo-Portland Adaptability Inventory (MPAI-4) - post other physical impairment scale,MPAI4PstOthrPhysImpairScale,,Description of other condition causing physical impairment for participant/subject including physical disability due to medical conditions other than brain injury after the injury,NINDS,MPAI4,NINDS,,,Other condition causing physical impairment Physical disability due to medical conditions other than brain injury such as spinal cord injury amputation.,Value List,Numeric Values,cde,FALSE,Refer to instructions on form.,Single Pre-Defined Value Selected,collected,0|1|2|3|4,"None|Mild problem but does not interfere with activities, may use assistive device or medication|Mild problem, interferes with activities 5-24% of the time|Moderate problem, interferes with activities 25-75% of the time|Severe problem, interferes with activities more than 75% of the time","None|Mild problem but does not interfere with activities, may use assistive device or medication|Mild problem, interferes with activities 5-24% of the time|Moderate problem, interferes with activities 25-75% of the time|Severe problem, interferes with activities more than 75% of the time",,,,,,,,Adult | Pediatric,0QEHKBaNM4k,NINDS:C07316|BRICS Variable Name:MPAI4PstOthrPhysImpairScale|NLM:0QEHKBaNM4k,,,,,,,"Malec, J. (2005). The Mayo Portland Adaptability Inventory. The Center for Outcome Measurement in Brain Injury.  Available in the public domain. URL: http://www.tbims.org/combi/mpai",3,7/20/13,,,,,,,,,Y,Supplemental,Y,Supplemental  ,,,Outcomes and End Points,Global Outcome,,MPAI-4,FALSE,BCM,,,
C07317,Mayo-Portland Adaptability Inventory (MPAI-4) - pre other cognitive impairment scale,MPAI4PreOthrCogImpair,,"Description of other condition causing cognitive impairment for participant/subject including cognitive disability due to nonpsychiatric medical conditions before the injury, as part of the Mayo-Portland Adaptability Inventory (MPAI-4)",NINDS,MPAI4,NINDS,,,Other condition causing cognitive impairment Cognitive disability due to nonpsychiatric medical conditions other than brain injury such as dementia stroke developmental disability,Value List,Numeric Values,cde,FALSE,Refer to instructions on form.,Single Pre-Defined Value Selected,collected,0|1|2|3|4,"None|Mild problem but does not interfere with activities, may use assistive device or medication|Mild problem, interferes with activities 5-24% of the time|Moderate problem, interferes with activities 25-75% of the time|Severe problem, interferes with activities more than 75% of the time","None|Mild problem but does not interfere with activities, may use assistive device or medication|Mild problem, interferes with activities 5-24% of the time|Moderate problem, interferes with activities 25-75% of the time|Severe problem, interferes with activities more than 75% of the time",,,,,,,,Adult | Pediatric,bX13P3ZkrmR,NINDS:C07317|BRICS Variable Name:MPAI4PreOthrCogImpair|NLM:bX13P3ZkrmR,,,,,,,"Malec, J. (2005). The Mayo Portland Adaptability Inventory. The Center for Outcome Measurement in Brain Injury.  Available in the public domain. URL: http://www.tbims.org/combi/mpai",3,7/20/13,,,,,,,,,Y,Supplemental,Y,Supplemental  ,,,Outcomes and End Points,Global Outcome,,MPAI-4,FALSE,BCM,,,
C07318,Mayo-Portland Adaptability Inventory (MPAI-4) - post other cognitive impairment scale,MPAI4PstOthrCogImpair,,"Description of other condition causing cognitive impairment for participant/subject including cognitive disability due to nonpsychiatric medical conditions other than brain injury, such as, dementia, stroke, developmental disability after the injury",NINDS,MPAI4,NINDS,,,Other condition causing cognitive impairment Cognitive disability due to nonpsychiatric medical conditions other than brain injury such as dementia stroke developmental disability,Value List,Numeric Values,cde,FALSE,Refer to instructions on form.,Single Pre-Defined Value Selected,collected,0|1|2|3|4,"None|Mild problem but does not interfere with activities, may use assistive device or medication|Mild problem, interferes with activities 5-24% of the time|Moderate problem, interferes with activities 25-75% of the time|Severe problem, interferes with activities more than 75% of the time","None|Mild problem but does not interfere with activities, may use assistive device or medication|Mild problem, interferes with activities 5-24% of the time|Moderate problem, interferes with activities 25-75% of the time|Severe problem, interferes with activities more than 75% of the time",,,,,,,,Adult | Pediatric,B0j4dGuPq6e,NINDS:C07318|BRICS Variable Name:MPAI4PstOthrCogImpair|NLM:B0j4dGuPq6e,,,,,,,"Malec, J. (2005). The Mayo Portland Adaptability Inventory. The Center for Outcome Measurement in Brain Injury.  Available in the public domain. URL: http://www.tbims.org/combi/mpai",3,7/20/13,,,,,,,,,Y,Supplemental,Y,Supplemental  ,,,Outcomes and End Points,Global Outcome,,MPAI-4,FALSE,BCM,,,
C07319,Mayo-Portland Adaptability Inventory (MPAI-4) - ability subscale score,MPAI4AblSubscaleScore,,MPAI-4 Ability Subscale raw score (items 1-12),NINDS,MPAI4,NINDS,,,Abilities Subscale,Number,Numeric Values,cde,FALSE,"Resocre item 4. If original score = 0, new score = 0. If original score = 1, 2, or 3, new score = 1. If original score = 4, new score = 3. New score for item 4 = ____ Sume of scores for items 1‚Äì3 and 5‚Äì12 (use highest score for 7A or 7B) = ___ Sum of A and B = Raw Score for Abilities Subscale =",Free-Form Entry,claculation,,,,,,,,,,,Adult | Pediatric,KHEJunVQ4_g,NINDS:C07319|BRICS Variable Name:MPAI4AblSubscaleScore|NLM:KHEJunVQ4_g,,,,,,,"Malec, J. (2005). The Mayo Portland Adaptability Inventory. The Center for Outcome Measurement in Brain Injury.  Available in the public domain. URL: http://www.tbims.org/combi/mpai",3,7/20/13,,,,,,,,,Y,Supplemental,Y,Supplemental  ,,,Outcomes and End Points,Global Outcome,,MPAI-4,FALSE,BCM,,,
C07320,Mayo-Portland Adaptability Inventory (MPAI-4) - adjustment subscale score,MPAI4AdjSubscaleScore,,MPAI-4 Adjustment Subscale raw score (items 13-24),NINDS,MPAI4,NINDS,,,Adjustment Subscale,Number,Numeric Values,cde,FALSE,"Rescore item 16. If original score = 0, new score = 0. If original score = 1, or 2, new score = 1. If original score = 3 or 4, new score = 2. New score for item 16 = ____ Sum of scores for items 13‚Äì15 and 17‚Äì24 = ___ Sum of C and D = Raw Score for Adjustment Subscale",Free-Form Entry,claculation,,,,,,,,,,,Adult | Pediatric,z2sG3NsnpuT,NINDS:C07320|BRICS Variable Name:MPAI4AdjSubscaleScore|NLM:z2sG3NsnpuT,,,,,,,"Malec, J. (2005). The Mayo Portland Adaptability Inventory. The Center for Outcome Measurement in Brain Injury.  Available in the public domain. URL: http://www.tbims.org/combi/mpai",3,7/20/13,,,,,,,,,Y,Supplemental,Y,Supplemental  ,,,Outcomes and End Points,Global Outcome,,MPAI-4,FALSE,BCM,,,
C07321,Mayo-Portland Adaptability Inventory (MPAI-4) - participation subscale score,MPAI4PrtpSubscaleScore,,MPAI-4 Participation Subscale raw score (items 22-29),NINDS,MPAI4,NINDS,,,Participation Subscale,Number,Numeric Values,cde,FALSE,"Rescore item 27. Original score = ___. If original score = 0 or 1, new score = 0. If original score = 2 or 3, new score = 1. If original score = 4, new score = 3.   Rescore item 28A or 28B. Original score = ___. If original score = 0, new score = 0. If original score = 1 or 2, new score = 1. If original score = 3 or 4, new score = 3.   E. New score for item 27 = ___  F. New score for item 28A or 28B = ___  G. Sum of scores for items 22‚Äì24 = ___  H. Sum of scores for items 25, 26, 29  ___  Sum of E through H = Raw Score for Participation Subscale",Free-Form Entry,claculation,,,,,,,,,,,Adult | Pediatric,tvc6UPQYcDn,NINDS:C07321|BRICS Variable Name:MPAI4PrtpSubscaleScore|NLM:tvc6UPQYcDn,,,,,,,"Malec, J. (2005). The Mayo Portland Adaptability Inventory. The Center for Outcome Measurement in Brain Injury.  Available in the public domain. URL: http://www.tbims.org/combi/mpai",3,7/20/13,,,,,,,,,Y,Supplemental,Y,Supplemental  ,,,Outcomes and End Points,Global Outcome,,MPAI-4,FALSE,BCM,,,
C07322,Mayo-Portland Adaptability Inventory (MPAI-4) - total raw score,MPAI4TotlRawScore,,MPAI-4 Total raw score,NINDS,MPAI4,NINDS,,,Raw Scores,Number,Numeric Values,cde,FALSE,Refer to instructions on form.,Free-Form Entry,claculation,,,,,,,,,0,115,Adult | Pediatric,AOH0tux1Ae6,NINDS:C07322|BRICS Variable Name:MPAI4TotlRawScore|NLM:AOH0tux1Ae6,,,,,,,"Malec, J. (2005). The Mayo Portland Adaptability Inventory. The Center for Outcome Measurement in Brain Injury.  Available in the public domain. URL: http://www.tbims.org/combi/mpai",3,7/20/13,,,,,,,,,Y,Supplemental,Y,Supplemental  ,,,Outcomes and End Points,Global Outcome,,MPAI-4,FALSE,BCM,,,
C00731,Alcohol use last month days drank number,AlcoholUseLastMoDayDrnkNum,,"During the past 30 days, how many days per month did you have at least one drink of any alcoholic beverage such as beer, wine, a malt beverage or liquor?",NINDS,,NINDS,,,"During the past 30 days, how many days per month did you have at least one drink of any alcoholic beverage such as beer, wine, a malt beverage or liquor?",Number,Numeric Values,cde,FALSE,The suggested range is 0 - 30.,Free-Form Entry,collected,,,,,,,,,0,30,Adult | Pediatric,C0JW6GSYXUW,NINDS:C00731|BRICS Variable Name:AlcoholUseLastMoDayDrnkNum|NLM:C0JW6GSYXUW,,,,,,,Please refer the Behavioral Risk Factor Surveillance System (BRFSS) instrument for capturing alcohol consumption http://www.cdc.gov/brfss/,3,7/20/13,,,,,,,,,Y,Supplemental,Y,Recommended,,,Participant History and Family History,General Health History,,Substance Use,FALSE,CA,,,
C00732,Alcohol use last month drinking day average drinks number,AlchlUseLstMoDrnkDyAvgDrnksNum,,"During the past 30 days, on the days when you drank, about how many drinks did you drink on the average? NOTE: One drink is equivalent to a 12-ounce beer, a 5-ounce glass of wine, or a drink with one shot of liquor. A 40 ounce beer would count as 3 drinks, or a cocktail drink with 2 shots would count as 2 drinks.",NINDS,,NINDS,,,"During the past 30 days, on the days when you drank, about how many drinks did you drink on the average?",Number,Numeric Values,cde,FALSE,Response is obtained from report by participant/subject or proxy. Recommend collection as soon as possible after visit/admission.,Free-Form Entry,collected,,,,,,,,,0,30,Adult | Pediatric,vrUmzUX4VE1,NINDS:C00732|BRICS Variable Name:AlchlUseLstMoDrnkDyAvgDrnksNum|NLM:vrUmzUX4VE1,,,,,,,Please refer the Behavioral Risk Factor Surveillance System (BRFSS) instrument for capturing alcohol consumption http://www.cdc.gov/brfss/,3,7/20/13,,,,,,,,,Y,Supplemental,Y,Recommended,,,Participant History and Family History,General Health History,,Substance Use,FALSE,CA,,,
C00733,Alcohol use last month consumed more than four or five drinks days number,AlcohlLstMoConsmOvr5DrnkDayNum,,"Considering all types of alcoholic beverages, how many times during the past 30 days did you have X [X = 5 for men, X = 4 for women] or more drinks on an occasion?",NINDS,,NINDS,,,"Considering all types of alcoholic beverages, how many times during the past 30 days did you have X [X = 5 for men, X = 4 for women] or more drinks on an occasion?",Number,Numeric Values,cde,FALSE,The suggested range is 0 - 30.,Free-Form Entry,collected,,,,,,,,,0,30,Adult | Pediatric,2Aty8M1qCWS,NINDS:C00733|BRICS Variable Name:AlcohlLstMoConsmOvr5DrnkDayNum|NLM:2Aty8M1qCWS,,,,,,,Please refer the Behavioral Risk Factor Surveillance System (BRFSS) instrument for capturing alcohol consumption http://www.cdc.gov/brfss/,3,7/20/13,,,,,,,,,Y,Supplemental,Y,Recommended,,,Participant History and Family History,General Health History,,Substance Use,FALSE,CA,,,
C00706,Alcohol prior use indicator,AlcPriorUseInd,,Indicator of the participant's/subject's alcohol consumption prior to the past 12 months,NINDS,,NINDS,,,Indicates alcohol use prior to the last 12 months,Value List,Alphanumeric,cde,FALSE,"Choose one. Document when the behavioral history was collected so as to determine whether this information was obtained prior to study enrollment or later. Response is obtained by report of the participant/subject or proxy as soon as possible after visit/admission.  Substance abuse directly before injury may have contributed to the incident causing injury. In general, substance abuse may indicate increased risk taking behavior.",Single Pre-Defined Value Selected,collected,,Yes|No|Unknown,Yes|No|Unknown,,,,,,,,Adult | Pediatric,ffO7mvhE9Nh,NINDS:C00706|caDSR:3171578|ISTH:7:87:2:525|BRICS Variable Name:AlcPriorUseInd|NLM:ffO7mvhE9Nh,,,,,,,"Corrigan JD, Bogner J, Holloman C. Lifetime history of traumatic brain injury among persons with substance use disorders. Brain Inj. 2012;26(2):139-50.",3,7/20/13,,,,,,,,,Y,Supplemental,Y,Recommended,,,Participant History and Family History,General Health History,,Substance Use,FALSE,CA,,,
C00715,Alcohol use duration,AlcoholUseDuratn,,"Duration in years participant/subject has used alcohol (ingesting of alcoholic beverages, including social drinking)",NINDS,,NINDS,,,Alcohol use duration in years,Number,Numeric Values,cde,FALSE,"Response is obtained by report of the participant/subject or proxy as soon as possible after visit/admission. Document when the behavioral history was collected so as to determine whether this information was obtained prior to study enrollment or later.Substance abuse directly before injury may have contributed to the incident causing injury. In general, substance abuse may indicate increased risk taking behavior.",Free-Form Entry,collected,,,,,,,,,0,99,Adult | Pediatric,yzxUA2FOf6N,NINDS:C00715|BRICS Variable Name:AlcoholUseDuratn|NLM:yzxUA2FOf6N,,,,,,,"Corrigan JD, Bogner J, Holloman C. Lifetime history of traumatic brain injury among persons with substance use disorders. Brain Inj. 2012;26(2):139-50.",3,7/20/13,,,,,,,,,Y,Supplemental,Y,Recommended,,,Participant History and Family History,General Health History,,Substance Use,FALSE,CA,,,
C00710,Tobacco current use indicator,TobcoUseCurntInd,,"Indicator for whether the participant/subject regularly uses tobacco products (e.g., cigarettes, cigars, chewing tobacco or pipe) at the present time.",NINDS,,NINDS,,,Current tobacco use?,Value List,Alphanumeric,cde,FALSE,"Choose one. Response is obtained from participant/ subject, family member, friend, or chart/ medical record. Add date stamp for when assessed.Recommend collection at least on date of TBI.",Single Pre-Defined Value Selected,collected,,Yes|No|Unknown,Yes|No|Unknown,,,,,,,,Adult | Pediatric,xbsx3HbBOk8,NINDS:C00710|caDSR:3170060|BRICS Variable Name:TobcoUseCurntInd|NLM:xbsx3HbBOk8,,,,,,,"Corrigan JD, Bogner J, Holloman C. Lifetime history of traumatic brain injury among persons with substance use disorders. Brain Inj. 2012;26(2):139-50.",3,7/20/13,,,,,,,,,Y,Supplemental,Y,Recommended,,,Participant History and Family History,General Health History,,Substance Use,FALSE,CA,,,
C00711,Tobacco prior use indicator,TobcoPriorUseInd,,"Indicator of the participant's/subject's past regular tobacco (e.g., cigarettes, cigars, chewing tobacco or pipe) use prior to the past 12 months",NINDS,,NINDS,,,Past tobacco use?,Value List,Alphanumeric,cde,FALSE,"Choose one. Response is obtained by report of the participant/subject or proxy as soon as possible after visit/admission. Document when the behavioral history was collected so as to determine whether this information was obtained prior to study enrollment or later. Substance abuse directly before injury may have contributed to the incident causing injury. In general, substance abuse may indicate increased risk taking behavior.",Single Pre-Defined Value Selected,collected,,Yes|No|Unknown,Yes|No|Unknown,,,,,,,,Adult | Pediatric,q5EfO_aUbOJ,NINDS:C00711|caDSR:3170080|ISTH:7:87:30:535|BRICS Variable Name:TobcoPriorUseInd|NLM:q5EfO_aUbOJ,,,,,,,"Corrigan JD, Bogner J, Holloman C. Lifetime history of traumatic brain injury among persons with substance use disorders. Brain Inj. 2012;26(2):139-50.",3,7/20/13,,,,,,,,,Y,Supplemental,Y,Recommended,,,Participant History and Family History,General Health History,,Substance Use,FALSE,CA,,,
C00718,Tobacco use duration,TobcoUseDur,,"Duration in years participant/subject has used tobacco products (e.g. cigarettes, cigars, chewing tobacco or pipe)",NINDS,,NINDS,,,Tobacco use duration in years,Number,Numeric Values,cde,FALSE,"Response is obtained by report of the participant/subject or proxy as soon as possible after visit/admission. Document when the behavioral history was collected so as to determine whether this information was obtained prior to study enrollment or later.Substance abuse directly before injury may have contributed to the incident causing injury. In general, substance abuse may indicate increased risk taking behavior.",Free-Form Entry,collected,,,,,,,year,,0,99,Adult | Pediatric,68c9h_oRXpU,NINDS:C00718|BRICS Variable Name:TobcoUseDur|NLM:68c9h_oRXpU,,,,,,,"Corrigan JD, Bogner J, Holloman C. Lifetime history of traumatic brain injury among persons with substance use disorders. Brain Inj. 2012;26(2):139-50.",3,7/20/13,,,,,,,,,Y,Supplemental,Y,Recommended,,,Participant History and Family History,General Health History,,Substance Use,FALSE,CA,,,
C00719,Tobacco product used type,TobcoProdctUsedTyp,,"Type of tobacco product (e.g., cigarettes, cigars, chewing tobacco or pipe) used by the participant/subject",NINDS,Tobacco Product Use,NINDS,,,Type(s) of tobacco used,Value List,Alphanumeric,cde,FALSE,Choose all that apply. Response is obtained from report by participant/subject or proxy. Document whether this information was obtained prior to study enrollment or later. Recommend collection as soon as possible after visit/admission.,Multiple Pre-Defined Values Selected,collected,,"Cigars|Pipes|Chewing tobacco|Other, specify|Filtered cigarettes (Answer Q6)|Low tar cigarettes (Answer Q6)|Non-filtered cigarettes (Answer Q6)|Filtered cigarettes|Non-filtered cigarettes|Low tar cigarettes|e-cigarette or vaping products","Cigars|Pipes|Chewing tobacco|Other, specify|Filtered cigarettes (Answer Q6)|Low tar cigarettes (Answer Q6)|Non-filtered cigarettes (Answer Q6)|Filtered cigarettes|Non-filtered cigarettes|Low tar cigarettes|e-cigarette or vaping products",,,,,,,,Adult | Pediatric,09ATzG7jyhq,NINDS:C00719|caDSR:3179449v1|BRICS Variable Name:TobcoProdctUsedTyp|NLM:09ATzG7jyhq,,,,,,,"Corrigan JD, Bogner J, Holloman C. Lifetime history of traumatic brain injury among persons with substance use disorders. Brain Inj. 2012;26(2):139-50.",3,7/20/13,,,,,,,,,Y,Supplemental,Y,Recommended,,,Participant History and Family History,General Health History,,Substance Use,FALSE,CA,,,
C18770,Tobacco product used other text,TobcoProdctUsedOTH,,"The free-text field related to 'Tobacco product used type' specifying other text. Type of tobacco product (e.g. cigarettes, cigars, chewing tobacco or pipe) used by the participant/subject",NINDS,Tobacco Product Use,NINDS,,,"Other, specify",Text,Alphanumeric,cde,FALSE,Choose all that apply. Response is obtained from report by participant/subject or proxy. Document whether this information was obtained prior to study enrollment or later. Recommend collection as soon as possible after visit/admission.,Free-Form Entry,collected,,,,,,,,4000,,,Adult | Pediatric,fA3dba4B_hK,NINDS:C18770|caDSR:3170860|ISTH:7:87:30:536|BRICS Variable Name:TobcoProdctUsedOTH|NLM:fA3dba4B_hK,,,,,,,"Corrigan JD, Bogner J, Holloman C. Lifetime history of traumatic brain injury among persons with substance use disorders. Brain Inj. 2012;26(2):139-50.",1,5/27/14,,,,,,,,,Y,Supplemental,Y,Recommended,,,Participant History and Family History,General Health History,,Substance Use,FALSE,CA,,,
C00713,Drug or substance current illicit use indicator,DrgSubstCurrntIllicitUseInd,,"Indicator of participant's/subject's use of illegal drugs, prescription or over-the-counter drugs in the past year for purposes other than those for which they are meant to be used, or in large amounts",NINDS,,NINDS,,,Indicates illicit drug use in the past year,Value List,Alphanumeric,cde,FALSE,"Choose one. Response is obtained by report of the participant/subject or proxy as soon as possible after visit/admission. Document when the behavioral history was collected so as to determine whether this information was obtained prior to study enrollment or later. Do not record medications that are prescribed for medical purposes (these should be entered in the element 'medical history'.)  Collect information on substances and medications taken for reasons other than prescription, or taken more frequently or at higher doses than prescribed. Assure participant/subject that information on such use will be treated as strictly confidential. Recommend collection as soon as possible after visit/admission.  Substance abuse directly before injury may have contributed to the incident causing injury. In general, substance abuse may indicate increased risk taking behavior.",Single Pre-Defined Value Selected,collected,,Yes|No|Unknown,Yes|No|Unknown,,,,,,,,Adult | Pediatric,uC_yvNGE0ec,NINDS:C00713|caDSR:3171724|ISTH:7:87:14:530|BRICS Variable Name:DrgSubstCurrntIllicitUseInd|NLM:uC_yvNGE0ec,,,,,,,"Corrigan JD, Bogner J, Holloman C. Lifetime history of traumatic brain injury among persons with substance use disorders. Brain Inj. 2012;26(2):139-50.",3,7/20/13,,,,,,,,,Y,Supplemental,Y,Recommended,,,Participant History and Family History,General Health History,,Substance Use,FALSE,CA,,,
C00717,Drug or substance prior illicit use indicator,DrugSubstncPriorIllictUseInd,,"Indicator of participant's/subjects use of illegal drugs, prescription or over-the-counter drugs prior to the past 12 months for purposes other than those for which they are meant to be used, or in large amounts",NINDS,,NINDS,,,Indicates illicit drug use prior to the past 12 months,Value List,Alphanumeric,cde,FALSE,"Choose one.  Response is obtained by report of the participant/subject or proxy as soon as possible after visit/admission. Document when the behavioral history was collected so as to determine whether this information was obtained prior to study enrollment or later. Do not record medications that are prescribed for medical purposes (these should be entered in the element 'medical history'.)  Collect information on substances and medications taken for reasons other than prescription, or taken more frequently or at higher doses than prescribed. Assure participant/subject that information on such use will be treated as strictly confidential. Recommend collection as soon as possible after visit/admission.  Substance abuse directly before injury may have contributed to the incident causing injury. In general, substance abuse may indicate increased risk taking behavior.",Single Pre-Defined Value Selected,collected,,Yes|No|Unknown,Yes|No|Unknown,,,,,,,,Adult | Pediatric,2qtmAMj81yc,NINDS:C00717|BRICS Variable Name:DrugSubstncPriorIllictUseInd|NLM:2qtmAMj81yc,,,,,,,"Corrigan JD, Bogner J, Holloman C. Lifetime history of traumatic brain injury among persons with substance use disorders. Brain Inj. 2012;26(2):139-50.",3,7/20/13,,,,,,,,,Y,Supplemental,Y,Recommended,,,Participant History and Family History,General Health History,,Substance Use,FALSE,CA,,,
C00716,Drug or substance illicit use duration,DrgSubsIllctUseDur,,"Duration, in years, the participant/subject has used unprescribed, controlled psychoactive drugs or substances.",NINDS,,NINDS,,,Duration in years of illicit drug use,Number,Numeric Values,cde,FALSE,"Response is obtained by report of the participant/subject or proxy as soon as possible after visit/admission. Document when the behavioral history was collected so as to determine whether this information was obtained prior to study enrollment or later. Do not record medications that are prescribed for medical purposes (these should be entered in the element 'medical history'.)  Collect information on substances and medications taken for reasons other than prescription, or taken more frequently or at higher doses than prescribed. Assure participant/subject that information on such use will be treated as strictly confidential. Recommend collection as soon as possible after visit/admission. Substance abuse directly before injury may have contributed to the incident causing injury. In general, substance abuse may indicate increased risk taking behavior.",Free-Form Entry,collected,,,,,,,year,,0,99,Adult | Pediatric,wwO4qJub2yf,NINDS:C00716|caDSR:2004152|BRICS Variable Name:DrgSubsIllctUseDur|NLM:wwO4qJub2yf,,,,,,,"Corrigan JD, Bogner J, Holloman C. Lifetime history of traumatic brain injury among persons with substance use disorders. Brain Inj. 2012;26(2):139-50.",3,7/22/13,,,,,,,,,Y,Supplemental,Y,Recommended,,,Participant History and Family History,General Health History,,Substance Use,FALSE,CA,,,
C00712,Subscribed drug or substance illicitly used category,SbscrbdDrgSubIllctUseCat,,"Category of illegal drugs, prescription, or over-the-counter drugs subscribed by the participant/subject, and used for purposes other than those for which they are meant to be used, or in large amounts",NINDS,Illicit Drug or Substance Use,NINDS,,,"If YES, specify illicit drug type(s) used",Value List,Alphanumeric,cde,FALSE,Choose all that apply. Response is obtained from report by participant/subject or proxy. Document whether this information was obtained prior to study enrollment or later. Recommend collection as soon as possible after visit/admission.,Multiple Pre-Defined Values Selected,collected,,"Sedatives (e.g., sleeping pills, barbiturates, Seconal, Quaaludes, or Chloral Hydrate)|Tranquilizers or anti-anxiety drugs (e.g., Valium, Librium, muscle relaxants, or Xanax)|Painkillers (e.g., Codeine, Darvon, Percodan, Dilaudid, or Demerol)|Stimulants (e.g., Preludin, Benzedrine, Methadrine, uppers, or speed)|Marijuana, hash, THC, or grass|Cocaine or crack|Hallucinogens (e.g., Ecstasy, LSD, mescaline, psilocybin, PCP, angel dust, or peyote)|Inhalants or Solvents (e.g., amyl nitrate, nitrous oxide, glue, toluene, or gasoline|Heroin|Other, specify (e.g., Methadone, Elavil, steroids, Thorazine, or Haldol)|Stimulants: cocaine/crack|Stimulants: amphetamine, Benzedrine, Methedrine, Dexadrine, Preludin, Ritalin, uppers, speed|Narcotics: heroin, opium, morphine, methadone, codeine, Darvon, Percodan, Oxycontin, Dilaudid, Demerol/meperidine","Sedatives (e.g., sleeping pills, barbiturates, Seconal, Quaaludes, or Chloral Hydrate)|Tranquilizers or anti-anxiety drugs (e.g., Valium, Librium, muscle relaxants, or Xanax)|Painkillers (e.g., Codeine, Darvon, Percodan, Dilaudid, or Demerol)|Stimulants (e.g., Preludin, Benzedrine, Methadrine, uppers, or speed)|Marijuana, hash, THC, or grass|Cocaine or crack|Hallucinogens (e.g., Ecstasy, LSD, mescaline, psilocybin, PCP, angel dust, or peyote)|Inhalants or Solvents (e.g., amyl nitrate, nitrous oxide, glue, toluene, or gasoline|Heroin|Other, specify (e.g., Methadone, Elavil, steroids, Thorazine, or Haldol)|Stimulants: cocaine/crack|Stimulants: amphetamine, Benzedrine, Methedrine, Dexadrine, Preludin, Ritalin, uppers, speed|Narcotics: heroin, opium, morphine, methadone, codeine, Darvon, Percodan, Oxycontin, Dilaudid, Demerol/meperidine",,,,,,,,Adult | Pediatric,EB9su8MEJ1o,NINDS:C00712|caDSR:3171797|BRICS Variable Name:SbscrbdDrgSubIllctUseCat|NLM:EB9su8MEJ1o,,,,,,,"Corrigan JD, Bogner J, Holloman C. Lifetime history of traumatic brain injury among persons with substance use disorders. Brain Inj. 2012;26(2):139-50.",3,7/22/13,,,,,,,,,Y,Supplemental,Y,Recommended,,,Participant History and Family History,General Health History,,Substance Use,FALSE,CA,,,
C18670,Subscribed drug or substance illicitly used other text,SbscrbdDrgSubIllctUseCatOTH,,"The free-text field related to 'Drug or substance illicitly used category' specifying other text. Category of illegal drugs, prescription, or over-the-counter drugs the participant/subject used for purposes other than those for which they are meant to be used, or in large amounts",NINDS,Illicit Drug or Substance Use,NINDS,,,"Other, specify",Text,Alphanumeric,cde,FALSE,Choose all that apply. Response is obtained from report by participant/subject or proxy. Document whether this information was obtained prior to study enrollment or later. Recommend collection as soon as possible after visit/admission.,Free-Form Entry,collected,,,,,,,,4000,,,Adult | Pediatric,kcAswFphnYN,NINDS:C18670|caDSR:3171797|ISTH:7:87:14:532|BRICS Variable Name:SbscrbdDrgSubIllctUseOTH|NLM:kcAswFphnYN,,,,,,,"Corrigan JD, Bogner J, Holloman C. Lifetime history of traumatic brain injury among persons with substance use disorders. Brain Inj. 2012;26(2):139-50.",1.1,6/24/22,,,,,,,,,Y,Supplemental,Y,Recommended,,,Participant History and Family History,General Health History,,Substance Use,FALSE,CA,,,
C00327,Prior traumatic injury indicator,PriorTraumInjryInd,,"Indicator of prior traumatic injury found either historically, previous emergency department visits, radiographic findings, or signs or symptoms at time of presentation.",NINDS,,NINDS,,,Prior traumatic injury indicator,Value List,Alphanumeric,cde,FALSE,Choose one. Document whether this information was obtained prior to study enrollment or later.  Recommend collection as soon as possible after visit/admission from subject or proxy. This element is recommended for pediatric studies.,Single Pre-Defined Value Selected,collected,,Yes|No|Unknown,Yes|No|Unknown,,,,,,,,Adult | Pediatric,Q8aSE67_qA0,NINDS:C00327|BRICS Variable Name:PriorTraumInjryInd|NLM:Q8aSE67_qA0,,,,,,,No references available,3,7/19/13,,,,,,,,,Y,Supplemental,Y,Core,,,Disease/Injury Related Events,History of Disease/Injury Event,,TBI History,FALSE,CA,left out but related/ bundeled to Core,,
C00328,Prior traumatic injury type,PriorTraumInjryType,,"General location of traumatic injury, if evidence of prior traumatic injury",NINDS,,NINDS,,,Prior traumatic injury type,Value List,Alphanumeric,cde,FALSE,Choose all that apply. This element is recommended for pediatric studies.,Multiple Pre-Defined Values Selected,collected,,Brain Injury|Spine Injury|Other Extracranial Injury,Brain Injury|Spine Injury|Other Extracranial Injury,,,,,,,,Adult | Pediatric,7kg4xYAAWDk,NINDS:C00328|BRICS Variable Name:PriorTraumInjryType|NLM:7kg4xYAAWDk,,,,,,,No references available,3,7/19/13,,,,,,,,,Y,Supplemental,Y,Core,,,Disease/Injury Related Events,History of Disease/Injury Event,,TBI History,FALSE,CA,left out but related/ bundeled to Core,,
C05400,Injury date time,InjDateTime,,"Date (and time, if applicable and known) of injury",NINDS,,NINDS,,,Injury date and time,Datetime,Date or Date & Time,cde,FALSE,"Record the date/time according to the ISO 8601, the International Standard for the representation of dates and times (http://www.iso.org/iso/home.html).  The date/time should be recorded to the level of granularity known (e.g., year, year and month, complete date plus hours and minutes, etc.).",Free-Form Entry,collected,,,,,,,,,,,Adult | Pediatric,uabhbA5qpUF,NINDS:C05400|BRICS Variable Name:InjDateTime|NLM:uabhbA5qpUF,,,,,,,No references available,3,7/20/13,,Core,,,,,,,Y,Core,Y,Core,,,Disease/Injury Related Events,History of Disease/Injury Event,,TBI History,FALSE,CA,,,
C17404,Injury elapsed time,InjElapsedTime,,The elapsed time (in minutes) from the time of injury,NINDS,,NINDS,,,The elapsed time (in minutes) from the time of injury,Number,Numeric Values,cde,FALSE,"Indicate the time since injury occurred following definition provided per protocol. Note: Accurate determination of time since injury is critical for gauging patient progress and for assessing eligibility for acute phase studies. The need for TBI patients to be transferred from an initial receiving hospital to another hospital may delay definitive care and consequently impact outcome adversely, and longer transport times delay definitive treatment.",Free-Form Entry,collected,,,,,,,minute,,0,,Adult | Pediatric,QPz9CeQsyVP,NINDS:C17404|BRICS Variable Name:InjElapsedTime|NLM:QPz9CeQsyVP,,,,,,,No references available,1,7/20/13,,,,,,,,,Y,Core,Y,Core,,,Disease/Injury Related Events,History of Disease/Injury Event,,TBI History,FALSE,CA,,,
C05422,Injury cause type,InjCauseTyp,,The type as related to the classification of the external cause of the injury,NINDS,Injury Cause and Classification,NINDS,,,Cause of TBI,Value List,Alphanumeric,cde,FALSE,Choose all that apply from codelist and/or fill in appropriate ICD-9-CM e-codes below,Multiple Pre-Defined Values Selected,collected,,"Railway accidents|Motor vehicle traffic accidents|Motor vehicle nontraffic accidents|Other road vehicle accidents|Water transport accidents|Air and space transport accidents|Vehicle accidents not elsewhere classifiable|Accidental poisoning by drugs, medicinal substances, and biologicals|Accidental poisoning by other solid and liquid substances, gases, and vapors|Misadventures to patients during surgical and medical care|Surgical and medical procedures as the cause of abnormal reaction of patient or later complication, without mention of misadventure at the time of procedure|Accidental falls|Accidents caused by fire and flames|Accidents due to natural and environmental factors (e900-e909)|Accidents caused by submersion, suffocation, and foreign bodies|Other accidents|Late effects of accidental injury|Drugs, medicinal and biological substances causing adverse effects in therapeutic use|Suicide and self-inflicted injury|Homicide and injury purposely inflicted by other persons|Legal intervention|Terrorism|Injury undetermined whether accidentally or purposely inflicted|Injury resulting from operations of war","Railway accidents (e800-e807)|Motor vehicle traffic accidents (e810-e819)|Motor vehicle nontraffic accidents (e820-e825)|Other road vehicle accidents (e826-e829)|Water transport accidents (e830-e838)|Air and space transport accidents (e840-e845)|Vehicle accidents not elsewhere classifiable (e846-e848)|Accidental poisoning by drugs, medicinal substances, and biologicals (e850-e858)|Accidental poisoning by other solid and liquid substances, gases, and vapors (e860-e869)|Misadventures to patients during surgical and medical care (e870-e876)|Surgical and medical procedures as the cause of abnormal reaction of patient or later complication, without mention of misadventure at the time of procedure (e878-e879)|Accidental falls (e880-e888)|Accidents caused by fire and flames (e890-e899)|Accidents due to natural and environmental factors (e900-e909)|Accidents caused by submersion, suffocation, and foreign bodies (e910-e915)|Other accidents (e916-e928)|Late effects of accidental injury (e929)|Drugs, medicinal and biological substances causing adverse effects in therapeutic use (e930-e949)|Suicide and self-inflicted injury (e950-e959)|Homicide and injury purposely inflicted by other persons (e960-e969)|Legal intervention (e970-e978)|Terrorism (e979)|Injury undetermined whether accidentally or purposely inflicted (e980-e989)|Injury resulting from operations of war (e990-e999",,,,,,,,Adult | Pediatric,c4cd1zCks0h,NINDS:C05422|BRICS Variable Name:InjCauseTyp|NLM:c4cd1zCks0h,,,,,,,"Butcher I, McHugh GS, Lu J, et al. Prognostic value of cause of injury in traumatic brain injury: results from the IMPACT study. J Neurotrauma. Feb 2007;24(2):281-286. See http://www.icd9data.com",3,7/20/13,,Core,,,,,,,Y,Basic,Y,Core,,,Disease/Injury Related Events,History of Disease/Injury Event,,TBI History,FALSE,CA,left out but related/ bundeled to Core,,
C21812,Sport head neck injury indicator,TBISportInd,,The indicator related to having a injury of head or neck in sports.,NINDS,,NINDS,,,Was the subject's traumatic brain injury sports related?,Value List,Alphanumeric,cde,FALSE,The indicator related to having a injury of head or neck in sports.,Single Pre-Defined Value Selected,collected,,Yes|No|Unknown,Yes|No|Unknown,,,,,,,,Adult | Pediatric,la6cFiBau,NINDS:C21812|BRICS Variable Name:TBISportInd|NLM:la6cFiBau,,,,,,,No references available,1,6/3/16,,,,,,,,,Y,Supplemental,Y,Core,,,Disease/Injury Related Events,History of Disease/Injury Event,,TBI History,FALSE,BCM,,,
C05421,Injury ICD external cause code,InjICDExtCauseCode,,Code to classify the external cause of the injury,NINDS,Injury Cause and Classification,NINDS,,,and/or ICD 9 CM e codes,Text,Alphanumeric,cde,FALSE,"Record as many as needed; please refer to http://www.cdc.gov/nchs/icd.htm. Response is obtained from report by subject/participant (if possible), witnesses, first responders, family and/or medical records. The cause of injury is particularly important from an epidemiologic perspective, but may also be related to mechanism of injury and consequently type and extent of brain damage.",Free-Form Entry,collected,,,,,,,,255,,,Adult | Pediatric,Ov7tn6qOhob,NINDS:C05421|BRICS Variable Name:InjICDExtCauseCode|NLM:Ov7tn6qOhob,,,,,,,"Butcher I, McHugh GS, Lu J, et al. Prognostic value of cause of injury in traumatic brain injury: results from the IMPACT study. J Neurotrauma. Feb 2007;24(2):281-286. See http://www.icd9data.com",3,7/20/13,,,,,,,,,Y,Core,Y,Core,,,Disease/Injury Related Events,History of Disease/Injury Event,,TBI History,FALSE,CA,question text needs improvement,,
C18609,ICD revision number,ICDRevNumber,,Number of the International Classification of Diseases (ICD) used to obtain the code,NINDS,Injury Cause and Classification,NINDS,,,ICD version number,Value List,Numeric Values,cde,FALSE,Choose one.,Single Pre-Defined Value Selected,collected,9|10|11,ICD-9|ICD-10|ICD-11,ICD-9|ICD-10|ICD-11,,,,,,,,Adult | Pediatric,nDHaZy_jwhJ,NINDS:C18609|BRICS Variable Name:ICDRevNumber|NLM:nDHaZy_jwhJ,,,,,,,,1,9/5/13,,,,,,,,,Y,Core,Y,Core,,,Disease/Injury Related Events,History of Disease/Injury Event,,TBI History,FALSE,CA,,,
C58469,TBI cause type,TBICauseTyp,,Broad classification of the type of traumatic brain injury experienced by participant/subject,NINDS,,NINDS,,,Type of TBI,Value List,Alphanumeric,cde,FALSE,Choose one,Single Pre-Defined Value Selected,collected,,Closed|Penetrating|Blast|Crush|Unknown,Closed|Penetrating|Blast|Crush|Unknown,,,,,,,,Adult | Pediatric,X1b66qcT6I,NINDS:C58469|BRICS Variable Name:TBICauseTyp|NLM:X1b66qcT6I,,,,,,,"Butcher I, McHugh GS, Lu J, et al. Prognostic value of cause of injury in traumatic brain injury: results from the IMPACT study. J Neurotrauma. Feb 2007;24(2):281-286.",3,7/20/13,,Core,,,,,,,Y,Core,Y,Core,,,Disease/Injury Related Events,History of Disease/Injury Event,,TBI History,FALSE,CA,,,
C05424,TBI mechanism type,TBIMechTyp,,Type of mechanism/forces causing the traumatic brain injury,NINDS,,NINDS,,,Mechanism of TBI,Value List,Alphanumeric,cde,FALSE,Choose all that apply,Multiple Pre-Defined Values Selected,collected,,Acceleration/Deceleration|Direct impact: blow to head|Direct impact: head against object|Crush|Blast|Ground level fall|Fall from height > 1 meter (3 ft)|Gunshot wound|Fragment (incl. shell/shrapnel)|Other penetrating brain injury,Acceleration/Deceleration|Direct impact: blow to head|Direct impact: head against object|Crush|Blast|Ground level fall|Fall from height > 1 meter (3 ft)|Gunshot wound|Fragment (incl. shell/shrapnel)|Other penetrating brain injury,,,,,,,,Adult | Pediatric,HMp6YdJOrYJ,NINDS:C05424|BRICS Variable Name:TBIMechTyp|NLM:HMp6YdJOrYJ,,,,,,,No references available,3,7/20/13,,,,,,,,,Y,Basic,Y,Core,,,Disease/Injury Related Events,History of Disease/Injury Event,,TBI History,FALSE,BCM,,,
C18062,Ohio State TBI Method Short Form (OSUTBIMS) - Loss of consciousness knocked out youngest age count,OSUTBIMSLOCKOYoungAgeNum,,Number of times subject has lost consciousness. Number of times subject has been knocked out. Number of times subject has been knocked out for 30 or over minutes and the youngest age this has occurred as part of Ohio State TBI Method Short Form (OSUTBIMS).,NINDS,OSUTBIMS,NINDS,,,If more injuries with LOC How many more? Longest knocked out? How many 30 mins? Youngest age?,Number,Numeric Values,cde,FALSE,,Free-Form Entry,collected,,,,,,,,,,,Adult | Pediatric,WQtdhAx0zjZ,NINDS:C18062|BRICS Variable Name:OSUTBIMSLOCKOYoungAgeNum|NLM:WQtdhAx0zjZ,,,,,,,"Adapted with permission from the Ohio State University TBI Identification Method [Corrigan JD, Bogner JA. Initial reliability and validity of the OSU TBI Identification Method. J Head Trauma Rehabil. Nov-Dec 2007;22(6):318-329. copyright reserved 2007, The Ohio Valley Center for Brain Injury Prevention and Rehabilitation]",3,6/28/13,,,,,,,,,Y,Supplemental,Y,Recommended,,,Disease/Injury Related Events,History of Disease/Injury Event,,OSUTBIMS,TRUE,BCM,,,
C18059,Ohio State TBI Method Short Form (OSUTBIMS) - more injuries loss of consciousness number,OSUTBIMSMoreInjLOCNum,,Number of injuries past the amount that can be listed in the table that have to do with loss of consciousness as part of Ohio State TBI Method Short Form (OSUTBIMS).,NINDS,OSUTBIMS,NINDS,,,"
How many more?",Number,Numeric Values,cde,FALSE,,Free-Form Entry,collected,,,,,,,,,,,Adult Only,DTSqY8XvStu,NINDS:C18059|BRICS Variable Name:OSUTBIMSMoreInjLOCNum|NLM:DTSqY8XvStu,,,,,,,"Adapted with permission from the Ohio State University TBI Identification Method [Corrigan JD, Bogner JA. Initial reliability and validity of the OSU TBI Identification Method. J Head Trauma Rehabil. Nov-Dec 2007;22(6):318-329. copyright reserved 2007, The Ohio Valley Center for Brain Injury Prevention and Rehabilitation]",3,6/28/13,,,,,,,,,Y,Supplemental,Y,Recommended,,,Disease/Injury Related Events,History of Disease/Injury Event,,OSUTBIMS,TRUE,BCM,,,
C18060,Ohio State TBI Method Short Form (OSUTBIMS) - longest knock out time,OSUTBIMSLongKnockOutTime,,Longest amount of time that the subject was knocked out for as part of Ohio State TBI Method Short Form (OSUTBIMS).,NINDS,OSUTBIMS,NINDS,,,Longest knocked out?,Number,Numeric Values,cde,FALSE,,Free-Form Entry,collected,,,,,,,,,,,Adult Only,hOm0K8rw1Rr,NINDS:C18060|BRICS Variable Name:OSUTBIMSLongKnockOutTime|NLM:hOm0K8rw1Rr,,,,,,,"Adapted with permission from the Ohio State University TBI Identification Method [Corrigan JD, Bogner JA. Initial reliability and validity of the OSU TBI Identification Method. J Head Trauma Rehabil. Nov-Dec 2007;22(6):318-329. copyright reserved 2007, The Ohio Valley Center for Brain Injury Prevention and Rehabilitation]",3,6/28/13,,,,,,,,,Y,Supplemental,Y,Recommended,,,Disease/Injury Related Events,History of Disease/Injury Event,,OSUTBIMS,TRUE,BCM,,,
C18061,Ohio State TBI Method Short Form (OSUTBIMS) - greater than 30 minutes number,OSUTBIMSGreaternThan30MinNum,,Number of injuries the subject incurred that lasted longer than 30 minutes as part of Ohio State TBI Method Short Form (OSUTBIMS).,NINDS,OSUTBIMS,NINDS,,,How many greater than or equal to thirty minutes?,Number,Numeric Values,cde,FALSE,,Free-Form Entry,collected,,,,,,,,,,,Adult Only,4unY4VZppYG,NINDS:C18061|BRICS Variable Name:OSUTBIMSGreaternThan30MinNum|NLM:4unY4VZppYG,,,,,,,"Adapted with permission from the Ohio State University TBI Identification Method [Corrigan JD, Bogner JA. Initial reliability and validity of the OSU TBI Identification Method. J Head Trauma Rehabil. Nov-Dec 2007;22(6):318-329. copyright reserved 2007, The Ohio Valley Center for Brain Injury Prevention and Rehabilitation]",3,6/28/13,,,,,,,,,Y,Supplemental,Y,Recommended,,,Disease/Injury Related Events,History of Disease/Injury Event,,OSUTBIMS,TRUE,BCM,,,
C01000,Glasgow Coma Scale (GCS) - eye response scale,GCSEyeRespnsScale,,"Glasgow Coma Scale (GCS) - Best eye response (E). The GCS is a standardized instrument for assessing the level of consciousness. It evaluates three aspects of responsiveness: eye opening, motor response, verbal response.",NINDS,GCS - Adult,NINDS,,,Best eye response,Value List,Numeric Values,cde,FALSE,Choose one,Single Pre-Defined Value Selected,collected,1|2|3|4|Untestable|Unknown,No eye opening|Eye opening to pain|Eye opening to verbal command|Eyes open spontaneously|Untestable|Unknown,No eye opening|Eye opening to pain|Eye opening to verbal command|Eyes open spontaneously|Untestable|Unknown,,,,,,,,Adult,75YvowH7Ett,NINDS:C01000|CDISC:C124724|NLM:75YvowH7Ett,,C124724,,,,,"Teasdale G, Jennett B. Assessment of coma and impaired consciousness. A practical scale. Lancet. Jul 1974;2(7872):81-4. Marmarou A, Lu J, Butcher I, et al. Prognostic value of the Glasgow Coma Scale and pupil reactivity in traumatic brain injury assessed pre-hospital and on enrollment: an IMPACT analysis. J Neurotrauma. Feb 2007;24(2):270-80. Stocchetti N, Pagan F, Calappi E, et al. Inaccurate early assessment of neurological severity in head injury. J Neurotrauma. Sep 2004:21(9):1131-40. Balestreri M, Czosnyka M, Chatfield DA, et al. Predictive value of Glasgow Coma Scale after brain trauma: change in trend over the past ten years. J Neurol Neurosurg Psychiatry. Jan 2004;75(1):161-2.",3,7/20/13,,,,,,,,,Y,Core,Y,Core,,,Assessments and Examinations,Physical/Neurological Examination,,GCS - Adult,FALSE,CA,,,
C01001,Glasgow Coma Scale (GCS) - motor response scale,GCSMotorRespnsScale,,"Glasgow Coma Scale (GCS) - Best motor response (M). The GCS is a standardized instrument for assessing the level of consciousness. It evaluates three aspects of responsiveness: eye opening, motor response, verbal response.",NINDS,GCS - Adult,NINDS,,,Motor response,Value List,Numeric Values,cde,FALSE,Choose one,Single Pre-Defined Value Selected,collected,1|2|3|4|5|6|Untestable|Unknown,No motor response|Abnormal extension/Extensor response|Abnormal flexion|Flexion withdrawal/withdraws from pain|Localizes pain|Obeys command|Untestable|Unknown,No motor response|Abnormal extension/Extensor response|Abnormal flexion|Flexion withdrawal/withdraws from pain|Localizes pain|Obeys command|Untestable|Unknown,,,,,,,,Adult,OFFtnF36Twz,NINDS:C01001|CDISC:C124725|NLM:OFFtnF36Twz,,C124725,,,,,"Teasdale G, Jennett B. Assessment of coma and impaired consciousness. A practical scale. Lancet. Jul 1974;2(7872):81-4. Marmarou A, Lu J, Butcher I, et al. Prognostic value of the Glasgow Coma Scale and pupil reactivity in traumatic brain injury assessed pre-hospital and on enrollment: an IMPACT analysis. J Neurotrauma. Feb 2007;24(2):270-80. Stocchetti N, Pagan F, Calappi E, et al. Inaccurate early assessment of neurological severity in head injury. J Neurotrauma. Sep 2004:21(9):1131-40. Balestreri M, Czosnyka M, Chatfield DA, et al. Predictive value of Glasgow Coma Scale after brain trauma: change in trend over the past ten years. J Neurol Neurosurg Psychiatry. Jan 2004;75(1):161-2. Steyerberg EW, Mushkudiani N, Perel P, et al. Predicting outcome after traumatic brain injury: development and international validation of prognostic scores based on admission characteristics. PLoS Med. Aug 2008;5(8):e165. MRC CRASH Trial Collaborators. Predicting outcome after traumatic brain injury: practical prognostic models based on large cohort of  international patients. BMJ. Feb 2008;336(7641):425-429.",3,7/20/13,,,,,,,,,Y,Core,Y,Core,,,Assessments and Examinations,Physical/Neurological Examination,,GCS - Adult,FALSE,CA,,,
C01002,Glasgow Coma Scale (GCS) - verbal response scale,GCSVerbalRspnsScale,,Score that describes the participant's verbal response according to the Glasgow Coma Scale (GCS),NINDS,GCS - Adult,NINDS,,,Verbal response,Value List,Numeric Values,cde,FALSE,Choose one,Single Pre-Defined Value Selected,collected,1|2|3|4|5|Untestable|Unknown,No verbal response|Incomprehensible sound|Inappropriate words|Confused|Oriented|Untestable|Unknown,No verbal response|Incomprehensible sound|Inappropriate words|Confused|Oriented|Untestable|Unknown,,,,,,,,Adult,O_veAVaj7FM,NINDS:C01002|CDISC:C124726|NLM:O_veAVaj7FM,,C124726,,,,,"Teasdale G, Jennett B. Assessment of coma and impaired consciousness. A practical scale. Lancet. Jul 1974;2(7872):81-4. Marmarou A, Lu J, Butcher I, et al. Prognostic value of the Glasgow Coma Scale and pupil reactivity in traumatic brain injury assessed pre-hospital and on enrollment: an IMPACT analysis. J Neurotrauma. Feb 2007;24(2):270-80. Stocchetti N, Pagan F, Calappi E, et al. Inaccurate early assessment of neurological severity in head injury. J Neurotrauma. Sep 2004:21(9):1131-40. Balestreri M, Czosnyka M, Chatfield DA, et al. Predictive value of Glasgow Coma Scale after brain trauma: change in trend over the past ten years. J Neurol Neurosurg Psychiatry. Jan 2004;75(1):161-2.",3,7/20/13,,,,,,,,,Y,Core,Y,Core,,,Assessments and Examinations,Physical/Neurological Examination,,GCS - Adult,FALSE,CA,,,
C01016,Glasgow Coma Scale (GCS) - total score,GCSTotalScore,,"Glasgow Coma Scale (GCS) - Total Score. The GCS is a standardized instrument for assessing the level of consciousness. It evaluates three aspects of responsiveness: eye opening, motor response, verbal response. The total score is the sum of the scores for the three response types. (3-15)",NINDS,GCS - Adult,NINDS,,,Total score,Value List,Numeric Values,cde,FALSE,"3-15 calculated field----http://www.glasgowcomascale.org/faq/ ----*Dealing with missing information: There are various different strategies for dealing with information that is missing because of factors interfering with assessment such as those described above. 1.Assess, communicate and make decisions using the remaining components. Although guidelines are often expressed in terms of a total GCS ‚Äòscore,‚Äô the trend in whichever of the components (eye, motor or verbal) can be assessed is still valuable. 2.Do not use number ‚Äò1‚Äô to record missing component; use ‚ÄòNT‚Äô (Not testable). 3.Do not report a total score when a component is Not Testable because the score will be low and this could be confusing to medical colleagues. This may also imply that the patient is more unwell than they actually are. 4.It is possible using statistical methods to estimate a missing component from the findings in the other components. This is probably more relevant to research than clinical practice.",Single Pre-Defined Value Selected,calculation,,,,,,,,,3,15,Adult,G265ZshGXob,NINDS:C01016|CDISC:C124727|NLM:G265ZshGXob,,C124727,,,,,"Teasdale G, Jennett B. Assessment of coma and impaired consciousness. A practical scale. Lancet. Jul 1974;2(7872):81-4. ----Marmarou A, Lu J, Butcher I, et al. Prognostic value of the Glasgow Coma Scale and pupil reactivity in traumatic brain injury assessed pre-hospital and on enrollment: an IMPACT analysis. J Neurotrauma. Feb 2007;24(2):270-80. ----Stocchetti N, Pagan F, Calappi E, et al. Inaccurate early assessment of neurological severity in head injury. J Neurotrauma. Sep 2004:21(9):1131-40. ----Balestreri M, Czosnyka M, Chatfield DA, et al. Predictive value of Glasgow Coma Scale after brain trauma: change in trend over the past ten years. J Neurol Neurosurg Psychiatry. Jan 2004;75(1):161-2.",3,7/20/13,,,,,,,,,Y,Core,Y,Core,,,Assessments and Examinations,Physical/Neurological Examination,,GCS - Adult,FALSE,CA,,,
C01020,Pediatric Glasgow Coma Scale (PGCS) - eye response score,PGCSEyeRespnsScore,,Score for the participant's eye response according to the Pediatric Glasgow Coma Scale (PGCS) if the participant is under the age of 18.,NINDS,GCS - Pediatric,NINDS,,,Best eye response,Value List,Alphanumeric,cde,FALSE,Choose one,Single Pre-Defined Value Selected,collected,1|2|3|4|Untestable|Unknown,No eye opening|Eye opening to pain|Eye opening to speech|Eyes open spontaneously|Untestable|Unknown,No eye opening|Eye opening to pain|Eye opening to speech|Eyes open spontaneously|Untestable|Unknown,,,,,,,,Pediatric Only,S7KKVzbAk7M,NINDS:C01020|BRICS Variable Name:PGCSEyeRespnsScore|NLM:S7KKVzbAk7M,,,,,,,"Marcin J and Pollack M. (2002). Triage scoring systems, severity of illness measures, and mortality prediction models in pediatric trauma. Crit Care Med. 30:S457-S467.",3,7/20/13,,,,,,,,,Y,Core,Y,Core,,,Assessments and Examinations,Physical/Neurological Examination,,GCS - Pediatric,FALSE,CA,,,
C01021,Pediatric Glasgow Coma Scale (PGCS) - motor response score,PGCSMotorRespnsScore,,Score for the participant's motor response according to the Pediatric Glasgow Coma Scale (PGCS) if the participant is under the age of 18.,NINDS,GCS - Pediatric,NINDS,,,Motor response,Value List,Alphanumeric,cde,FALSE,Choose one,Single Pre-Defined Value Selected,collected,1|2|3|4|5|6|Untestable|Unknown,No motor response|Extension to pain|Flexion to pain|Withdrawal from pain|Localizing pain|Obeys commands|Untestable|Unknown,No motor response|Extension to pain|Flexion to pain|Withdrawal from pain|Localizing pain|Obeys commands|Untestable|Unknown,,,,,,,,Pediatric Only,KpzUAFu5SeJ,NINDS:C01021|BRICS Variable Name:PGCSMotorRespnsScore|NLM:KpzUAFu5SeJ,,,,,,,"Marcin J and Pollack M. (2002). Triage scoring systems, severity of illness measures, and mortality prediction models in pediatric trauma. Crit Care Med. 30:S457-S467.",3,7/20/13,,,,,,,,,Y,Core,Y,Core,,,Assessments and Examinations,Physical/Neurological Examination,,GCS - Pediatric,FALSE,CA,,,
C01022,Pediatric Glasgow Coma Scale (PGCS) - verbal response score,PGCSVerbalRespnsScore,,Score for the participant's verbal response according to the Pediatric Glasgow Coma Scale (PGCS) if the participant is under the age of 18.,NINDS,GCS - Pediatric,NINDS,,,Verbal response,Value List,Alphanumeric,cde,FALSE,Choose one,Single Pre-Defined Value Selected,collected,1|2|3|4|5|Untestable|Unknown,"No vocal response|Inconsolable, agitated|Inconsistently consolable, moaning|Cries, but is consolable, inappropriate interactions|Smiles, oriented to sounds, follows objects, interacts|Untestable|Unknown","No vocal response|Inconsolable, agitated|Inconsistently consolable, moaning|Cries, but is consolable, inappropriate interactions|Smiles, oriented to sounds, follows objects, interacts|Untestable|Unknown",,,,,,,,Pediatric Only,QKd8uX8UFJQ,NINDS:C01022|BRICS Variable Name:PGCSVerbalRespnsScore|NLM:QKd8uX8UFJQ,,,,,,,"Marcin J and Pollack M. (2002). Triage scoring systems, severity of illness measures, and mortality prediction models in pediatric trauma. Crit Care Med. 30:S457-S467.",3,7/20/13,,,,,,,,,Y,Core,Y,Core,,,Assessments and Examinations,Physical/Neurological Examination,,GCS - Pediatric,FALSE,CA,,,
C01017,Pediatric Glasgow Coma Scale (PGCS) - total score,PGCSTotalScore,,"Score for the participant's total Pediatric Glasgow Coma Scale (PGCS) score of the 3 tests, eye, motor, and verbal responses. A score of less than 9 would indicate that that participant is in a severe coma while a score of greater than 9 is a mild or no coma at all.",NINDS,GCS - Pediatric,NINDS,,,Total score,Value List,Alphanumeric,cde,FALSE,3-15 calculated field,Single Pre-Defined Value Selected,calculation,,,,,,,,,3,15,Pediatric Only,agsJ0VXO6pX,NINDS:C01017|BRICS Variable Name:PGCSTotalScore|NLM:agsJ0VXO6pX,,,,,,,"Marcin J and Pollack M. (2002). Triage scoring systems, severity of illness measures, and mortality prediction models in pediatric trauma. Crit Care Med. 30:S457-S467.",3,7/20/13,,,,,,,,,Y,Core,Y,Core,,,Assessments and Examinations,Physical/Neurological Examination,,GCS - Pediatric,FALSE,CA,,,
C02469,Subarachnoid hemorrhage indicator,SAHStatus,,"Indicator of macroscopic blood located between the brain surface and the arachnoid membrane. On CT and MR, the blood in this location will follow the contour of the sulci and cisterns. Acute SAH is hyperdense on CT and hyperintense on FLAIR MR imaging.",NINDS,,NINDS,,,Subarachnoid hemorrhage,Value List,Alphanumeric,cde,FALSE,Choose one.,Single Pre-Defined Value Selected,collected,,Present|Absent|Indeterminate,Present|Absent|Indeterminate,,,,,,,,Adult | Pediatric,0cZynMCjbRX,NINDS:C02469|BRICS Variable Name:SAHStatus|NLM:0cZynMCjbRX,,,,,,,"Duhaime AC, Gean AD, Haacke EM, Hicks R, Wintermark M, Mukherjee P, Brody D, Latour L, Riedy G; Common Data Elements Neuroimaging Working Group Members, Pediatric Working Group Members. Common data elements in radiologic imaging of traumatic brain injury. Arch Phys Med Rehabil. 2010 Nov;91(11):1661-6. [DOI: 10.1016/j.apmr.2010.07.238] Haacke, E.M., Duhaime, A.C., Gean, A.D., Riedy, G., Wintermark, M., Mukherjee, P., Brody, D.L., DeGraba, T., Duncan, T.D., and Elovic, E. (2010). Common data elements in radiologic imaging of traumatic brain injury. Journal of Magnetic Resonance Imaging 32, 516-543, DOI:10.1002/jmri.22259",3,21:25.6,VERSION_DATE_MALFORMED,,,,,,,,Y,Core,Y,Core,,,Disease/Injury Related Events,Disease/Injury Related Events,History of Disease/Injury Event,TBI Injury: History of Symptoms and Assessment,FALSE,CA,,,
C01053,Loss of consciousness duration range,LOCDurRang,,The range of duration of loss of consciousness the participant/subject experienced,NINDS,,NINDS,,,Duration of loss of consciousness,Value List,Alphanumeric,cde,FALSE,Choose one.,Single Pre-Defined Value Selected,collected,,None|<1 minute|1-29 minutes|30-59 minutes|1-24 hours|1-7 days|>7 days|No return of consciousness prior to death or discharge|Unknown|30 minutes to 24 hours,None|<1 minute|1-29 minutes|30-59 minutes|1-24 hours|1-7 days|>7 days|No return of consciousness prior to death or discharge|Unknown|30 minutes to 24 hours,,,,,,,,Adult | Pediatric,RYYdahOP3Mq,NINDS:C01053|BRICS Variable Name:LOCDurRang|NLM:RYYdahOP3Mq,,,,,,,"Menon D.K., Schwab K., Wright D.W., Maas A.I. (2010). Demographics and Clinical Assessment Working Group of the International and Interagency Initiative toward Common Data Elements for Research on Traumatic Brain Injury and Psychological Health. Position statement: definition of traumatic brain injury. Arch Phys Med Rehabil. 91(11):1637-40. [DOI: 10.1016/j.apmr.2010.05.017]  Carroll L. J., Cassidy J. D., Holm L., Kraus J., & Coronado V. G. (2004). Methodological issues and research recommendations for mild traumatic brain injury: the WHO Collaborating Centre Task Force on Mild Traumatic Brain Injury. Journal of Rehabilitation Medicine, (Suppl. 43), 113-125.  Center for Disease Control and Prevention. (2003). Report to Congress on mild traumatic brain injury in the United States: Steps to prevent a serious public health problem. Atlanta: Centers for Disease Control and Prevention.  Department of Veterans Affairs Office of Quality and Performance and Department of Defense Quality Management Directorate, U.S. Army Medical Command. (2009). VA/DoD clinical practice guidelines for management of concussion/mild traumatic brain injury. (www.healthquality.va.gov/mtbi/concussion_mtbi_full_1_0.pdf).  Mild Traumatic Brain Injury Committee, A. C. o. R. M., Head Injury Interdisciplinary Special Interest Group. (1993). Definition of mild traumatic brain injury. Journal of Head Trauma Rehabilitation, 8(3):86-87.  American Academy of Pediatrics. (1999). The management of minor closed head injury in children. Pediatrics 104:1407-1415.  World Health Organization. (1992). The ICD-10 classification of mental and behavioural disorders: clinical descriptions and diagnostic guidelines. Geneva: World Health Organization.  Yeates K.O. & Taylor H.G. (2005). Neurobehavioural outcomes of mild head injury in children and adolescents. Pediatric Rehabilitation, 8(1):5-16.  Ruff R.M., Iverson G.L., Barth J.T., Bush S.S., Broshek D.K., and the NAN Policy and Planning Committee (2009). Recommendations for Diagnosing a Mild Traumatic Brain Injury: A National Academy of Neuropsychology Education Paper. Archives of Clinical Neuropsychology 24:3-10.",3,21:25.6,VERSION_DATE_MALFORMED,,,,,,,,Y,Core,Y,Core,,,Disease/Injury Related Events,Disease/Injury Related Events,,TBI Injury: History of Symptoms and Assessment,FALSE,CA,,,
C01055,Post traumatic amnesia duration range,PstTraumAmnsDurRang,,The range of duration of post-traumatic amnesia the participant/subject experienced,NINDS,,NINDS,,,Duration of post-traumatic amnesia,Value List,Alphanumeric,cde,FALSE,Choose one.,Single Pre-Defined Value Selected,collected,,<1 minute|1-29 minutes|30-59 minutes|1-24 hours|1-7 days|>7 days|N/A|Unknown|None,"<1 minute|1-29 minutes|30-59 minutes|1-24 hours|1-7 days|>7 days|N/A (e.g., death)|Unknown|None",,,,,,,,Adult | Pediatric,1Wd849ONU81,NINDS:C01055|BRICS Variable Name:PstTraumAmnsDurRang|NLM:1Wd849ONU81,,,,,,,"Menon D.K., Schwab K., Wright D.W., Maas A.I. (2010). Demographics and Clinical Assessment Working Group of the International and Interagency Initiative toward Common Data Elements for Research on Traumatic Brain Injury and Psychological Health. Position statement: definition of traumatic brain injury. Arch Phys Med Rehabil. 91(11):1637-40. [DOI: 10.1016/j.apmr.2010.05.017]  Carroll L. J., Cassidy J. D., Holm L., Kraus J., & Coronado V. G. (2004). Methodological issues and research recommendations for mild traumatic brain injury: the WHO Collaborating Centre Task Force on Mild Traumatic Brain Injury. Journal of Rehabilitation Medicine, (Suppl. 43), 113-125.  Center for Disease Control and Prevention. (2003). Report to Congress on mild traumatic brain injury in the United States: Steps to prevent a serious public health problem. Atlanta: Centers for Disease Control and Prevention.  Department of Veterans Affairs Office of Quality and Performance and Department of Defense Quality Management Directorate, U.S. Army Medical Command. (2009). VA/DoD clinical practice guidelines for management of concussion/mild traumatic brain injury. (www.healthquality.va.gov/mtbi/concussion_mtbi_full_1_0.pdf).  Mild Traumatic Brain Injury Committee, A. C. o. R. M., Head Injury Interdisciplinary Special Interest Group. (1993). Definition of mild traumatic brain injury. Journal of Head Trauma Rehabilitation, 8(3):86-87.  American Academy of Pediatrics. (1999). The management of minor closed head injury in children. Pediatrics 104:1407-1415.  World Health Organization. (1992). The ICD-10 classification of mental and behavioural disorders: clinical descriptions and diagnostic guidelines. Geneva: World Health Organization.  Yeates K.O. & Taylor H.G. (2005). Neurobehavioural outcomes of mild head injury in children and adolescents. Pediatric Rehabilitation, 8(1):5-16.  Ruff R.M., Iverson G.L., Barth J.T., Bush S.S., Broshek D.K., and the NAN Policy and Planning Committee (2009). Recommendations for Diagnosing a Mild Traumatic Brain Injury: A National Academy of Neuropsychology Education Paper. Archives of Clinical Neuropsychology 24:3-10.",3.1,0:30:51,VERSION_DATE_MALFORMED,,,,,,,,Y,Core,Y,Core,,,Disease/Injury Related Events,Disease/Injury Related Events,,TBI Injury: History of Symptoms and Assessment,FALSE,CA,,,
C01057,Traumatic Brain Injury symptom type,TBISympTyp,,The types of Traumatic Brain Injury (TBI) symptoms or signs displayed by the participant/subject,NINDS,TBI Symptoms ,NINDS,,,Does the participant subject display the following TBI symptom or sign?,Value List,Alphanumeric,cde,FALSE,Choose all that apply. Recommend collection at admission to study hospital.,Multiple Pre-Defined Values Selected,collected,,"Headache|Nausea|Vomiting|Balance problems|Fatigue|Sensitive to light|Sensitive to noise|Numbness/tingling|Drowsiness|Sleeping less than usual|Sleeping more than usual|Difficulty falling asleep|Feeling mentally foggy|Feeling slowed down|Difficulty concentrating|Difficulty remembering|Irritability|Sadness|More emotional|Nervousness|Other, specify","Headache|Nausea|Vomiting|Balance problems|Fatigue|Sensitive to light|Sensitive to noise|Numbness/tingling|Drowsiness|Sleeping less than usual|Sleeping more than usual|Difficulty falling asleep|Feeling mentally foggy|Feeling slowed down|Difficulty concentrating|Difficulty remembering|Irritability|Sadness|More emotional|Nervousness|Other, specify",,,,,,,,Adult | Pediatric,wVgcZXdUt4B,NINDS:C01057|BRICS Variable Name:TBISympTyp|NLM:wVgcZXdUt4B,,,,,,,"Menon DK, Schwab K, Wright DW, Maas AI; Demographics and Clinical Assessment Working Group of the International and Interagency Initiative toward Common Data Elements for Research on Traumatic Brain Injury and Psychological Health. Position statement: definition of traumatic brain injury. Arch Phys Med Rehabil. 2010 Nov;91(11):1637-40. [DOI: 10.1016/j.apmr.2010.05.017]",3,7/20/13,,,,,,,,,Y,Supplemental,Y,Recommended,,,Disease/Injury Related Events,Disease/Injury Related Events,,TBI Injury: History of Symptoms and Assessment,FALSE,CA,,,
C18771,Traumatic Brain Injury symptom other text,TBISympOTH,,The free-text field related to 'Traumatic Brain Injury symptom type' specifying other text. The types of Traumatic Brain Injury (TBI) symptoms or signs displayed by the participant/subject,NINDS,TBI Symptoms ,NINDS,,,"Other, specify",Text,Alphanumeric,cde,FALSE,Choose all that apply. Recommend collection at admission to study hospital.,Free-Form Entry,collected,,,,,,,,4000,,,Adult | Pediatric,rDJW8vc76Nw,NINDS:C18771|BRICS Variable Name:TBISympOTH|NLM:rDJW8vc76Nw,,,,,,,"Menon DK, Schwab K, Wright DW, Maas AI; Demographics and Clinical Assessment Working Group of the International and Interagency Initiative toward Common Data Elements for Research on Traumatic Brain Injury and Psychological Health. Position statement: definition of traumatic brain injury. Arch Phys Med Rehabil. 2010 Nov;91(11):1637-40. [DOI: 10.1016/j.apmr.2010.05.017]",1,5/27/14,,,,,,,,,Y,Supplemental,Y,Recommended,,,Disease/Injury Related Events,Disease/Injury Related Events,,TBI Injury: History of Symptoms and Assessment,FALSE,CA,,,
C01058,Traumatic Brain Injury symptom indicator,TBISympInd,,Indicator of whether the participant/subject exhibited the specific TBI physical symptom/sign,NINDS,TBI Symptoms ,NINDS,,,Does participant subject display the following TBI symptom or sign?,Value List,Alphanumeric,cde,FALSE,Choose one for each symptom or sign. Add date and time stamp for when assessed.,Single Pre-Defined Value Selected,collected,,Yes|No|Unknown,Yes|No|Unknown,,,,,,,,Adult | Pediatric,OqZJv6VS1TS,NINDS:C01058|BRICS Variable Name:TBISympInd|NLM:OqZJv6VS1TS,,,,,,,"Menon DK, Schwab K, Wright DW, Maas AI; Demographics and Clinical Assessment Working Group of the International and Interagency Initiative toward Common Data Elements for Research on Traumatic Brain Injury and Psychological Health. Position statement: definition of traumatic brain injury. Arch Phys Med Rehabil. 2010 Nov;91(11):1637-40. [DOI: 10.1016/j.apmr.2010.05.017]",3,7/20/13,,,,,,,,,Y,Supplemental,Y,Recommended,,,Disease/Injury Related Events,Disease/Injury Related Events,,TBI Injury: History of Symptoms and Assessment,FALSE,CA,,,
C01056,Traumatic brain injury symptom category,TBISympCat,,Category of traumatic brain injury symptom/sign displayed by the participant/subject,NINDS,,NINDS,,,TBI symptom or sign category,Value List,Alphanumeric,cde,FALSE,"This additional supplemental element may be included if relevant to the study. For additional details like permissible values, see the data dictionary.",Multiple Pre-Defined Values Selected,collected,,Physical|Sleep|Cognitive|Emotional|Other,Physical|Sleep|Cognitive|Emotional|Other,,,,,,,,Adult | Pediatric,2AAxsrcJUJU,NINDS:C01056|BRICS Variable Name:TBISympCat|NLM:2AAxsrcJUJU,,,,,,,"Menon DK, Schwab K, Wright DW, Maas AI; Demographics and Clinical Assessment Working Group of the International and Interagency Initiative toward Common Data Elements for Research on Traumatic Brain Injury and Psychological Health. Position statement: definition of traumatic brain injury. Arch Phys Med Rehabil. 2010 Nov;91(11):1637-40. [DOI: 10.1016/j.apmr.2010.05.017]",3,7/20/13,,,,,,,,,Y,Supplemental,Y,Recommended,,,Disease/Injury Related Events,Disease/Injury Related Events,,TBI Injury: History of Symptoms and Assessment,FALSE,CA,,,
C01059,Traumatic brain injury symptom rating code,TBISympRatingCode,,Code that describes overall how different the participant/subject is acting compared to his/her usual self,NINDS,TBI Symptoms ,NINDS,,,TBI symptom or sign rating code,Value List,Numeric Values,cde,FALSE,adult only,Single Pre-Defined Value Selected,collected,1|2|3|4|5|6,1 (Normal)|2|3|4|5|6 (Very different),1 (Normal)|6 (Very different),,,,,,,,Adult,Nfuj6ddCnyw,NINDS:C01059|BRICS Variable Name:TBISympRatingCode|NLM:Nfuj6ddCnyw,,,,,,,"Menon DK, Schwab K, Wright DW, Maas AI; Demographics and Clinical Assessment Working Group of the International and Interagency Initiative toward Common Data Elements for Research on Traumatic Brain Injury and Psychological Health. Position statement: definition of traumatic brain injury. Arch Phys Med Rehabil. 2010 Nov;91(11):1637-40. [DOI: 10.1016/j.apmr.2010.05.017]",3,7/20/13,,,,,,,,,Y,Supplemental,Y,Recommended,,,Disease/Injury Related Events,Disease/Injury Related Events,,TBI Injury: History of Symptoms and Assessment,FALSE,CA,,,
C01060,Traumatic brain injury worsen symptom cognitive indicator,TBIWrsnSympCogntInd,,"Indicator of whether the reported physical, sleep-related, cognitive and/or emotional symptom worsens with cognitive activity",NINDS,TBI Symptoms ,NINDS,,,TBI symptom worsens with cognitive activity indicator,Value List,Alphanumeric,cde,FALSE,Choose one. Recommend collection at admission to study hospital.,Single Pre-Defined Value Selected,collected,,Yes|No|Unknown,Yes|No|Unknown,,,,,,,,Adult,RNONwmOe1wN,NINDS:C01060|BRICS Variable Name:TBIWrsnSympCogntInd|NLM:RNONwmOe1wN,,,,,,,No references available,3,7/20/13,,,,,,,,,Y,Supplemental,Y,Recommended,,,Disease/Injury Related Events,Disease/Injury Related Events,,TBI Injury: History of Symptoms and Assessment,FALSE,CA,,,
C01061,Traumatic brain injury worsen symptom physical indicator,TBIWrsnSympPhysInd,,"Indicator of whether the reported physical, sleep-related, cognitive and/or emotional symptom worsens with physical activity",NINDS,TBI Symptoms ,NINDS,,,TBI symptom worsens with physical activity indicator,Value List,Alphanumeric,cde,FALSE,adult only,Single Pre-Defined Value Selected,collected,,Yes|No|Unknown,Yes|No|Unknown,,,,,,,,Adult,yQ3a6bKwxgV,NINDS:C01061|BRICS Variable Name:TBIWrsnSympPhysInd|NLM:yQ3a6bKwxgV,,,,,,,No references available,3,7/20/13,,,,,,,,,Y,Supplemental,Y,Recommended,,,Disease/Injury Related Events,Disease/Injury Related Events,,TBI Injury: History of Symptoms and Assessment,FALSE,CA,,,
C01025,Orientation person result,OrientPersonReslt,,"Result of how the participant/subject responded to questions about himself/herself, such as name and birth date",NINDS,,NINDS,,,Orientation to person result,Value List,Alphanumeric,cde,FALSE,Choose one. Add date stamp for when assessed. Recommend collection at least on date of TBI.  This element is recommended for pediatric studies.,Single Pre-Defined Value Selected,collected,,Abnormal|Normal,Abnormal|Normal,,,,,,,,Adult | Pediatric,GFmoCmspJF9,NINDS:C01025|BRICS Variable Name:OrientPersonReslt|NLM:GFmoCmspJF9,,,,,,,Halstead M and Walter K for THE COUNCIL ON SPORTS MEDICINE AND FITNESS. (2010). Clinical report - sport-related concussion in children and adolescents. Pediatrics. 126:587-615.,3,7/20/13,,,,,,,,,Y,Supplemental,Y,Recommended,,,Disease/Injury Related Events,Disease/Injury Related Events,,TBI Injury: History of Symptoms and Assessment,FALSE,CA,,,
C01026,Orientation place result,OrientPlaceReslt,,Result of how the participant/subject responded to questions about his/her current location,NINDS,,NINDS,,,Orientation to place result,Value List,Alphanumeric,cde,FALSE,Choose one. Add date stamp for when assessed. Recommend collection at least on date of TBI.  This element is recommended for pediatric studies.,Single Pre-Defined Value Selected,collected,,Abnormal|Normal,Abnormal|Normal,,,,,,,,Adult | Pediatric,tPeM61zQ4E4,NINDS:C01026|BRICS Variable Name:OrientPlaceReslt|NLM:tPeM61zQ4E4,,,,,,,Halstead M and Walter K for THE COUNCIL ON SPORTS MEDICINE AND FITNESS. (2010). Clinical report - sport-related concussion in children and adolescents. Pediatrics. 126:587-615.,3,7/20/13,,,,,,,,,Y,Supplemental,Y,Recommended,,,Disease/Injury Related Events,Disease/Injury Related Events,,TBI Injury: History of Symptoms and Assessment,FALSE,CA,,,
C01027,Orientation time result,OrientTimeReslt,,"Result of how the participant/subject responded to questions about today's date (e.g., date, month, year, day of week, time of day, season of year)",NINDS,,NINDS,,,Orientation to time result,Value List,Alphanumeric,cde,FALSE,Choose one,Single Pre-Defined Value Selected,collected,,Abnormal|Normal,Abnormal|Normal,,,,,,,,Adult | Pediatric,M5Gu4GCktrv,NINDS:C01027|BRICS Variable Name:OrientTimeReslt|NLM:M5Gu4GCktrv,,,,,,,Halstead M and Walter K for THE COUNCIL ON SPORTS MEDICINE AND FITNESS. (2010). Clinical report - sport-related concussion in children and adolescents. Pediatrics. 126:587-615.,3,7/20/13,,,,,,,,,Y,Supplemental,Y,Recommended,,,Disease/Injury Related Events,Disease/Injury Related Events,,TBI Injury: History of Symptoms and Assessment,FALSE,CA,,,
C18398,Head abbreviated injury scale score,HeadAISScore,,Score the severity of head injury measured by Abbreviated Injury Scale,NINDS,HAIS,NINDS,,,Head AIS Score,Value List,Numeric Values,cde,FALSE,,Single Pre-Defined Value Selected,collected,1|2|3|4|5|6,Minor|Moderate|Serious|Severe|Critical|Maximal,"Minor: no treatment needed|Moderate: requires only outpatient treatment|Serious: requires non-ICU hospital admission|Severe: requires ICU observation and/or Core treatment|Critical: requires intubation, mechanical ventilation or vasopressors for blood pressure support|Maximal: not survivable.",,,,,,,,Adult | Pediatric,gW6BS3WqyuK,NINDS:C18398|BRICS Variable Name:HeadAISScore|NLM:gW6BS3WqyuK,,,,,,,"Baker SP, O'Neill B, Haddon W Jr, et al. The injury severity score: a method for describing patients with multiple injuries and evaluating emergency care. J Trauma. Mar 1974;14(3):187-196. Medicine AftAoA. The Abbreviated Injury Scale, 1990 Revision. Association for the Advancement of Automotive Medicine. 15-24. 1990. Des Plaines, IL. http://www.sfar.org/scores2/triss2.html - ISS calculator Pediatric: Gennarelli TA, Wodzin A. AIS 2005: A contemporary injury scale. Injury 2006 37:1083-1091.",3,7/20/13,,Core,,,,,,,Y,Supplemental,Y,Supplemental  ,,,Disease/Injury Related Events,Classification,,HAIS Score,FALSE,CA,,,
C05449,Abbreviated injury scale body region category,AbbrevInjryScalBodyRgnCat,,Category of body region assessed by Abbreviated Injury Scale,NINDS,HAIS,NINDS,,,Abbreviated injury scale body region category,Value List,Alphanumeric,cde,FALSE,"The element may be included if relevant to the study. For additional details like permissible values, see the data dictionary associated with this CRF.",Single Pre-Defined Value Selected,collected,,Head and neck|Face|Thorax/chest|Abdomen and pelvic contents|Extremities and pelvic girdle|Brain Injury|Cervical spine|Thoracic spine|Lumbar spine|Upper extremities|Lower extremities|Pelvic Girdle|Externa (skin),Head and neck|Face|Thorax/chest|Abdomen and pelvic contents|Extremities and pelvic girdle|Brain Injury|Cervical spine|Thoracic spine|Lumbar spine|Upper extremities|Lower extremities|Pelvic Girdle|Externa (skin),,,,,,,,Adult | Pediatric,OQzsrcPQUP5,NINDS:C05449|BRICS Variable Name:AbbrevInjryScalBodyRgnCat|NLM:OQzsrcPQUP5,,,,,,,"Baker SP, O'Neill B, Haddon W Jr, et al. The injury severity score: a method for describing patients with multiple injuries and evaluating emergency care. J Trauma. Mar 1974;14(3):187-196. Medicine AftAoA. The Abbreviated Injury Scale, 1990 Revision. Association for the Advancement of Automotive Medicine. 15-24. 1990. Des Plaines, IL. http://www.sfar.org/scores2/triss2.html - ISS calculator Pediatric: Gennarelli TA, Wodzin A. AIS 2005: A contemporary injury scale. Injury 2006 37:1083-1091.",3,7/20/13,,,,,,,,,Y,Basic,Y,Supplemental  ,,,Disease/Injury Related Events,Classification,,HAIS Score,FALSE,CA,,,
C05450,Abbreviated Injury Scale body region score,AISBodyRegionScore,,Score for the body region measured by Abbreviated Injury Scale,NINDS,HAIS,NINDS,,,Abbreviated injury scale body region score,Value List,Numeric Values,cde,FALSE,"The element may be included if relevant to the study. For additional details like permissible values, see the data dictionary associated with this CRF.",Single Pre-Defined Value Selected,collected,1|2|3|4|5|6|9,Minor|Moderate|Serious|Severe|Critical|Maximal|Not possible to assign,"Minor: no treatment needed|Moderate: requires only outpatient treatment|Serious: requires non-ICU hospital admission|Severe: requires ICU observation and/or basic treatment|Critical: requires intubation, mechanical ventilation or vasopressors for blood pressure support|Maximal: not survivable|Not possible to assign ",,,,,,,,Adult | Pediatric,VW1xDO5dYJF,NINDS:C05450|BRICS Variable Name:AISBodyRegionScore|NLM:VW1xDO5dYJF,,,,,,,"Baker SP, O'Neill B, Haddon W Jr, et al. The injury severity score: a method for describing patients with multiple injuries and evaluating emergency care. J Trauma. Mar 1974;14(3):187-196. Medicine AftAoA. The Abbreviated Injury Scale, 1990 Revision. Association for the Advancement of Automotive Medicine. 15-24. 1990. Des Plaines, IL. http://www.sfar.org/scores2/triss2.html - ISS calculator Pediatric: Gennarelli TA, Wodzin A. AIS 2005: A contemporary injury scale. Injury 2006 37:1083-1091.",3,7/20/13,,,,,,,,,Y,Basic,Y,Supplemental  ,,,Disease/Injury Related Events,Classification,,HAIS Score,FALSE,CA,,,
C05451,Injury Severity Score,InjSeverScore,,Score measured by injury severity score (ISS),NINDS,HAIS,NINDS,,,Injury severity score,Number,Numeric Values,cde,FALSE,"The element may be included if relevant to the study. For additional details like permissible values, see the data dictionary associated with this CRF.",Free-Form Entry,collected,,,,,,,,,,,Adult | Pediatric,KBd7zS0k_fV,NINDS:C05451|BRICS Variable Name:InjSeverScore|NLM:KBd7zS0k_fV,,,,,,,"Baker SP, O'Neill B, Haddon W Jr, et al. The injury severity score: a method for describing patients with multiple injuries and evaluating emergency care. J Trauma. Mar 1974;14(3):187-196. Medicine AftAoA. The Abbreviated Injury Scale, 1990 Revision. Association for the Advancement of Automotive Medicine. 15-24. 1990. Des Plaines, IL. http://www.sfar.org/scores2/triss2.html - ISS calculator Pediatric: Gennarelli TA, Wodzin A. AIS 2005: A contemporary injury scale. Injury 2006 37:1083-1091.",3,7/20/13,,,,,,,,,Y,Supplemental,Y,Supplemental  ,,,Disease/Injury Related Events,Classification,,HAIS Score,FALSE,CA,,,
C07460,Pediatric Risk of Mortality Score,PediatRiskMortalScore,,Score of the Pediatric Risk of Mortality Score to determine the mortality risk factors,NINDS,HAIS,NINDS,,,Pediatric Risk of Mortality Score,Number,Numeric Values,cde,FALSE,"The element may be included if relevant to the study. For additional details like permissible values, see the data dictionary associated with this CRF.",Free-Form Entry,collected,,,,,,,,,,,Pediatric Only,Rj5WsXVnnkU,NINDS:C07460|BRICS Variable Name:PediatRiskMortalScore|NLM:Rj5WsXVnnkU,,,,,,,"Pollack MM, Ruttimann UE, Getson PR .Pediatric risk of mortality (PRISM) score. Crit Care Med. 1988 Nov;16(11):1110-6.",3,7/20/13,,,,,,,,,Y,Supplemental,Y,Supplemental  ,,,Disease/Injury Related Events,Classification,,HAIS Score,FALSE,CA,,,
C05452,Spinal injury anatomic site,SpinalCordInjuryAnatSite,,Anatomic site(s) of the spine injury represented as level(s) of the spinal-injured vertebrae.,NINDS,HAIS,NINDS,,,Spinal cord injury anatomic site,Value List,Alphanumeric,cde,FALSE,"The element may be included if relevant to the study. For additional details like permissible values, see the data dictionary associated with this CRF.",Multiple Pre-Defined Values Selected,collected,,C0|C1|C2|C3|C4|C5|C6|C7|T1|T2|T3|T4|T5|T6|T7|T8|T9|T10|T11|T12|L1|L2|L3|L4|L5|S1|S2|S3|S4-5,C0|C1|C2|C3|C4|C5|C6|C7|T1|T2|T3|T4|T5|T6|T7|T8|T9|T10|T11|T12|L1|L2|L3|L4|L5|S1|S2|S3|S4-5,,,,,,,,Adult | Pediatric,7vOwos0AskR,NINDS:C05452|BRICS Variable Name:SpnlInjAntmicSit|NLM:7vOwos0AskR,,,,,,,No references available,3.2,8/26/25,,,,,,,,,Y,Supplemental,Y,Supplemental  ,,,Disease/Injury Related Events,Classification,,HAIS Score,FALSE,CA,,,
C05453,Hypotensive episode indicator,HypotnsnEpiInd,,"Indicator of hypotensive episode. In adults, hypotensive episode is defined as systolic blood pressure < 90 mmHg. In children, it is defined as systolic blood pressure < 5th percentile for age",NINDS,,NINDS,,,Did participant/subject experience hypotensive episode?,Value List,Alphanumeric,cde,FALSE,Choose one.,Single Pre-Defined Value Selected,collected,,Yes|No|Unknown|Suspected,Yes|No|Unknown|Suspected,,,,,,,,Adult | Pediatric,NzWmoXqDRfN,NINDS:C05453|BRICS Variable Name:HypotnsnEpiInd|NLM:NzWmoXqDRfN,,,,,,,"McHugh GS, Engel DC, Butcher I, et al. Prognostic value of secondary insults in traumatic brain injury: results from the IMPACT study. J Neurotrauma. Feb 2007;24(2):287-93. Silverstone P. Pulse oxymetry of at the road side: a study of pulse oxymetry in immediate care. BMJ. Mar 1989;298(6675):711-13. Stocchetti N, Furlan A, Volta F. Hypoxemia and arterial hypotension at the accident side in head injury. J Trauma. 1996;40:764-67.  De Witt DS, Jenkins LW, Prough DS. Enhanced vulnerability to secondary ischemic insults after experimental traumatic brain injury. New Horizon. Aug 1995;3(3):376-383.",3,7/20/13,,,,,,,,,Y,Supplemental,Y,Recommended,,,Disease/Injury Related Events,Second Insults,,TBI Injury: History of Secondary Insults,FALSE,CA,,,
C05457,Hypoxic episode indicator,HypxEpiInd,,Indicator of hypoxic episode. Hypoxic episode is defined as partial pressure of oxygen in the blood (paO2) < 8kPa (60mmHg) or oxygen saturation (SaO2) < 90%,NINDS,,NINDS,,,Did participant/subject experience hypoxic episode?,Value List,Alphanumeric,cde,FALSE,Choose one.,Single Pre-Defined Value Selected,collected,,Yes|No|Unknown|Suspected,Yes|No|Unknown|Suspected,,,,,,,,Adult | Pediatric,NuUP2fYkpe_,NINDS:C05457|BRICS Variable Name:HypxEpiInd|NLM:NuUP2fYkpe_,,,,,,,"McHugh GS, Engel DC, Butcher I, et al. Prognostic value of secondary insults in traumatic brain injury: results from the IMPACT study. J Neurotrauma. Feb 2007;24(2):287-93. Silverstone P. Pulse oxymetry of at the road side: a study of pulse oxymetry in immediate care. BMJ. Mar 1989;298(6675):711-13. Stocchetti N, Furlan A, Volta F. Hypoxemia and arterial hypotension at the accident side in head injury. J Trauma. 1996;40:764-67.  De Witt DS, Jenkins LW, Prough DS. Enhanced vulnerability to secondary ischemic insults after experimental traumatic brain injury. New Horizon. Aug 1995;3(3):376-383. Steyerberg EW, Mushkudiani N, Perel P, et al. Predicting outcome after traumatic brain injury: development and international validation of prognostic scores based on admission characteristics. PLoS Med. Aug 2008;5(8):e165. MRC CRASH Trial Collaborators. Predicting outcome after traumatic brain injury: practical prognostic models based on large cohort of  international patients. BMJ. Feb 2008;336(7641):425-429. Signorini DF, Andrews PJ, Jones PA, et al. Adding insult to injury: the prognostic value of early secondary insults for survival after traumatic brain injury. J Neurol Neurosurg Psychiatry. Jan 1999;66(1):26-31 Pediatric-specific  reference(s): Adelson PD, Bratton SL, Carney, NA, Chesnut RM, du Coudray HE, Goldstein B, Kochanek PM, Miller HC, Partington MD, Selden NR, Warden CR, Wright DW. Guidelines for the acute medical management of severe traumatic brain injury in infants, children, and adolescents. Chapter 6. Threshold for treatment of intracranial hypertension. (2003a). Pediatr Crit Care Med 4:S25-S27.",3,7/20/13,,,,,,,,,Y,Supplemental,Y,Recommended,,,Disease/Injury Related Events,Second Insults,,TBI Injury: History of Secondary Insults,FALSE,CA,,,
C05459,Cardiac arrest indicator,CardArrestInd,,Indicator of cardiac arrest requiring cardiopulmonary resuscitation (i.e. at least two minutes of chest compressions). Cardiac arrest is a condition in which the heart suddenly and unexpectedly stops beating,NINDS,,NINDS,,,Did participant/subject expierence cardiac arrest?,Value List,Alphanumeric,cde,FALSE,"Choose one. This element is recommended for pediatric studies. Second insults may aggravate processes of secondary damage in a brain already rendered vulnerable by the primary injury. The main physiologic insults relevant to TBI are hypotension, hyper- or hypothermia, hypoxia, and hypocapnia due to hyperventilation. The adverse effect of the occurrence of such insults both pre- and in-hospital is well established.  Second insults are commonly defined by threshold values but these values are not well established in pediatrics. Based on the available data for pediatric TBI , thresholds of 80-180 mg/dL for glucose are recommended. A threshold for hemoglobin is more difficult to define given emerging data on the lower limit of hemoglobin safely tolerated by critically ill children in general and the variable effect of blood transfusion in children with severe TBI specifically.",Single Pre-Defined Value Selected,collected,,Yes|No|Suspected|Unknown,Yes|No|Suspected|Unknown,,,,,,,,Adult | Pediatric,rvMqJm4hzts,NINDS:C05459|BRICS Variable Name:CardArrestInd|NLM:rvMqJm4hzts,,,,,,,"McHugh GS, Engel DC, Butcher I, et al. Prognostic value of secondary insults in traumatic brain injury: results from the IMPACT study. J Neurotrauma. Feb 2007;24(2):287-93. Signorini DF, Andrews PJ, Jones PA, et al. Adding insult to injury: the prognostic value of early secondary insults for survival after traumatic brain injury. J Neurol Neurosurg Psychiatry. Jan 1999;66(1):26-31 Adelson PD, Bratton SL, Carney, NA, Chesnut RM, du Coudray HE, Goldstein B, Kochanek PM, Miller HC, Partington MD, Selden NR, Warden CR, Wright DW. uidelines for the acute medical management of severe traumatic brain injury in infants, children, and adolescents. Chapter 6. Threshold for treatment of intracranial hypertension. (2003a). Pediatr Crit Care Med 4:S25-S27.",3,7/20/13,,,,,,,,,Y,Supplemental,Y,Recommended,,,Disease/Injury Related Events,Second Insults,,TBI Injury: History of Secondary Insults,FALSE,CA,,,
C05460,Seizure indicator,SeizInd,,Indicator of seizure activity,NINDS,Sz Second Insults ,NINDS,,,Did participant/subject experience seizure(s)?,Value List,Alphanumeric,cde,FALSE,"Choose one. Seizure activity in the brain may cause focal or generalized vasodilation with increased cerebral blood volume and high intracranial pressure. Moreover, metabolic requirements are increased in a situation where brain metabolism is already compromised. Seizures are therefore an important second insult following TBI.",Single Pre-Defined Value Selected,collected,,Yes|No|Suspected|Unknown,Yes|No|Suspected|Unknown,,,,,,,,Adult | Pediatric,TFzSCDPwwcC,NINDS:C05460|BRICS Variable Name:SeizInd|NICHD Variable Name:d_seizures|NLM:TFzSCDPwwcC,,,,,,,"McHugh GS, Engel DC, Butcher I, et al. Prognostic value of secondary insults in traumatic brain injury: results from the IMPACT study. J Neurotrauma. Feb 2007;24(2):287-93. Signorini DF, Andrews PJ, Jones PA, et al. Adding insult to injury: the prognostic value of early secondary insults for survival after traumatic brain injury. J Neurol Neurosurg Psychiatry. Jan 1999;66(1):26-31",3,7/20/13,,,,,,,,,Y,Supplemental,Y,Recommended,,,Disease/Injury Related Events,Second Insults,,TBI Injury: History of Secondary Insults,FALSE,CA,,,
C05461,Seizure presentation type,SeizPresentTyp,,"Type of seizure activity as convulsive or non-convulsive (diagnosed on EEG only, no motor manifestations)",NINDS,Sz Second Insults ,NINDS,,,Presentation of seizure,Value List,Alphanumeric,cde,FALSE,"Choose one. This element is only answered if the participant/subject had a seizure. This element is recommended for pediatric studies. Second insults are commonly defined by threshold values but these values are not well established in pediatrics. Based on the available data for pediatric TBI , thresholds of 80-180 mg/dL for glucose are recommended. A threshold for hemoglobin is more difficult to define given emerging data on the lower limit of hemoglobin safely tolerated by critically ill children in general and the variable effect of blood transfusion in children with severe TBI specifically.",Single Pre-Defined Value Selected,collected,,Convulsive|Non-convulsive,Convulsive|Non-convulsive,,,,,,,,Adult | Pediatric,89CNRk6gNMk,NINDS:C05461|BRICS Variable Name:SeizPresentTyp|NLM:89CNRk6gNMk,,,,,,,"Adelson PD, Bratton SL, Carney, NA, Chesnut RM, du Coudray HE, Goldstein B, Kochanek PM, Miller HC, Partington MD, Selden NR, Warden CR, Wright DW. uidelines for the acute medical management of severe traumatic brain injury in infants, children, and adolescents. Chapter 6. Threshold for treatment of intracranial hypertension. (2003a). Pediatr Crit Care Med 4:S25-S27.",3,7/20/13,,,,,,,,,Y,Supplemental,Y,Recommended,,,Disease/Injury Related Events,Second Insults,,TBI Injury: History of Secondary Insults,FALSE,CA,,,
C05462,Seizure duration type,SeizDurType,,Seizure described as intermittent or status epilepticus. Convulsive status epilepticus (CSE) is defined as either 2 or more convulsions without complete recovery of consciousness between seizures (intermittent CSE) or as a single prolonged seizure that lasts for at least 30 minutes (continuous CSE).,NINDS,Sz Second Insults ,NINDS,,,Seizure duration type,Value List,Alphanumeric,cde,FALSE,Choose one. This element is only answered if the participant/subject had a seizure. This element is recommended for pediatric studies.,Single Pre-Defined Value Selected,collected,,Intermittent|Status epilepticus,Intermittent|Status epilepticus,,,,,,,,Adult | Pediatric,_DC49dD1cCW,NINDS:C05462|BRICS Variable Name:SeizDurType|NLM:_DC49dD1cCW,,,,,,,"Ostrowsky K, Arzimanoglou A. Outcome and prognosis of status epilepticus in children. Semin Pediatr Neurol. 2010 Sep;17(3):195-200.",3,7/20/13,,,,,,,,,Y,Supplemental,Y,Supplemental  ,,,Disease/Injury Related Events,Second Insults,,TBI Injury: History of Secondary Insults,FALSE,CA,,,
C05463,EEG monitoring type,EEGMonitorType,,Type of electroencephalogram (EEG) monitoring,NINDS,Sz Second Insults ,NINDS,,,EEG monitoring type,Value List,Alphanumeric,cde,FALSE,Choose one. Response is obtained from medical charts and/or patient data management system.  This element is recommended for pediatric studies.,Single Pre-Defined Value Selected,collected,,"Routine|Continuous/prolonged|Other, specify","Routine|Continuous/prolonged|Other, specify",,,,,,,,Adult | Pediatric,BKZ2X8MuqfJ,NINDS:C05463|BRICS Variable Name:EEGMonitorType|NLM:BKZ2X8MuqfJ,,,,,,,No references available,3,8/28/13,,,,,,,,,Y,Supplemental,Y,Supplemental  ,,,Disease/Injury Related Events,Second Insults,,TBI Injury: History of Secondary Insults,FALSE,CA,,,
C05454,Hypertension indicator,HypertensInd,,"Indicator of hypertension. In adults, hypertension is defined as a systolic pressure >= 140 and a diastolic >= 90. In children, it is defined as systolic blood pressure >95th percentile for age.",NINDS,,NINDS,,,Did participant/subject experience hypertension?,Value List,Alphanumeric,cde,FALSE,"Choose one. This element is recommended for pediatric studies. Second insults may aggravate processes of secondary damage in a brain already rendered vulnerable by the primary injury. The main physiologic insults relevant to TBI are hypotension, hyper- or hypothermia, hypoxia, and hypocapnia due to hyperventilation. The adverse effect of the occurrence of such insults both pre- and in-hospital is well established.  Second insults are commonly defined by threshold values but these values are not well established in pediatrics. Based on the available data for pediatric TBI , thresholds of 80-180 mg/dL for glucose are recommended. A threshold for hemoglobin is more difficult to define given emerging data on the lower limit of hemoglobin safely tolerated by critically ill children in general and the variable effect of blood transfusion in children with severe TBI specifically.",Single Pre-Defined Value Selected,collected,,Yes|No|Unknown|Suspected,Yes|No|Unknown|Suspected,,,,,,,,Adult | Pediatric,ABDqHbBxfkm,NINDS:C05454|BRICS Variable Name:HypertensInd|NLM:ABDqHbBxfkm,,,,,,,"McHugh GS, Engel DC, Butcher I, et al. Prognostic value of secondary insults in traumatic brain injury: results from the IMPACT study. J Neurotrauma. Feb 2007;24(2):287-93. Signorini DF, Andrews PJ, Jones PA, et al. Adding insult to injury: the prognostic value of early secondary insults for survival after traumatic brain injury. J Neurol Neurosurg Psychiatry. Jan 1999;66(1):26-31 Adelson PD, Bratton SL, Carney, NA, Chesnut RM, du Coudray HE, Goldstein B, Kochanek PM, Miller HC, Partington MD, Selden NR, Warden CR, Wright DW. uidelines for the acute medical management of severe traumatic brain injury in infants, children, and adolescents. Chapter 6. Threshold for treatment of intracranial hypertension. (2003a). Pediatr Crit Care Med 4:S25-S27.",3,7/20/13,,,,,,,,,Y,Supplemental,Y,Supplemental  ,,,Disease/Injury Related Events,Second Insults,,TBI Injury: History of Secondary Insults,FALSE,CA,,,
C05455,Hypothermia indicator,HypothermInd,,Indicator of hypothermia. Hypothermia is defined as core temperature < 35 degrees Celsius,NINDS,,NINDS,,,Did participant/subject experience hypothermia?,Value List,Alphanumeric,cde,FALSE,"Choose one. Add date stamp for when assessed. Recommend collection at least during initial medical treatment.  Second insults may be systemic (extracranial or intracranial). Second insults aggravate processes of secondary damage in a brain already rendered vulnerable by the primary injury. The occurrence of second insults occurring before hospital admission in patients with more severe injuries, is frequent: oxygen saturation below 90% is found in 44 to 55% of cases and hypotension in 20 to 30%. The occurrence of second insults is strongly associated with poorer outcome. Hypoxia, hypotension and inadvertent hypocapnia are the most frequent causes of jugular desaturations, and periods of low brain tissue oxygen tension. The depth and duration of systemic second insults during the clinical course is related to poorer outcome.",Single Pre-Defined Value Selected,collected,,Yes|No|Unknown|Suspected,Yes|No|Unknown|Suspected,,,,,,,,Adult | Pediatric,9wc2JQP0m3v,NINDS:C05455|BRICS Variable Name:HypothermInd|NLM:9wc2JQP0m3v,,,,,,,"McHugh GS, Engel DC, Butcher I, et al. Prognostic value of secondary insults in traumatic brain injury: results from the IMPACT study. J Neurotrauma. Feb 2007;24(2):287-93. Silverstone P. Pulse oxymetry of at the road side: a study of pulse oxymetry in immediate care. BMJ. Mar 1989;298(6675):711-13. Stocchetti N, Furlan A, Volta F. Hypoxemia and arterial hypotension at the accident side in head injury. J Trauma. 1996;40:764-67.  De Witt DS, Jenkins LW, Prough DS. Enhanced vulnerability to secondary ischemic insults after experimental traumatic brain injury. New Horizon. Aug 1995;3(3):376-383.",3,7/20/13,,,,,,,,,Y,Supplemental,Y,Supplemental  ,,,Disease/Injury Related Events,Second Insults,,TBI Injury: History of Secondary Insults,FALSE,CA,,,
C05456,Hyperthermia indicator,HyperthermInd,,Indicator of hyperthermia. Hyperthermia is defined as core temperature > 38 degrees Celsius,NINDS,,NINDS,,,Did participant/subject experience hyperthermia?,Value List,Alphanumeric,cde,FALSE,"Choose one. This element is recommended for pediatric studies. Second insults may aggravate processes of secondary damage in a brain already rendered vulnerable by the primary injury. The main physiologic insults relevant to TBI are hypotension, hyper- or hypothermia, hypoxia, and hypocapnia due to hyperventilation. The adverse effect of the occurrence of such insults both pre- and in-hospital is well established.  Second insults are commonly defined by threshold values but these values are not well established in pediatrics. Based on the available data for pediatric TBI , thresholds of 80-180 mg/dL for glucose are recommended. A threshold for hemoglobin is more difficult to define given emerging data on the lower limit of hemoglobin safely tolerated by critically ill children in general and the variable effect of blood transfusion in children with severe TBI specifically.",Single Pre-Defined Value Selected,collected,,Yes|No|Unknown|Suspected,Yes|No|Unknown|Suspected,,,,,,,,Adult | Pediatric,gQDSMhzxy91,NINDS:C05456|BRICS Variable Name:HyperthermInd|NLM:gQDSMhzxy91,,,,,,,"McHugh GS, Engel DC, Butcher I, et al. Prognostic value of secondary insults in traumatic brain injury: results from the IMPACT study. J Neurotrauma. Feb 2007;24(2):287-93. Signorini DF, Andrews PJ, Jones PA, et al. Adding insult to injury: the prognostic value of early secondary insults for survival after traumatic brain injury. J Neurol Neurosurg Psychiatry. Jan 1999;66(1):26-31 Adelson PD, Bratton SL, Carney, NA, Chesnut RM, du Coudray HE, Goldstein B, Kochanek PM, Miller HC, Partington MD, Selden NR, Warden CR, Wright DW. uidelines for the acute medical management of severe traumatic brain injury in infants, children, and adolescents. Chapter 6. Threshold for treatment of intracranial hypertension. (2003a). Pediatr Crit Care Med 4:S25-S27.",3,7/20/13,,,,,,,,,Y,Supplemental,Y,Supplemental  ,,,Disease/Injury Related Events,Second Insults,,TBI Injury: History of Secondary Insults,FALSE,CA,,,
C05458,Inadvertent hypocapnia indicator,InadvertHypocapniaInd,,"Indicator of inadvertent hypocapnia episode. Inadvertent hypocapnia is defined as the partial pressure of carbon dioxide in the blood (paCo2) <= 25 mmHg (3.3 kPa), not deliberately employed to treat elevated intracranial pressure",NINDS,,NINDS,,,Did participant/subject experience an inadvertent hypocapnia episode?,Value List,Alphanumeric,cde,FALSE,"Choose one. Response obtained from medical charts and/or patient data management system. Add date stamp for when assessed. Recommend collection at least during initial medical treatment.  Many types of second insults may occur in the in-hospital situation, both systemic and intracranial. Systemic second insults may for example also include episodes of hypoglaecemia, hyponatremia, hypernatremia, hyperthermia and many more. We chose to recommend to document the clinically most relevant and frequently occurring second insults: hypoxia, hypotension, inadvertent hypocapnia and seizure activity. Hypoxia, hypotension and inadvertent hypocapnia are the most frequent causes of jugular desaturations, and periods of low brain tissue oxygen tension. The depth and duration of systemic second insults during the clinical course is related to poorer outcome. In the intensive care environment with continuous monitoring, accurate detection of the number and duration of episodes of second insults should be possible. Thus permitting an accurate documentation of the number, depth and duration of these insults individually and summated per insult over a given period. Unfortunately, most commercially available monitoring systems do not include dedicated software to facilitate this approach. We therefore recommend to simply document the occurrence of second insults, differentiating single episodes of short duration from multiple episodes or those of more prolonged duration, as these latter may have more profound effects in aggravating secondary brain damage.   Pediatric-specific notes:  Second insults are commonly defined by threshold values but these values are not well established in pediatrics. Based on the available data for pediatric TBI , thresholds of 80-180 mg/dL for glucose are recommended. A threshold for hemoglobin is more difficult to define given emerging data on the lower limit of hemoglobin safely tolerated by critically ill children in general and the variable effect of blood transfusion in children with severe TBI specifically.",Single Pre-Defined Value Selected,collected,,Yes|No|Unknown|Suspected,Yes|No|Unknown|Suspected,,,,,,,,Adult | Pediatric,kunusyM1AQf,NINDS:C05458|BRICS Variable Name:InadvertHypocapniaInd|NLM:kunusyM1AQf,,,,,,,"McHugh GS, Engel DC, Butcher I, et al. Prognostic value of secondary insults in traumatic brain injury: results from the IMPACT study. J Neurotrauma. Feb 2007;24(2):287-93. Signorini DF, Andrews PJ, Jones PA, et al. Adding insult to injury: the prognostic value of early secondary insults for survival after traumatic brain injury. J Neurol Neurosurg Psychiatry. Jan 1999;66(1):26-31  Pediatric reference: Adelson PD, Bratton SL, Carney, NA, Chesnut RM, du Coudray HE, Goldstein B, Kochanek PM, Miller HC, Partington MD, Selden NR, Warden CR, Wright DW. uidelines for the acute medical management of severe traumatic brain injury in infants, children, and adolescents. Chapter 6. Threshold for treatment of intracranial hypertension. (2003a). Pediatr Crit Care Med 4:S25-S27.",3,7/20/13,,,,,,,,,Y,Supplemental,Y,Supplemental  ,,,Disease/Injury Related Events,Second Insults,,TBI Injury: History of Secondary Insults,FALSE,CA,,,
C05464,Hyperventilation indicator,HyperventInd,,"Indicator of hyperventilation. Hyperventilation is defined as rapid, deep breathing, possibly exceeding 40 breaths/minute",NINDS,,NINDS,,,Did participant/subject experience hyperventilation?,Value List,Alphanumeric,cde,FALSE,Choose one. Response is obtained from medical charts and/or patient data management system.,Single Pre-Defined Value Selected,collected,,Yes|No|Unknown|Suspected,Yes|No|Unknown|Suspected,,,,,,,,Adult | Pediatric,TYVZ9tKg4d7,NINDS:C05464|BRICS Variable Name:HyperventInd|NLM:TYVZ9tKg4d7,,,,,,,"Chesnut RM, Marshall LF, Klauber MR, Blunt BA, Baldwin N, Eisenberg HM, Jane JA, Marmarou A, Foulkes MA. The role of secondary brain injury in determining outcome from severe head injury. J Trauma. 1993 Feb;34(2):216-22. McHugh GS, Engel DC, Butcher I, et al. Prognostic value of secondary insults in traumatic brain injury: results from the IMPACT study. J Neurotrauma. Feb 2007;24(2):287-93. Signorini DF, Andrews PJ, Jones PA, et al. Adding insult to injury: the prognostic value of early secondary insults for survival after traumatic brain injury. J Neurol Neurosurg Psychiatry. Jan 1999;66(1):26-31 Adelson PD, Bratton SL, Carney, NA, Chesnut RM, du Coudray HE, Goldstein B, Kochanek PM, Miller HC, Partington MD, Selden NR, Warden CR, Wright DW. uidelines for the acute medical management of severe traumatic brain injury in infants, children, and adolescents. Chapter 6. Threshold for treatment of intracranial hypertension. (2003a). Pediatr Crit Care Med 4:S25-S27.",3,7/20/13,,,,,,,,,Y,Supplemental,Y,Supplemental  ,,,Disease/Injury Related Events,Second Insults,,TBI Injury: History of Secondary Insults,FALSE,CA,,,
C05465,Aspiration indicator,AspiratnInd,,Indicator of foreign material breathed into the airway,NINDS,,NINDS,,,Did participant/subject experience aspiration of foreign materials?,Value List,Alphanumeric,cde,FALSE,"Choose one. Response is obtained from medical charts and/or patient data management system.  This element is recommended for pediatric studies. Second insults may aggravate processes of secondary damage in a brain already rendered vulnerable by the primary injury. The main physiologic insults relevant to TBI are hypotension, hyper- or hypothermia, hypoxia, and hypocapnia due to hyperventilation. The adverse effect of the occurrence of such insults both pre- and in-hospital is well established.  Second insults are commonly defined by threshold values but these values are not well established in pediatrics. Based on the available data for pediatric TBI , thresholds of 80-180 mg/dL for glucose are recommended. A threshold for hemoglobin is more difficult to define given emerging data on the lower limit of hemoglobin safely tolerated by critically ill children in general and the variable effect of blood transfusion in children with severe TBI specifically.",Single Pre-Defined Value Selected,collected,,Yes|No|Unknown|Suspected,Yes|No|Unknown|Suspected,,,,,,,,Adult | Pediatric,UGpV9wQhUFE,NINDS:C05465|BRICS Variable Name:AspiratnInd|NLM:UGpV9wQhUFE,,,,,,,"Chesnut RM, Marshall LF, Klauber MR, Blunt BA, Baldwin N, Eisenberg HM, Jane JA, Marmarou A, Foulkes MA. The role of secondary brain injury in determining outcome from severe head injury. J Trauma. 1993 Feb;34(2):216-22. McHugh GS, Engel DC, Butcher I, et al. Prognostic value of secondary insults in traumatic brain injury: results from the IMPACT study. J Neurotrauma. Feb 2007;24(2):287-93. Signorini DF, Andrews PJ, Jones PA, et al. Adding insult to injury: the prognostic value of early secondary insults for survival after traumatic brain injury. J Neurol Neurosurg Psychiatry. Jan 1999;66(1):26-31 Adelson PD, Bratton SL, Carney, NA, Chesnut RM, du Coudray HE, Goldstein B, Kochanek PM, Miller HC, Partington MD, Selden NR, Warden CR, Wright DW. uidelines for the acute medical management of severe traumatic brain injury in infants, children, and adolescents. Chapter 6. Threshold for treatment of intracranial hypertension. (2003a). Pediatr Crit Care Med 4:S25-S27.",3,7/20/13,,,,,,,,,Y,Supplemental,Y,Supplemental  ,,,Disease/Injury Related Events,Second Insults,,TBI Injury: History of Secondary Insults,FALSE,CA,,,
C05127,Intracranial surgery indicator,IntracrnlPrcdrsInd,,Indicator of whether the participant/subject underwent intracranial procedures as part of treatment,NINDS,,NINDS,,,Were any intracranial procedures performed on participant/subject?,Value List,Alphanumeric,cde,FALSE,Choose one.,Single Pre-Defined Value Selected,collected,,Yes|No|Unknown,Yes|No|Unknown,,,,,,,,Adult | Pediatric,W9pMAp72Ctx,NINDS:C05127|BRICS Variable Name:IntracrnlPrcdrsInd|NLM:W9pMAp72Ctx,,,,,,,No references available,3,7/20/13,,Core,,,,,,,Y,Basic,Y,Core,,,Treatment/Intervention Data,Surgeries and Other Procedures,,TBI Treatment History: At Time of Injury,FALSE,CA,intraoperative management,,
C05128,Intracranial procedure type,IntracrnlPrcdrsTyp,,Type of intracranial procedures participant/subject underwent as part of treatment,NINDS,Intracranial Procedure,NINDS,,,Intracranial procedures type,Value List,Alphanumeric,cde,FALSE,Choose all that apply.,Multiple Pre-Defined Values Selected,collected,,"Lobectomy|Evacuate SDH Subdural|Evacuate EH Epidural|Evacuate IH Intracranial|Abscess drainage|VP shunt programmable|VP shunt Non-programmable|Shunt revision|Cranioplasty|Decompression Craniectomy|Craniotomy|Brain debridement|None|Unknown|Other, specify","Lobectomy|Evacuate SDH Subdural|Evacuate EH Epidural|Evacuate IH Intracranial|Abscess drainage|VP shunt programmable|VP shunt Non-programmable|Shunt revision|Cranioplasty|Decompression Craniectomy|Craniotomy|Brain debridement|None|Unknown|Other, specify",,,,,,,,Adult | Pediatric,BUABmnt0VM4,NINDS:C05128|BRICS Variable Name:IntracrnlPrcdrsTyp|NLM:BUABmnt0VM4,,,,,,,No references available,3,7/20/13,,,,,,,,,Y,Supplemental,Y,Recommended,,,Treatment/Intervention Data,Surgeries and Other Procedures,,TBI Treatment History: At Time of Injury,FALSE,CA,intraoperative management,,
C18660,Intracranial procedure type other text,IntracrnlPrcdrsTypOthrTxt,,Specify in text for the intracranial procedure type if it is not listed above,NINDS,Intracranial Procedure,NINDS,,,"Other, specify",Text,Alphanumeric,cde,FALSE,,Free-Form Entry,collected,,,,,,,,255,,,Adult | Pediatric,DYeDWTAd17e,NINDS:C18660|BRICS Variable Name:IntracrnlPrcdrsTypOthrTxt|NLM:DYeDWTAd17e,,,,,,,,3,7/20/13,,,,,,,,,Y,Supplemental,Y,Recommended,,,Treatment/Intervention Data,Surgeries and Other Procedures,,TBI Treatment History: At Time of Injury,FALSE,CA,intraoperative management,,
C01500,Airway treatment type,AirwyTrtmtTyp,,Type of treatment or procedures the participant/subject received to support airway/ breathing,NINDS,,NINDS,,,Airway treatment type,Value List,Alphanumeric,cde,FALSE,Choose all that apply.,Multiple Pre-Defined Values Selected,collected,,"Supplemental oxygen|Adjunctive airway|Temporary support with bag, valve, mask|Intubation|Mechanical ventilation|Unknown|No specific treatment","providing oxygen via nasal canula, oxygen mask or any other external oxygen source.|Examples are the mayo device, combitube or LME.|No specific treatment",,,,,,,,Adult | Pediatric,XjRTOFeS4tD,NINDS:C01500|BRICS Variable Name:AirwyTrtmtTyp|NLM:XjRTOFeS4tD,,,,,,,"Murray GD, Butcher I, McHugh GS, et al. Multivariable prognostic analysis in traumatic brain injury: results from the IMPACT study. J Neurotrauma. Feb 2007;24(2):329-337. Chesnut RM,  Marshall LF, Klauber MR, et al. The role of secondary brain injury in determining outcome from severe head injury. J Trauma. Feb 1993;34(2):216-222. Brain Trauma Foundation, American Association of Neurological Surgeons (AANS), Congress of Neurological Surgeons (CNS), AANS/CNS Joint Section on Neurotrauma and Critical Care: Guidelines for the management of severe traumatic brain injury. I. Blood pressure and oxygenation. J Neurotrauma 2007; 24 (Suppl 1): S7-S13. Davis, DP. Early ventilation in traumatic brain injury. Resuscitation. Mar 2008;76(3):333-340.",3,7/20/13,,,,,,,,,Y,Supplemental,Y,Supplemental  ,,,Treatment/Intervention Data,Surgeries and Other Procedures,,TBI Treatment History: At Time of Injury,FALSE,CA,intraoperative management,,
C05140,American Society of Anesthesiologists standard monitors used type,ASAStdMonitorsUsedType,,Type of standard American Society of Anesthesiologists (ASA) monitors used,NINDS,,NINDS,,,ASA monitor type,Value List,Alphanumeric,cde,FALSE,Choose all that apply.,Multiple Pre-Defined Values Selected,collected,,BP|ECG|SaO2,BP|ECG|SaO2,,,,,,,,Adult | Pediatric,Qc76XO7yN4A,NINDS:C05140|BRICS Variable Name:ASAStdMonitorsUsedType|NLM:Qc76XO7yN4A,,,,,,,No references available,3,7/20/13,,,,,,,,,Y,Supplemental,Y,Recommended,,,Treatment/Intervention Data,Surgeries and Other Procedures,,TBI Treatment History: At Time of Injury,FALSE,CA,intraoperative management,,
C01558,Partial pressure oxygen brain tissue measurement,PPO2BrainTissMeasr,,Measurement of how much oxygen is dissolved in the brain tissue (PbtO2),NINDS,,NINDS,,,Partial pressure oxygen brain tissue measurement (mmHg),Number,Numeric Values,cde,FALSE,Capture in millimeters of mercury (mmHg),Free-Form Entry,collected,,,,,,,mmHG,,0,300,Adult | Pediatric,XyP4mDxSCz,NINDS:C01558|BRICS Variable Name:PPO2BrainTissMeasr|NLM:XyP4mDxSCz,,,,,,,No references available,5,1/25/17,,,,,,,,,Y,Supplemental,Y,Recommended,,,Treatment/Intervention Data,Surgeries and Other Procedures,,TBI Treatment History: At Time of Injury,FALSE,CA,intraoperative management,,
C05141,Volatile intravenous anesthesia indicator,VolatileIntravenAnesthesiaInd,,Indicator of volatile or intravenous anesthesia given to the participant/subject,NINDS,,NINDS,,,Volatile intravenous anesthesia given,Value List,Alphanumeric,cde,FALSE,Choose one.,Single Pre-Defined Value Selected,collected,,Yes|No|Unknown,Yes|No|Unknown,,,,,,,,Adult | Pediatric,EpzjfrMoWBe,NINDS:C05141|BRICS Variable Name:VolatileIntravenAnesthesiaInd|NLM:EpzjfrMoWBe,,,,,,,No references available,3,7/20/13,,,,,,,,,Y,Supplemental,Y,Recommended,,,Treatment/Intervention Data,Surgeries and Other Procedures,,TBI Treatment History: At Time of Injury,FALSE,CA,intraoperative management,,
C05142,Arterial line indicator,ArterialLineInd,,Indicator of an arterial line used to administer medication,NINDS,,NINDS,,,Arterial line used,Value List,Alphanumeric,cde,FALSE,Choose one.,Single Pre-Defined Value Selected,collected,,Yes|No|Unknown,Yes|No|Unknown,,,,,,,,Adult | Pediatric,sc0eU8sXd7O,NINDS:C05142|BRICS Variable Name:ArterialLineInd|NLM:sc0eU8sXd7O,,,,,,,No references available,3,7/20/13,,,,,,,,,Y,Supplemental,Y,Recommended,,,Treatment/Intervention Data,Surgeries and Other Procedures,,TBI Treatment History: At Time of Injury,FALSE,CA,intraoperative management,,
C05144,Foley catheter indicator,FoleyCathInd,,Indicator of foley catheter used for the participant/subject,NINDS,,NINDS,,,Foley catheter used,Value List,Alphanumeric,cde,FALSE,Choose one.,Single Pre-Defined Value Selected,collected,,Yes|No|Unknown,Yes|No|Unknown,,,,,,,,Adult | Pediatric,0z7ebFyqN2N,NINDS:C05144|BRICS Variable Name:FoleyCathInd|NLM:0z7ebFyqN2N,,,,,,,No references available,3,7/20/13,,,,,,,,,Y,Supplemental,Y,Recommended,,,Treatment/Intervention Data,Surgeries and Other Procedures,,TBI Treatment History: At Time of Injury,FALSE,CA,intraoperative management,,
C05147,Transfusion indicator,TransfusionInd,,Indicator of transfusion performed on participant/subject,NINDS,,NINDS,,,Transfusion performed,Value List,Alphanumeric,cde,FALSE,Choose one.,Single Pre-Defined Value Selected,collected,,Yes|No|Unknown,Yes|No|Unknown,,,,,,,,Adult | Pediatric,F3h2A5aj93e,NINDS:C05147|BRICS Variable Name:TransfusionInd|NLM:F3h2A5aj93e,,,,,,,No references available,3,7/20/13,,,,,,,,,Y,Supplemental,Y,Recommended,,,Treatment/Intervention Data,Surgeries and Other Procedures,,TBI Treatment History: At Time of Injury,FALSE,CA,intraoperative management,,
C05148,Transfusion type,TransfusionType,,Type of transfusion performed,NINDS,,NINDS,,,Transfusion type,Value List,Alphanumeric,cde,FALSE,"Choose one. If transfusion indicated, specify type",Single Pre-Defined Value Selected,collected,,FFP|Platelet|cryoppt|pRBC,FFP|Platelet|cryoppt|pRBC,,,,,,,,Adult | Pediatric,m81mF6rHOPg,NINDS:C05148|BRICS Variable Name:TransfusionType|NLM:m81mF6rHOPg,,,,,,,No references available,3,7/20/13,,,,,,,,,Y,Supplemental,Y,Recommended,,,Treatment/Intervention Data,Surgeries and Other Procedures,,TBI Treatment History: At Time of Injury,FALSE,CA,intraoperative management,,
C05149,End of case extubated indicator,EndOfCaseExtubateInd,,Indicator that participant/subject was extubated at end of case,NINDS,,NINDS,,,Extubated at end of case,Value List,Alphanumeric,cde,FALSE,Choose one.,Single Pre-Defined Value Selected,collected,,Yes|No|Unknown,Yes|No|Unknown,,,,,,,,Adult | Pediatric,yBWAGKTTt8r,NINDS:C05149|BRICS Variable Name:EndOfCaseExtubateInd|NLM:yBWAGKTTt8r,,,,,,,No references available,3,7/20/13,,,,,,,,,Y,Supplemental,Y,Recommended,,,Treatment/Intervention Data,Surgeries and Other Procedures,,TBI Treatment History: At Time of Injury,FALSE,CA,intraoperative management,,
C05150,Microdialysis glutamate value,MicrodialGlutamateVal,,Value of glutamate as obtained by microdialysis,NINDS,,NINDS,,,Microdialysis glutamate value,Number,Numeric Values,cde,FALSE,,Free-Form Entry,collected,,,,,,,,,,,Adult | Pediatric,6cq8S1eDGyy,NINDS:C05150|BRICS Variable Name:MicrodialGlutamateVal|NLM:6cq8S1eDGyy,,,,,,,No references available,3,7/20/13,,,,,,,,,Y,Supplemental,Y,Recommended,,,Treatment/Intervention Data,Surgeries and Other Procedures,,TBI Treatment History: At Time of Injury,FALSE,CA,intraoperative management,,
C05151,Microdialysis lactate to pyruvate ratio value,MicrodialLactatPyruvatRatioVal,,Value of lactate to pyruvate ratio as obtained by microdialysis,NINDS,,NINDS,,,Microdialysis lactate to pyruvate ratio value,Number,Numeric Values,cde,FALSE,,Free-Form Entry,collected,,,,,,,,,,,Adult | Pediatric,xb4jWf5HXSc,NINDS:C05151|BRICS Variable Name:MicrodialLactatPyruvatRatioVal|NLM:xb4jWf5HXSc,,,,,,,No references available,3,7/20/13,,,,,,,,,Y,Supplemental,Y,Recommended,,,Treatment/Intervention Data,Surgeries and Other Procedures,,TBI Treatment History: At Time of Injury,FALSE,CA,intraoperative management,,
C05156,Cerebral spinal fluid drainage indicator,CSFDrainageInd,,Indicator of cerebral spinal fluid (CSF) drainage,NINDS,,NINDS,,,Cerebral spinal fluid drainage indicated,Value List,Alphanumeric,cde,FALSE,Choose one.,Single Pre-Defined Value Selected,collected,,Yes|No|Unknown,Yes|No|Unknown,,,,,,,,Adult | Pediatric,yu6qzjxF2R1,NINDS:C05156|BRICS Variable Name:CSFDrainageInd|NLM:yu6qzjxF2R1,,,,,,,No references available,3,7/20/13,,,,,,,,,Y,Supplemental,Y,Recommended,,,Treatment/Intervention Data,Surgeries and Other Procedures,,TBI Treatment History: At Time of Injury,FALSE,CA,intraoperative management,,
C01566,Intracranial pressure monitoring start date and time,ICPMonitorStartDateTime,,"Date (and time, if applicable and known) the intracranial pressure (ICP) monitoring began",NINDS,,NINDS,,,ICP monitoring start date and time,Datetime,Date or Date & Time,cde,FALSE,"Record the date/time according to the ISO 8601, the International Standard for the representation of dates and times (http://www.iso.org/iso/home.html).  The date/time should be recorded to the level of granularity known (e.g., year, year and month, complete date plus hours and minutes, etc.).",Free-Form Entry,collected,,,,,,,,,,,Adult | Pediatric,4PS5YCsd4Wv,NINDS:C01566|BRICS Variable Name:ICPMonitorStartDateTime|NLM:4PS5YCsd4Wv,,,,,,,Guidelines for the management of severe traumatic brain injury. VII. Intracranial pressure monitoring technology. J Neurotrauma. 2007;24 Suppl 1:S45-54.,3,7/20/13,,,,,,,,,Y,Supplemental,Y,Supplemental  ,,,Assessments and Examinations,Vital Signs and Other Body Measures,,TBI Treatment History: At Time of Injury,FALSE,CA,icp,,
C01567,Intracranial pressure monitoring stopped reason,ICPMonitorStopRsn,,Primary reason the intracranial pressure (ICP) monitoring of the participant/subject was stopped,NINDS,,NINDS,,,Reason ICP monitoring was stopped,Value List,Alphanumeric,cde,FALSE,Choose one. Documentation of the reason for stopping monitoring is relevant when interpreting measured values and their relation to therapy intensity.,Single Pre-Defined Value Selected,collected,,Clinically improved/no longer required|Patient considered unsalvageable/futility|Monitor/catheter failure|Patient died|Unknown,Clinically improved/no longer required|Patient considered unsalvageable/futility|Monitor/catheter failure|Patient died|Unknown,,,,,,,,Adult | Pediatric,5Ym0r9rMCpe,NINDS:C01567|BRICS Variable Name:ICPMonitorStopRsn|NLM:5Ym0r9rMCpe,,,,,,,Guidelines for the management of severe traumatic brain injury. VII. Intracranial pressure monitoring technology. J Neurotrauma. 2007;24 Suppl 1:S45-54.,3,7/20/13,,,,,,,,,Y,Supplemental,Y,Supplemental  ,,,Assessments and Examinations,Vital Signs and Other Body Measures,,TBI Treatment History: At Time of Injury,FALSE,CA,icp,,
C01569,Intracranial pressure monitoring problem type,ICPMonitorProbType,,Type of problem experienced when monitoring the participant's/subject's intracranial pressure (ICP) which may lead to inaccurate interpretation of measured values.,NINDS,ICP Monitoring Problem,NINDS,,,Type of problem experienced during ICP monitoring,Value List,Alphanumeric,cde,FALSE,Choose all that apply. Recommend collection on a daily basis. Measured values may be influenced by catheter malfunction. It is therefore highly important to document possible problems in ICP monitoring.,Multiple Pre-Defined Values Selected,collected,,"Catheter obstruction/failure|Suspicion of inaccurate measurement|Accidental catheter removal|Other, specify|None","Catheter obstruction/failure|Suspicion of inaccurate measurement|Accidental catheter removal|Other, specify|None",,,,,,,,Adult | Pediatric,2zKsPSCo3ya,NINDS:C01569|BRICS Variable Name:ICPMonitorProbType|NLM:2zKsPSCo3ya,,,,,,,Smith M. Monitoring intracranial pressure in traumatic brain injury. Anesth Analg. Jan 2008;106(1):240-248.,3,7/20/13,,,,,,,,,Y,Supplemental,Y,Supplemental  ,,,Assessments and Examinations,Vital Signs and Other Body Measures,,TBI Treatment History: At Time of Injury,FALSE,CA,icp,,
C18727,Intracranial pressure monitoring problem other text,ICPMonitorProbOTH,,The free-text field related to 'Intracranial pressure monitoring problem type' specifying other text. Type of problem experienced when monitoring the participant's/subject's intracranial pressure (ICP) which may lead to inaccurate interpretation of measured values,NINDS,ICP Monitoring Problem,NINDS,,,Other,Text,Alphanumeric,cde,FALSE,Choose all that apply. Recommend collection on a daily basis. Measured values may be influenced by catheter malfunction. It is therefore highly important to document possible problems in ICP monitoring.,Free-Form Entry,collected,,,,,,,,4000,,,Adult | Pediatric,Z2QNzqaOqdK,NINDS:C18727|BRICS Variable Name:ICPMonitorProbOTH|NLM:Z2QNzqaOqdK,,,,,,,Smith M. Monitoring intracranial pressure in traumatic brain injury. Anesth Analg. Jan 2008;106(1):240-248.,1,5/27/14,,,,,,,,,Y,Supplemental,Y,Supplemental  ,,,Assessments and Examinations,Vital Signs and Other Body Measures,,TBI Treatment History: At Time of Injury,FALSE,CA,icp,,
C01568,Intracranial pressure monitoring stop date and time,ICPMonitorStopDateTime,,"Date (and time, if applicable and known) the intracranial pressure (ICP) catheter was removed from the participant/subject and the ICP monitoring was stopped",NINDS,,NINDS,,,ICP monitoring stop date and time,Datetime,Date or Date & Time,cde,FALSE,"Record the date/time according to the ISO 8601, the International Standard for the representation of dates and times (http://www.iso.org/iso/home.html).  The date/time should be recorded to the level of granularity known (e.g., year, year and month, complete date plus hours and minutes, etc.).",Free-Form Entry,collected,,,,,,,,,,,Adult | Pediatric,uAyPWdD3VJS,NINDS:C01568|BRICS Variable Name:ICPMonitorStopDateTime|NLM:uAyPWdD3VJS,,,,,,,Guidelines for the management of severe traumatic brain injury. VII. Intracranial pressure monitoring technology. J Neurotrauma. 2007;24 Suppl 1:S45-54.,3,7/20/13,,,,,,,,,Y,Supplemental,Y,Supplemental  ,,,Assessments and Examinations,Vital Signs and Other Body Measures,,TBI Treatment History: At Time of Injury,FALSE,CA,icp,,
C01570,Intracranial pressure catheter revised indicator,ICPCathetrReviseInd,,Indicator of whether the intracranial pressure (ICP) catheter was revised due to problems with ICP monitoring which may lead to inaccurate interpretation of measured values.,NINDS,,NINDS,,,Was the intracranial pressure catheter indicator revised?,Value List,Alphanumeric,cde,FALSE,Choose one. To be completed on a daily basis.  Measured values may be influenced by catheter malfunction. It is therefore highly important to document possible problems in ICP monitoring.,Single Pre-Defined Value Selected,collected,,Yes|No|Unknown,Yes|No|Unknown,,,,,,,,Adult | Pediatric,o1Q4Y_D94Vw,NINDS:C01570|BRICS Variable Name:ICPCathetrReviseInd|NLM:o1Q4Y_D94Vw,,,,,,,Smith M. Monitoring intracranial pressure in traumatic brain injury. Anesth Analg. Jan 2008;106(1):240-248.,3,7/20/13,,,,,,,,,Y,Supplemental,Y,Supplemental  ,,,Assessments and Examinations,Vital Signs and Other Body Measures,,TBI Treatment History: At Time of Injury,FALSE,CA,icp,,
C01571,Intracranial pressure catheter anatomic site,ICPCathetrAnatSite,,Anatomic site where the intracranial pressure (ICP) catheter is implanted in the participant/subject,NINDS,ICP Catheter Site,NINDS,,,Intracranial pressure catheter atomic site,Value List,Alphanumeric,cde,FALSE,Choose one. The reliability and comparability of measured values may in part depend on the device used.,Single Pre-Defined Value Selected,collected,,"Intraparenchymal|Epidural|Intraventricular|Subdural|Other, specify","Intraparenchymal|Epidural|Intraventricular|Subdural|Other, specify",,,,,,,,Adult | Pediatric,Yyd4YF0GbbH,NINDS:C01571|BRICS Variable Name:ICPCathetrAntmicSite|NLM:Yyd4YF0GbbH,,,,,,,Guidelines for the management of severe traumatic brain injury. VII. Intracranial pressure monitoring technology. J Neurotrauma. 2007;24 Suppl 1:S45-54.,3.1,7/11/22,,,,,,,,,Y,Supplemental,Y,Supplemental  ,,,Assessments and Examinations,Vital Signs and Other Body Measures,,TBI Treatment History: At Time of Injury,FALSE,CA,icp,,
C18725,Intracranial pressure catheter anatomic site other text,ICPCathetrAnatSiteOTH,,The free-text field related to 'Intracranial pressure catheter anatomic site' specifying other text. Anatomic site where the intracranial pressure (ICP) catheter is implanted in the participant/subject,NINDS,ICP Catheter Site,NINDS,,,Other,Text,Alphanumeric,cde,FALSE,Choose one. The reliability and comparability of measured values may in part depend on the device used.,Free-Form Entry,collected,,,,,,,,4000,,,Adult | Pediatric,rE9AWyNYCQG,NINDS:C18725|BRICS Variable Name:ICPCathetrAnatSiteOTH|NLM:rE9AWyNYCQG,,,,,,,Guidelines for the management of severe traumatic brain injury. VII. Intracranial pressure monitoring technology. J Neurotrauma. 2007;24 Suppl 1:S45-54.,1,5/27/14,,,,,,,,,Y,Supplemental,Y,Supplemental  ,,,Assessments and Examinations,Vital Signs and Other Body Measures,,TBI Treatment History: At Time of Injury,FALSE,CA,icp,,
C01572,Intracranial pressure device type,ICPDeviceType,,Type of intracranial pressure (ICP) device implanted in the participant/subject,NINDS,ICP Device,NINDS,,,Intracranial pressure device type,Value List,Alphanumeric,cde,FALSE,Choose one. The reliability and comparability of measured values may in part depend on the device used.,Single Pre-Defined Value Selected,collected,,"Intraparenchymal|Other, specify|Ventriculostomy|Epidural probe|Subarachnoid probe|Intra-parenchymal probe|Intra-ventricular catheter","Intraparenchymal|Other, specify|Ventriculostomy|Epidural probe|Subarachnoid probe|Intra-parenchymal probe (camino)|Intra-ventricular catheter (EVD)",,,,,,,,Adult | Pediatric,rNnU4hz1z4W,NINDS:C01572|BRICS Variable Name:ICPDeviceType|NLM:rNnU4hz1z4W,,,,,,,Guidelines for the management of severe traumatic brain injury. VII. Intracranial pressure monitoring technology. J Neurotrauma. 2007;24 Suppl 1:S45-54.,3,7/20/13,,,,,,,,,Y,Supplemental,Y,Supplemental  ,,,Assessments and Examinations,Vital Signs and Other Body Measures,,TBI Treatment History: At Time of Injury,FALSE,CA,icp,,
C18726,Intracranial pressure device other text,ICPDeviceOTH,,The free-text field related to 'Intracranial pressure device type' specifying other text. Type of intracranial pressure (ICP) device implanted in the participant/subject,NINDS,ICP Device,NINDS,,,Other,Text,Alphanumeric,cde,FALSE,Choose one. The reliability and comparability of measured values may in part depend on the device used.,Free-Form Entry,collected,,,,,,,,4000,,,Adult | Pediatric,5NYQhs4bQq1,NINDS:C18726|BRICS Variable Name:ICPDeviceOTH|NLM:5NYQhs4bQq1,,,,,,,Guidelines for the management of severe traumatic brain injury. VII. Intracranial pressure monitoring technology. J Neurotrauma. 2007;24 Suppl 1:S45-54.,1,5/27/14,,,,,,,,,Y,Supplemental,Y,Supplemental  ,,,Assessments and Examinations,Vital Signs and Other Body Measures,,TBI Treatment History: At Time of Injury,FALSE,CA,icp,,
C01573,Intracranial pressure measurement,ICPMeasr,,"Measurement of intracranial pressure (ICP), the amount of pressure that the cranium exerts on brain tissue, the brain's blood volume, and cerebrospinal fluid",NINDS,,NINDS,,,Intracranial  pressure measurement,Number,Numeric Values,cde,FALSE,Recommend collection during acute hospital care. The recommended reference range is -10 to 300 mmHg. Add date stamp for when assessed.,Free-Form Entry,collected,,,,,,,mmHG,,,,Adult | Pediatric,SKP8FrzdSUa,NINDS:C01573|BRICS Variable Name:ICPMeasr|NLM:SKP8FrzdSUa,,,,,,,"Guidelines for the management of severe traumatic brain injury. VIII. Intracranial pressure thresholds. J Neurotrauma. 2007;24 Suppl 1:S55-8. Vik A, Nag T, Fredriksli OA, et al. Relationship of dose"" of intracranial hypertension to outcome in severe traumatic brain injury. J Neurosurg. Oct 2008;109(4):678-684. Pediatric-specific  reference(s): Adelson P,  Bratton SL,  Carney NA,  Chesnut RM,  du Coudray HE,  Goldstein B, Kochanek PM,  Miller HC,  Partington MD,  Selden NR,  Warden CR, Wright DW.  Guidelines for the acute medical management of severe traumatic brain injury in infants,  children, and adolescents. Chapter 6. Threshold for treatment of intracranial hypertension. (2003a). Pediatr Crit Care Med 4:S25-S27."" ",4,1/25/17,,,,,,,,,Y,Supplemental,Y,Supplemental  ,,,Assessments and Examinations,Vital Signs and Other Body Measures,,TBI Treatment History: At Time of Injury,FALSE,CA,icp,,
C01574,Intracranial pressure maximum daily measurement,ICPMaxDailyMeasr,,Highest measurement of the participant's/ subject's intracranial pressure (ICP) over the 24-hour period,NINDS,,NINDS,,,Intracranial pressure maximum daily measurement,Number,Numeric Values,cde,FALSE,"The suggested range is -10 to 300 mmHg. Recommend collection during acute hospital care. Add date stamp for when assessed. It is recommended to document the highest ICP, zeroing the ICP monitor at the level of the foramen of Monro and to relate all hourly data to date and time of injury, as being the only fixed time event across patients. Monitoring for and treating raised ICP is an important element in the management of patients with severe TBI. Pediatric-specific notes: As a minimum, vital signs should be recorded on admission and further, on a daily basis during the acute phase after injury. For the Core datasets, we recommend recording the average and lowest blood pressure over a given period. In the ICU environment, recording blood pressure on an hourly basis is recommended, especially when intracranial pressure (ICP) is monitored in order to permit determination of CPP, calculated as mean arterial blood pressure (MABP) - ICP (intermediate data set).  For valid comparison of results between patients and across studies, a common approach towards zeroing the ICP monitor should be agreed upon. For fluid coupled systems we suggest that the ICP monitor be zeroed to the level of the foramen of Monro.",Free-Form Entry,collected,,,,,,,mmHG,,,,Adult | Pediatric,3FZeqPBzgGW,NINDS:C01574|BRICS Variable Name:ICPMaxDailyMeasr|NLM:3FZeqPBzgGW,,,,,,,"Guidelines for the management of severe traumatic brain injury. VIII. Intracranial pressure thresholds. J Neurotrauma. 2007;24 Suppl 1:S55-8. Vik A, Nag T, Fredriksli OA, et al. Relationship of dose"" of intracranial hypertension to outcome in severe traumatic brain injury. J Neurosurg. Oct 2008;109(4):678-684. Pediatric-specific  reference(s): Adelson P,  Bratton SL,  Carney NA,  Chesnut RM,  du Coudray HE,  Goldstein B, Kochanek PM,  Miller HC,  Partington MD,  Selden NR,  Warden CR, Wright DW.  Guidelines for the acute medical management of severe traumatic brain injury in infants,  children, and adolescents. Chapter 6. Threshold for treatment of intracranial hypertension. (2003a). Pediatr Crit Care Med 4:S25-S27."" ",4,1/25/17,,,,,,,,,Y,Supplemental,Y,Supplemental  ,,,Assessments and Examinations,Vital Signs and Other Body Measures,,TBI Treatment History: At Time of Injury,FALSE,CA,icp,,
C01575,Intracranial pressure mean daily measurement,ICPMeanDailyMeasr,,Mean measurement of the participant's/ subject's intracranial pressure (ICP) over the 24-hour period,NINDS,,NINDS,,,Intracranial pressure mean daily measurement,Number,Numeric Values,cde,FALSE,"The suggested range is -10 to 300 mmHg. Recommend collection during acute hospital care. Add date stamp for when assessed.  Record the average ICP on a daily basis. The average does not need to be the mathematical average of multiple measurements, but rather the value most representative of this 'daily' period. It is recommended to zero the ICP monitor at the level of the foramen of Monro and to relate all hourly data to date and time of injury, as being the only fixed time event across patients.Monitoring for and treating raised ICP is an important element in the management of patients with severe TBI.",Free-Form Entry,collected,,,,,,,mmHG,,,,Adult | Pediatric,TgupnUYYYjk,NINDS:C01575|BRICS Variable Name:ICPMeanDailyMeasr|NLM:TgupnUYYYjk,,,,,,,"Guidelines for the management of severe traumatic brain injury. VIII. Intracranial pressure thresholds. J Neurotrauma. 2007;24 Suppl 1:S55-8.
Vik A, Nag T, Fredriksli OA, et al. Relationship of dose"" of intracranial hypertension to outcome in severe traumatic brain injury. J Neurosurg. Oct 2008;109(4):678-684""",4,1/25/17,,,,,,,,,Y,Supplemental,Y,Supplemental  ,,,Assessments and Examinations,Vital Signs and Other Body Measures,,TBI Treatment History: At Time of Injury,FALSE,CA,icp,,
C01576,Intracranial pressure episode greater 20 mmHg longer 5 minutes count,ICPEps20mmHG5MinDurCt,,Count of episodes where the participant's/subject's intracranial pressure was greater than 20 mmHg lasting for longer than five minutes,NINDS,,NINDS,,,Intracranial pressure episodes greater than 20 mmHg lasting longer than five minutes,Number,Numeric Values,cde,FALSE,Recommend collection during acute hospital care. Add date stamp for when assessed.,Free-Form Entry,collected,,,,,,,,,,,Adult | Pediatric,GA7OQTKXHuR,NINDS:C01576|BRICS Variable Name:ICPEps20mmHG5MinDurCt|NLM:GA7OQTKXHuR,,,,,,,No references available,3,7/20/13,,,,,,,,,Y,Supplemental,Y,Supplemental  ,,,Assessments and Examinations,Vital Signs and Other Body Measures,,TBI Treatment History: At Time of Injury,FALSE,CA,icp,,
C01577,Intracranial pressure episode greater 20 mmHg count,ICPEpisodOver20mmHgCt,,Count of episodes where the participant's/subject's intracranial pressure was greater than 20 mmHg,NINDS,,NINDS,,,Intracranial pressure episodes greater than 20 mmHG,Number,Numeric Values,cde,FALSE,Recommend collection during acute hospital care. Add date stamp for when assessed.,Free-Form Entry,collected,,,,,,,,,,,Adult | Pediatric,dOmr7TDhBQS,NINDS:C01577|BRICS Variable Name:ICPEpisodOver20mmHgCt|NLM:dOmr7TDhBQS,,,,,,,No references available,3,7/20/13,,,,,,,,,Y,Supplemental,Y,Supplemental  ,,,Assessments and Examinations,Vital Signs and Other Body Measures,,TBI Treatment History: At Time of Injury,FALSE,CA,icp,,
C01578,Cerebral perfusion pressure value,CerebrlPerfusPressrVal,,Value of the difference between the Mean Arterial Pressure (MAP) and the Intracranial Pressure (ICP). It represents the pressure gradient driving cerebral blood flow and hence oxygen and metabolite delivery.,NINDS,,NINDS,,,Cerebral perfusion pressure value,Number,Numeric Values,cde,FALSE,"Calculate Cerebral Perfusion Pressure using the formula CPP = MABP- ICPThis element is recommended for pediatric studies. In the ICU environment, recording blood pressure on an hourly basis is recommended, especially when intracranial pressure (ICP) is monitored in order to permit determination of CPP, calculated as mean arterial blood pressure (MABP) - ICP (supplemental data set).",Free-Form Entry,collected,,,,,,,mmHG,,,,Adult | Pediatric,xBFfdq1RCug,NINDS:C01578|BRICS Variable Name:CerebrlPerfusPressrVal|NLM:xBFfdq1RCug,,,,,,,No references available,3,7/20/13,,,,,,,,,Y,Supplemental,Y,Supplemental  ,,,Assessments and Examinations,Vital Signs and Other Body Measures,,TBI Treatment History: At Time of Injury,FALSE,CA,icp,,
C01579,Cerebral perfusion pressure episodes lower 60 mmHg number,CerbrlPerfsnPrsrEpLwr60mmHgNum,,Number of episodes of critical cerebral perfusion pressure less than 60 mmHg,NINDS,,NINDS,,,Cerebral perfusion pressure episodes lower than 60 mmHg,Number,Numeric Values,cde,FALSE,Recommend collection during acute hospital care. Add date stamp for when assessed.,Free-Form Entry,collected,,,,,,,,,,,Adult | Pediatric,dbAJ3uySMR9,NINDS:C01579|BRICS Variable Name:CerbrlPerfsnPrsrEpLwr60mmHgNum|NLM:dbAJ3uySMR9,,,,,,,"Chambers, I., Jones, P., Lo, T., Forsyth, R., Fulton, B., Andrews, P., Mendelow, A., and Minns, R. (2006). Critical thresholds of intracranial pressure and cerebral perfusion pressure related to age in paediatric head injury. J. Neurol. Neurosurg. Psych. 77, 234-240.",3,7/20/13,,,,,,,,,Y,Supplemental,Y,Supplemental  ,,,Assessments and Examinations,Vital Signs and Other Body Measures,,TBI Treatment History: At Time of Injury,FALSE,CA,icp,,
C05137,TBI therapy intensity level global assessment code,TBITherapIntensLvlGlobAsesCod,,A summary measure for traumatic brain injury that captures a global categorization of therapy intensity level (TIL) over a given period.,NINDS,TIL,NINDS,,,Global categorization of therapy intensity level (TIL),Value List,Alphanumeric,cde,FALSE,Choose one.,Single Pre-Defined Value Selected,collected,,TIL 0|TIL 1 - Core ICU care|TIL 2 - Mild|TIL 3 - Moderate|TIL 4 - Extreme,"No specific ICP directed therapy|Sedation for ventilator/endotracheal tube tolerance, Volume/Vasoactives for non-CNS cause (e.g. sepsis, myocardial injury), Head-up positioning (ventilator bundle), Normcapnia (PaCO2 greater than or equal to 40 mmHg)|Higher levels of sedation, Vasopressors/volume for CPP support, Low dose osmotic therapy, Mild hypocapnia (PaCO2: 4.6 - 5.3 kPa|35 ‚Äì 40 mmHg), CSF drainage <120 ml/day (<5 ml/hr)|Higher doses of osmotic therapy, Moderate hypocapnia (PaCO2: 4.0 - 4.5 kPa|30 ‚Äì 35 mmHg), Mild hypothermia (>35¬∞C), CSF drainage greater than or equal to 120 ml/day (greater than or equal to 5 ml/hr)|Profound hypocapnia (PaCO2: <30 mmHg), Temperature <35¬∞C, Metabolic suppression with IV anesthetics, Surgery for refractory ICP (decompression/lobectomy)",,,,,,,,Adult | Pediatric,tYhj6DDs5Ed,NINDS:C05137|BRICS Variable Name:TBITherapIntensLvlGlobAsesCod|NLM:tYhj6DDs5Ed,,,,,,,No references available,3,7/20/13,,,,,,,,,Y,Supplemental,Y,Disease Supplemental  ,,,Treatment/Intervention Data,Therapies,,TBI Treatment History: Therapy and Rehab,FALSE,CA,,,
C05130,Therapy or rehabilitation type,TherpyRehabTyp,,Type of therapy or rehabilitation services received by the participant/subject.,NINDS,Outpatient Therapy or Rehab,NINDS,,,Type of Therapy or Rehabilitation ,Value List,Alphanumeric,cde,FALSE,"Choose all that apply.  Response is obtained from report by  the participant/subject, a reliable proxy or medical records. Add date stamp for when assessed. Recommend collection at end of initial medical care.  Service provision post-TBI is important to track as it is an indicator of health care resource utilization.",Multiple Pre-Defined Values Selected,collected,,"Out-patient rehabilitation|Non-specialized facility (in-patient)|Specialized rehab center (in-patient)|General rehab unit (in-patient)|TBI rehabilitation unit (in-patient)|General long term acute care unit (in-patient)|Geriatric rehab unit (in-patient)|Physical therapy|Occupational therapy|Speech therapy|Therapeutic recreation|Cognitive remediation|Vocational services|Psychological services|Nursing services|Comprehensive day treatment|Peer mentoring|Social work|Case management|Independent living training|Home health|Other, specify|Unknown","Out-patient rehabilitation|Non-specialized facility (in-patient)|Specialized rehab center (in-patient)|General rehab unit (in-patient)|TBI rehabilitation unit (in-patient)|General long term acute care unit (in-patient)|Geriatric rehab unit (in-patient)|Physical therapy|Occupational therapy|Speech therapy|Therapeutic recreation|Cognitive remediation|Vocational services|Psychological services|Nursing services|Comprehensive day treatment|Peer mentoring|Social work|Case management|Independent living training|Home health|Other, specify|Unknown",,,,,,,,Adult | Pediatric,AxdmouZMWQv,NINDS:C05130|BRICS Variable Name:TherpyRehabTyp|NLM:AxdmouZMWQv,,,,,,,"International Classification of Diseases, Ninth Revision, Clinical Modification (ICD-9-CM): http://www.cdc.gov/nchs/icd/icd9cm.htm",3,7/20/13,,,,,,,,,Y,Supplemental,Y,Disease Supplemental  ,,,Treatment/Intervention Data,Therapies,,TBI Treatment History: Therapy and Rehab,FALSE,CA,,,
C18768,Therapy or rehabilitation other text,TherpyRehabOTH,,The free-text field related to 'Therapy or rehabilitation type' specifying other text. Type of therapy or rehabilitation services received by the participant/subject,NINDS,Outpatient Therapy or Rehab,NINDS,,,"Other, specify",Text,Alphanumeric,cde,FALSE,"Choose all that apply.  Response is obtained from report by  the participant/subject, a reliable proxy or medical records. Add date stamp for when assessed. Recommend collection at end of initial medical care.  Service provision post-TBI is important to track as it is an indicator of health care resource utilization.",Free-Form Entry,collected,,,,,,,,4000,,,Adult | Pediatric,NtMcAFjkvb8,NINDS:C18768|BRICS Variable Name:TherpyRehabOTH|NLM:NtMcAFjkvb8,,,,,,,"International Classification of Diseases, Ninth Revision, Clinical Modification (ICD-9-CM): http://www.cdc.gov/nchs/icd/icd9cm.htm",1,5/27/14,,,,,,,,,Y,Supplemental,Y,Disease Supplemental  ,,,Treatment/Intervention Data,Therapies,,TBI Treatment History: Therapy and Rehab,FALSE,CA,,,
C21667,Therapy rehabilitation ICD 10 CM code,TherpyRehabICD10CMCd,,ICD-10-CM code that describes the therapy or rehabilitation received by the participant/subject,NINDS,Outpatient Therapy or Rehab,NINDS,,,ICD-10-CM code,Text,Alphanumeric,cde,FALSE,Add date stamp for when assessed. Recommend collection at least at end of initial medical care.,Free-Form Entry,collected,,,,,,,,255,,,Adult | Pediatric,7yACt7er0f,NINDS:C21667|BRICS Variable Name:TherpyRehabICD10CMCd|NLM:7yACt7er0f,,,,,,,"International Classification of Diseases, Ninth Revision, Clinical Modification (ICD-9-CM) for permissible values: http://www.cdc.gov/nchs/icd/icd9cm.htm",1,7/20/13,,,,,,,,,Y,Supplemental,Y,Disease Supplemental  ,,,Treatment/Intervention Data,Therapies,,TBI Treatment History: Therapy and Rehab,FALSE,CA,,,
C05132,Therapy or rehabilitation frequency,TherpyRehabFreq,,Identified describing the frequency the participant/subject received the therapy or rehabilitation,NINDS,Outpatient Therapy or Rehab,NINDS,,,Therapy or Rehabilitation Frequency,Number,Numeric Values,cde,FALSE,Choose one.,Free-Form Entry,collected,,BID|BIS|QM|PRN|Q10H|Q11H|Q12H|Q13H|Q14H|Q15H|Q16H|Q17H|Q18H|Q19H|QH|Q20H|Q21H|Q22H|Q23H|Q24H|Q2H|Q3H|Q4H|Q5H|Q6H|Q7H|Q8H|Q9H|QOD|TID|TIS|Q4S|QID|QIS|Q3D|Q4D|Q3S|Q2M|Q3M|Q4M|ONCE|QS|Q5D|Q2S|BIM|INTERMITTENT|QD|OCCASIONAL|AD LIBITUM|1 TIME PER WEEK|2 TIMES PER YEAR|3 TIMES PER MONTH|3 TIMES PER YEAR|4 TIMES PER MONTH|4 TIMES PER YEAR|5 TIMES PER DAY|5 TIMES PER MONTH|5 TIMES PER WEEK|5 TIMES PER YEAR|6 TIMES PER DAY|6 TIMES PER MONTH|6 TIMES PER WEEK|6 TIMES PER YEAR|7 TIMES PER WEEK|PA|Q6S|CONTINUOUS|OTHER|UNKNOWN,BID|BIS|QM|PRN|Q10H|Q11H|Q12H|Q13H|Q14H|Q15H|Q16H|Q17H|Q18H|Q19H|QH|Q20H|Q21H|Q22H|Q23H|Q24H|Q2H|Q3H|Q4H|Q5H|Q6H|Q7H|Q8H|Q9H|QOD|TID|TIS|Q4S|QID|QIS|Q3D|Q4D|Q3S|Q2M|Q3M|Q4M|ONCE|QS|Q5D|Q2S|BIM|INTERMITTENT|QD|OCCASIONAL|AD LIBITUM|1 TIME PER WEEK|2 TIMES PER YEAR|3 TIMES PER MONTH|3 TIMES PER YEAR|4 TIMES PER MONTH|4 TIMES PER YEAR|5 TIMES PER DAY|5 TIMES PER MONTH|5 TIMES PER WEEK|5 TIMES PER YEAR|6 TIMES PER DAY|6 TIMES PER MONTH|6 TIMES PER WEEK|6 TIMES PER YEAR|7 TIMES PER WEEK|PA|Q6S|CONTINUOUS|OTHER|UNKNOWN,,,,,,,,Adult | Pediatric,TNRH7As_2ch,NINDS:C05132|BRICS Variable Name:TherpyRehabFreq|NLM:TNRH7As_2ch,,,,,,,CDISC SDTM Frequency Terminology (Code C71113) (http://www.cancer.gov/cancertopics/cancerlibrary/terminologyresources/cdisc) - http://evs.nci.nih.gov/ftp1/CDISC/SDTM/,3,7/20/13,,,,,,,,,Y,Supplemental,Y,Disease Supplemental  ,,,Treatment/Intervention Data,Therapies,,TBI Treatment History: Therapy and Rehab,FALSE,CA,"value list not included on csv, updated here from crf",,
C05138,TBI therapy intensity level procedure type,TBITherapIntensLvlProcType,,Type of procedure or therapy used to assess the therapy intensity level (TIL) for treating the traumatic brain injury,NINDS,TIL,NINDS,,,Type of Procedure used to determine therapy intensity level (TIL):,Value List,Alphanumeric,cde,FALSE,Choose all that apply.,Multiple Pre-Defined Values Selected,collected,,"Nursed flat (180¬∞) for CPP management|Sedation (low dose as required for mechanical ventilation)|Higher dose sedation for ICP control (not aiming for burst suppression)|Metabolic suppression for ICP control with high dose barbiturates or propofol|Neuromuscular blockade (paralysis)|CSF drainage <120 ml/day (<5 ml/hour)|CSF drainage greater than or equal to 120 ml (greater than or equal to 5 ml/hour)|Fluid loading for maintenance of cerebral perfusion|Vasopressor therapy required for management of cerebral perfusion|Mild hypocapnia for ICP control [PaCO2 4.6 ‚Äì 5.3 kPa (35 - 40 mmHg)]|Moderate hypocapnia for ICP control [PaCO2 greater than or equal to 4 kPa (30 mmHg)]|Intensive hypocapnia for ICP control [PaCO2 <4 kPa (30 mmHg)]|Hyperosmolar therapy with mannitol up to 2 g/kg/24 hours|Hyperosmolar therapy with hypertonic saline up to 0.3 g/kg/24 hours|Hyperosmolar therapy with mannitol >2 g/kg/24 hours|Hyperosmolar therapy with hypertonic saline >0.3 g/kg/24 hours|Treatment of fever (temp.>38¬∞C) or spontaneous temp. below 34.5¬∞C|Mild hypothermia for ICP control with a lower limit of 35¬∞C|Hypothermia below 35¬∞C|Intracranial operation for progressive mass lesion, not scheduled on admission|Decompressive craniectomy|Head elevation for ICP control","Nursed flat (180¬∞) for CPP management|Sedation (low dose as required for mechanical ventilation)|Higher dose sedation for ICP control (not aiming for burst suppression)|Metabolic suppression for ICP control with high dose barbiturates or propofol|Neuromuscular blockade (paralysis)|CSF drainage <120 ml/day (<5 ml/hour)|CSF drainage greater than or equal to 120 ml (greater than or equal to 5 ml/hour)|Fluid loading for maintenance of cerebral perfusion|Vasopressor therapy required for management of cerebral perfusion|Mild hypocapnia for ICP control [PaCO2 4.6 ‚Äì 5.3 kPa (35 - 40 mmHg)]|Moderate hypocapnia for ICP control [PaCO2 greater than or equal to 4 kPa (30 mmHg)]|Intensive hypocapnia for ICP control [PaCO2 <4 kPa (30 mmHg)]|Hyperosmolar therapy with mannitol up to 2 g/kg/24 hours|Hyperosmolar therapy with hypertonic saline up to 0.3 g/kg/24 hours|Hyperosmolar therapy with mannitol >2 g/kg/24 hours|Hyperosmolar therapy with hypertonic saline >0.3 g/kg/24 hours|Treatment of fever (temp.>38¬∞C) or spontaneous temp. below 34.5¬∞C|Mild hypothermia for ICP control with a lower limit of 35¬∞C|Hypothermia below 35¬∞C|Intracranial operation for progressive mass lesion, not scheduled on admission|Decompressive craniectomy|Head elevation for ICP control",,,,,,,,Adult | Pediatric,1nJAQxmDraW,NINDS:C05138|BRICS Variable Name:TBITherapIntensLvlProcType|NLM:1nJAQxmDraW,,,,,,,No references available,3,7/20/13,,,,,,,,,Y,Supplemental,Y,Disease Supplemental  ,,,Treatment/Intervention Data,Therapies,,TBI Treatment History: Therapy and Rehab,FALSE,CA,,,
C05133,Therapy or rehabilitation session duration,TherpyRehabSessnDur,,Average duration of a therapy or rehabilitation session,NINDS,Outpatient Therapy or Rehab,NINDS,,,Avg. Duration of Therapy Session,Number,Numeric Values,cde,FALSE,Record the duration of therapy or rehabilitation session in minutes.,Free-Form Entry,collected,,,,,,,minute,,,,Adult | Pediatric,2G4uDEmwOtE,NINDS:C05133|BRICS Variable Name:TherpyRehabSessnDur|NLM:2G4uDEmwOtE,,,,,,,No references available,3,7/20/13,,,,,,,,,Y,Supplemental,Y,Disease Supplemental  ,,,Treatment/Intervention Data,Therapies,,TBI Treatment History: Therapy and Rehab,FALSE,CA,added measurement unit of miutes per crf,,
C05139,TBI therapy intensity level procedure indicator,TBITherapIntensLvlProcInd,,"Indicator of whether the procedure or therapy was administered, which is used to assess the therapy intensity level (TIL) for treating the traumatic brain injury",NINDS,TIL,NINDS,,,"	Was procedure administered (used to determine therapy intensity level (TIL)):",Value List,Alphanumeric,cde,FALSE,Choose one.,Single Pre-Defined Value Selected,collected,,Yes|No|Unknown,Yes|No|Unknown,,,,,,,,Adult | Pediatric,7GhzxVo2zK7,NINDS:C05139|BRICS Variable Name:TBITherapIntensLvlProcInd|NLM:7GhzxVo2zK7,,,,,,,No references available,3,7/20/13,,,,,,,,,Y,Supplemental,Y,Disease Supplemental  ,,,Treatment/Intervention Data,Therapies,,TBI Treatment History: Therapy and Rehab,FALSE,CA,,,
C05134,Therapy rehabilitation start date time,TherpyRehabStrtDateTime,,"Date (and time, if applicable and known) on which the therapy or rehabilitation started",NINDS,Outpatient Therapy or Rehab,NINDS,,,Date Time of Initiation,Date,Date or Date & Time,cde,FALSE,"Record the date/time according to the ISO 8601, the International Standard for the representation of dates and times (http://www.iso.org/iso/home.html).  The date/time should be recorded to the level of granularity known (e.g., year, year and month, complete date plus hours and minutes, etc.).",Free-Form Entry,collected,,,,,,,,,,,Adult | Pediatric,_aQ7xdve0Jo,NINDS:C05134|BRICS Variable Name:TherpyRehabStrtDateTime|NLM:_aQ7xdve0Jo,,,,,,,No references available,3,7/20/13,,,,,,,,,Y,Supplemental,Y,Disease Supplemental  ,,,Treatment/Intervention Data,Therapies,,TBI Treatment History: Therapy and Rehab,FALSE,CA,,,
C07429,Pediatric intensity level of therapy scale score,PediatIntensLvlTherapyScalScr,,Pediatric intensity level of therapy (PILOT) scale (0-38),NINDS,,NINDS,,,Pediatric intensity level of therapy (0-38):,Number,Numeric Values,cde,FALSE,Score ranges from 0-38.  Daily recording recommended. This element is recommended for pediatric studies.,Free-Form Entry,collected,,,,,,,,,0,38,Pediatric,dHrp93fBoD5,NINDS:C07429|BRICS Variable Name:PediatIntensLvlTherapyScalScr|NLM:dHrp93fBoD5,,,,,,,"Shore P, Adelson PD, Kochanek P, Hand L, Roy L. Reliability and validity of the Pediatric Intensity Level of Therapy (PILOT) Scale: A measure of the use of intracranial pressure-directed therapies. (2006) Crit Care Med 34:1981-1987.",3,7/20/13,,,,,,,,,Y,Supplemental,Y,Disease Supplemental  ,,,Treatment/Intervention Data,Therapies,,TBI Treatment History: Therapy and Rehab,FALSE,CA,,,
C05135,Therapy rehabilitation end date time,TherpyRehabEndDateTime,,"Date (and time, if applicable and known) on which the therapy or rehabilitation ended",NINDS,Outpatient Therapy or Rehab,NINDS,,,Date Time of Discontinuation,Date,Date or Date & Time,cde,FALSE,"Record the date/time according to the ISO 8601, the International Standard for the representation of dates and times (http://www.iso.org/iso/home.html).  The date/time should be recorded to the level of granularity known (e.g., year, year and month, complete date plus hours and minutes, etc.).",Free-Form Entry,collected,,,,,,,,,,,Adult | Pediatric,gA40VBKZZyA,NINDS:C05135|BRICS Variable Name:TherpyRehabEndDateTime|NLM:gA40VBKZZyA,,,,,,,No references available,3,7/20/13,,,,,,,,,Y,Supplemental,Y,Disease Supplemental  ,,,Treatment/Intervention Data,Therapies,,TBI Treatment History: Therapy and Rehab,FALSE,CA,,,
C05136,Therapy rehabilitation ongoing indicator,TherpyRehabOngngInd,,Indicator of whether the therapy or rehabilitation is ongoing,NINDS,Outpatient Therapy or Rehab,NINDS,,,Therapy or Rehabilitation Ongoing?,Value List,Alphanumeric,cde,FALSE,Choose one. Add date and time stamp for when assessed.,Single Pre-Defined Value Selected,collected,,Yes|No|Unknown,Yes|No|Unknown,,,,,,,,Adult | Pediatric,fqbTC_zJaFU,NINDS:C05136|BRICS Variable Name:TherpyRehabOngngInd|NLM:fqbTC_zJaFU,,,,,,,No references available,3,7/20/13,,,,,,,,,Y,Supplemental,Y,Disease Supplemental  ,,,Treatment/Intervention Data,Therapies,,TBI Treatment History: Therapy and Rehab,FALSE,CA,,,
C04811,Emergency room discharge destination type,EmrgyRmDischrgDestTyp,,Destination on completion of stabilization/evaluation in emergency room,NINDS,ER Discharge Destination,NINDS,,,Where was the participant subject discharged from the ER?,Value List,Alphanumeric,cde,FALSE,Choose one. Response obtained prospectively  or retrospectively from the source documents.,Single Pre-Defined Value Selected,collected,,"Admission to hospital - ward|Admission to hospital - intermediate/high care unit|Admission to hospital - ICU|Admission to hospital - other (e.g., observation unit)|Discharge to other hospital|Discharge to nursing home|Discharge to home|N/A - patient died|Other, specify|Unknown","Admission to hospital - ward|Admission to hospital - intermediate/high care unit|Admission to hospital - ICU|Admission to hospital - other (e.g., observation unit)|Discharge to other hospital|Discharge to nursing home|Discharge to home|N/A - patient died|Other, specify|Unknown",,,,,,,,Adult | Pediatric,djcPEGkYEPR,NINDS:C04811|BRICS Variable Name:EmrgyRmDischrgDestTyp|NLM:djcPEGkYEPR,,,,,,,No references available,3,7/20/13,,,,,,,,,Y,Supplemental,Y,Supplemental  ,,,Disease/Injury Related Events,Discharge Information,,TBI Treatment History: Discharge Information,FALSE,CA,,,
C18674,Emergency room discharge destination type other text,EmrgyRmDischrgDestTypOTH,,The free-text field related to 'Emergency room discharge destination type' specifying other text. Destination on completion of stabilization/evaluation in emergency room,NINDS,ER Discharge Destination,NINDS,,,"Other, specify",Text,Alphanumeric,cde,FALSE,Choose one. Response is obtained prospectively or retrospectively from the source documents. The destination on discharge from the emergency room is generally related to the severity of injuries and indicates the intensity of care considered appropriate.,Free-Form Entry,collected,,,,,,,,4000,,,Adult | Pediatric,yHJ1964fHuU,NINDS:C18674|BRICS Variable Name:EmrgyRmDischrgDestTypOTH|NLM:yHJ1964fHuU,,,,,,,No references available,1,5/27/14,,,,,,,,,Y,Supplemental,Y,Supplemental  ,,,Disease/Injury Related Events,Discharge Information,,TBI Treatment History: Discharge Information,FALSE,CA,,,
C04803,Emergency room discharge destination reason,EmrgyRmDischrgDestRsn,,Reason for choice of destination upon discharge from emergency room.,NINDS,ER Discharge Reason,NINDS,,,Emergency room discharge destination reason,Value List,Alphanumeric,cde,FALSE,Choose one. Response is obtained prospectively or retrospectively from the source documents. The destination on discharge from the emergency room is generally related to the severity of injuries and indicates the intensity of care considered appropriate.,Single Pre-Defined Value Selected,collected,,"Medical necessity|Social circumstances|No ICU beds available|Requiring specialized facilities|Normal CT|Unknown|Other, specify","Medical necessity|Social circumstances|No ICU beds available|Requiring specialized facilities|Normal CT|Unknown|Other, specify",,,,,,,,Adult | Pediatric,FqfFFpesV7x,NINDS:C04803|BRICS Variable Name:EmrgyRmDischrgDestRsn|NLM:FqfFFpesV7x,,,,,,,No references available,3,7/20/13,,,,,,,,,Y,Supplemental,Y,Supplemental  ,,,Disease/Injury Related Events,Discharge Information,,TBI Treatment History: Discharge Information,FALSE,CA,,,
C18673,Emergency room discharge destination reason other text,EmrgyRmDischrgDestRsnOTH,,The free-text field related to 'Emergency room discharge destination reason' specifying other text. Reason for choice of destination upon discharge from emergency room.,NINDS,ER Discharge Reason,NINDS,,,"Other, specify",Text,Alphanumeric,cde,FALSE,Choose one. Response obtained prospectively  or retrospectively from the source documents.,Free-Form Entry,collected,,,,,,,,4000,,,Adult | Pediatric,BCAAT6dzeQE,NINDS:C18673|BRICS Variable Name:EmrgyRmDischrgDestRsnOTH|NLM:BCAAT6dzeQE,,,,,,,No references available,1,5/27/14,,,,,,,,,Y,Supplemental,Y,Supplemental  ,,,Disease/Injury Related Events,Discharge Information,,TBI Treatment History: Discharge Information,FALSE,CA,,,
C04807,Vital status,VitStatus,,Status of participant/subject as alive or dead,NINDS,,NINDS,,,Vital status on discharge,Value List,Alphanumeric,cde,FALSE,Choose one.,Single Pre-Defined Value Selected,collected,,Alive|Dead|Unknown,Alive|Dead|Unknown,,,,,,,,Adult | Pediatric,3xVoF69VZJ2,NINDS:C04807|BRICS Variable Name:VitStatus|NLM:3xVoF69VZJ2,,,,,,,No references available,3,7/20/13,,,,,,,,,Y,Supplemental,Y,Recommended,,,Disease/Injury Related Events,Discharge Information,,TBI Treatment History: Discharge Information,FALSE,CA,,,
C04804,Hospital discharge date and time,HospitDischgDateTime,,"Date (and time, if applicable and known) the participant/subject was discharged from the hospital",NINDS,,NINDS,,,Hospital discharge date and time,Datetime,Date or Date & Time,cde,FALSE,"Record the date/time according to the ISO 8601, the International Standard for the representation of dates and times (http://www.iso.org/iso/home.html).  The date/time should be recorded to the level of granularity known (e.g., year, year and month, complete date plus hours and minutes, etc.).",Free-Form Entry,collected,,,,,,,,,,,Adult | Pediatric,fNxcyCWJwy5,NINDS:C04804|BRICS Variable Name:HospitDischgDateTime|NLM:fNxcyCWJwy5,,,,,,,No references available,3,7/25/13,,,,,,,,,Y,Supplemental,Y,Recommended,,,Disease/Injury Related Events,Discharge Information,,TBI Treatment History: Discharge Information,FALSE,CA,,,
C04809,Hospital discharge destination type,HospDischrgDestTyp,,Type of destination on completion of stabilization/evaluation in hospital,NINDS,Hospital Discharge Destination,NINDS,,,Destination upon discharge from hospital,Value List,Alphanumeric,cde,FALSE,Choose one.,Single Pre-Defined Value Selected,collected,,"Discharge to rehabilitation unit|Discharge to other hospital|Discharge to nursing home|Discharge to home/private residence|Not applicable - patient died|Other, specify|Unknown","Discharge to rehabilitation unit|Discharge to other hospital|Discharge to nursing home|Discharge to home/private residence|Not applicable - patient died|Other, specify|Unknown",,,,,,,,Adult | Pediatric,A7XP_C4AEg1,NINDS:C04809|BRICS Variable Name:HospDischrgDestTyp|NLM:A7XP_C4AEg1,,,,,,,No references available,3,7/20/13,,,,,,,,,Y,Supplemental,Y,Recommended,,,Disease/Injury Related Events,Discharge Information,,TBI Treatment History: Discharge Information,FALSE,CA,,,
C18685,Hospital discharge destination other text,HospDischrgDestOTH,,The free-text field related to 'Hospital discharge destination type' specifying other text. Type of destination on completion of stabilization/evaluation in hospital,NINDS,Hospital Discharge Destination,NINDS,,,"Other, specify",Text,Alphanumeric,cde,FALSE,Choose one.,Free-Form Entry,collected,,,,,,,,4000,,,Adult | Pediatric,p0XCe65j8s2,NINDS:C18685|BRICS Variable Name:HospDischrgDestOTH|NLM:p0XCe65j8s2,,,,,,,No references available,1,5/27/14,,,,,,,,,Y,Supplemental,Y,Recommended,,,Disease/Injury Related Events,Discharge Information,,TBI Treatment History: Discharge Information,FALSE,CA,,,
C04812,Definitive clinical care post trauma location type,DefntvClinCrPostTraumLocTyp,,Indicates type of location where patient received definitive clinical care after the injury,NINDS,Post-Trauma Clinical Care Location,NINDS,,,Where was the definitive clinical care received for the participant/subject?,Value List,Alphanumeric,cde,FALSE,Choose one.,Single Pre-Defined Value Selected,collected,,"None|Outpatient Clinic|Emergency Department-Non-trauma Center|Emergency Department -Trauma Center|Other, specify","None|Outpatient Clinic|Emergency Department-Non-trauma Center|Emergency Department -Trauma Center|Other, specify",,,,,,,,Adult | Pediatric,3VPRD5urS2b,NINDS:C04812|BRICS Variable Name:DefntvClinCrPostTraumLocTyp|NLM:3VPRD5urS2b,,,,,,,No references available,3,7/20/13,,,,,,,,,Y,Supplemental,Y,Recommended,,,Disease/Injury Related Events,Discharge Information,,TBI Treatment History: Discharge Information,FALSE,CA,,,
C18668,Definitive clinical care post trauma location other text,DefntvClinCrPostTraumLocOTH,,The free-text field related to 'Definitive clinical care post trauma location type' specifying other text. Indicates type of location where patient received definitive clinical care after the injury,NINDS,Post-Trauma Clinical Care Location,NINDS,,,"Other, specify",Text,Alphanumeric,cde,FALSE,Choose one.,Free-Form Entry,collected,,,,,,,,4000,,,Adult | Pediatric,4qA0oRyFtAv,NINDS:C18668|BRICS Variable Name:DefntvClinCrPostTraumLocOTH|NLM:4qA0oRyFtAv,,,,,,,No references available,1,5/27/14,,,,,,,,,Y,Supplemental,Y,Recommended,,,Disease/Injury Related Events,Discharge Information,,TBI Treatment History: Discharge Information,FALSE,CA,,,
C04805,ICU discharge date time,ICUDischrgDateTime,,Date and time the participant/subject was discharged from the intensive care unit (ICU) of the hospital,NINDS,ICU Discharge,NINDS,,,ICU discharge date and time,Datetime,Date or Date & Time,cde,FALSE,"Record the date/time according to the ISO 8601, the International Standard for the representation of dates and times (http://www.iso.org/iso/home.html).  The date/time should be recorded to the level of granularity known (e.g., year, year and month, complete date plus hours and minutes, etc.).",Free-Form Entry,collected,,,,,,,,,,,Adult | Pediatric,oPtwNRyVz8v,NINDS:C04805|BRICS Variable Name:ICUDischrgDateTime|NLM:oPtwNRyVz8v,,,,,,,No references available,3,7/20/13,,,,,,,,,Y,Supplemental,Y,Recommended,,,Disease/Injury Related Events,Discharge Information,,TBI Treatment History: Discharge Information,FALSE,CA,,,
C04806,ICU discharge destination type,ICUDischrgDestTyp,,Type of destination on completion of stabilization/evaluation in the intensive care unit (ICU) of the hospital,NINDS,ICU Discharge,NINDS,,,ICU discharge destination type,Value List,Alphanumeric,cde,FALSE,Choose one.,Single Pre-Defined Value Selected,collected,,"Discharge to other ICU|Discharge to rehabilitation unit|Discharge to other hospital|Discharge to nursing home|Not applicable - patient died|Other, specify|Unknown|Discharge to general ward","Discharge to other ICU|Discharge to rehabilitation unit|Discharge to other hospital|Discharge to nursing home|Not applicable - patient died|Other, specify|Unknown|Discharge to general ward",,,,,,,,Adult | Pediatric,zmKPERYYjZN,NINDS:C04806|BRICS Variable Name:ICUDischrgDestTyp|NLM:zmKPERYYjZN,,,,,,,No references available,3,7/20/13,,,,,,,,,Y,Supplemental,Y,Recommended,,,Disease/Injury Related Events,Discharge Information,,TBI Treatment History: Discharge Information,FALSE,CA,,,
C18687,ICU discharge destination other text,ICUDischrgDestOTH,,The free-text field related to 'ICU discharge destination type' specifying other text. Type of destination on completion of stabilization/evaluation in the intensive care unit (ICU) of the hospital,NINDS,ICU Discharge,NINDS,,,"Other, specify",Text,Alphanumeric,cde,FALSE,Choose one.,Free-Form Entry,collected,,,,,,,,4000,,,Adult | Pediatric,6N9Z0PAjOAQ,NINDS:C18687|BRICS Variable Name:ICUDischrgDestOTH|NLM:6N9Z0PAjOAQ,,,,,,,No references available,1,5/27/14,,,,,,,,,Y,Supplemental,Y,Recommended,,,Disease/Injury Related Events,Discharge Information,,TBI Treatment History: Discharge Information,FALSE,CA,,,
C00007,Birth date,BirthDate,,"Date (and time, if applicable and known) the participant/subject was born",NINDS,,NINDS,,,Birth date,Datetime,Date or Date & Time,cde,FALSE,"Record the date/time according to the ISO 8601, the International Standard for the representation of dates and times (http://www.iso.org/iso/home.html).  The date/time should be recorded to the level of granularity known (e.g., year, year and month, complete date plus hours and minutes, etc.).",Free-Form Entry,collected,,,,,,,,,,,Adult | Pediatric,OtsN78xANu1,NINDS:C00007|caDSR:793|BRICS Variable Name:BirthDate|NLM:OtsN78xANu1,,,,,,,"ISO 8601 - https://www.iso.org/home.html<br />Management and prognosis of severe traumatic brain injury: Age. J Neurotrauma. 2000;17:573-581.; Mushkudiani NA, Engel DC, Steyerberg EW, et al. Prognostic value of demographic characteristics in traumatic brain injury: results from the IMPACT study. J Neurotrauma. Feb 2007;24(2):259-69. Pediatric-specific reference(s): Anderson V, Catroppa C, Morse S, Haritou F, Rosenfeld J (2005) Functional plasticity or vulnerability after early brain injury. Pediatrics 116:1374-1382",3,1900-01-00,VERSION_DATE_MALFORMED,"Date of birth ‚Äì Record the date of birth to the level of precision known (e.g., month/day/year, year, month/year, etc). The preferred format for recording date is MM/DD/YYYY. 99/99/9999 can be used to indicate an unknown date.",,,,,,,Y,Core,Y,Core,,,Participant Characteristics,Demographics,,Demographics,FALSE,CA,,,
C17396,Sex genotype type,SexGenotypTyp,,"The difference between male and female, based upon the interactions between genes and between the genotype and the environment. Genotype is identified based on the individual's reproductive organs and functions assigned by chromosomal complement.",NINDS,Sex Genotype,NINDS,,,Sex,Value List,Alphanumeric,cde,FALSE,No instructions available,Single Pre-Defined Value Selected,collected,,"XX|XY|XXX|XYY|XXY|Other, specify|Unknown|Unspecified","XX|XY|XXX|XYY|XXY|Other, specify|Unknown|Undifferentiated/Indeterminant/Intersex",,,,,,,,Adult | Pediatric,Rx2D0Tt5Uwd,NINDS:C17396|BRICS Variable Name:SexGenotypTyp|NLM:Rx2D0Tt5Uwd,,,,,,,No references available,3.1,1900-01-00,VERSION_DATE_MALFORMED,,,,,,,,Y,Core,Y,Core,,,Participant Characteristics,Demographics,,Demographics,FALSE,CA,,,
C18751,Sex participant or subject genotype other text,SexSubjectGenotypOTH,,"The free-text field related to 'Sex participant or subject genotype type' specifying other text. The difference between male and female, based upon the interactions between genes and between the genotype and the environment. Genotype is identified based on the individual's reproductive organs and functions assigned by chromosomal complement",NINDS,Sex Genotype,NINDS,,,"Other, specify",Text,Alphanumeric,cde,FALSE,No instructions available,Free-Form Entry,collected,,,,,,,,4000,,,Adult | Pediatric,jR_eSd2YxSS,NINDS:C18751|BRICS Variable Name:SexSubjectGenotypOTH|NLM:jR_eSd2YxSS,,,,,,,No references available,1,1900-01-00,VERSION_DATE_MALFORMED,,,,,,,,Y,Core,Y,Core,,,Participant Characteristics,Demographics,,Demographics,FALSE,CA,,,
C58676,Birth sex assigned type,BirthSexAssignTyp,,"Self-reported phenotypic sex of participant/subject, assigned at birth",NINDS,Birth Sex,NINDS,,,Sex assigned at birth,Value List,Alphanumeric,cde,FALSE,,Single Pre-Defined Value Selected,collected,,"Male|Female|Intersex|Unknown|Other, specify","Male|Female|Intersex|Unknown|Other, specify",,,,,,,,Adult | Pediatric,DmdfRvS3o,NINDS:C58676|BRICS Variable Name:BirthSexAssignTyp|NLM:DmdfRvS3o,,,,,,,,1,1900-01-00,VERSION_DATE_MALFORMED,,,,,,,,Y,Core,Y,Core,,,Participant Characteristics,Demographics,,Demographics,FALSE,CA,,,
C58780,Birth sex assigned type other text,BirthSexAssignTypOTH,,"The free-text field related to 'Birth sex assign type', specifying other text. Self-reported phenotypic sex of participant, assigned at birth",NINDS,Birth Sex,NINDS,,,"Other, specify",Text,Alphanumeric,cde,FALSE,,Free-Form Entry,collected,,,,,,,,4000,,,Adult | Pediatric,SdrSNxxC9_,NINDS:C58780|BRICS Variable Name:BirthSexAssignTypOTH|NLM:SdrSNxxC9_,,,,,,,,1.3,2/7/25,,,,,,,,,Y,Supplemental,Y,Core,,,Participant Characteristics,Demographics,,Demographics,FALSE,CA,,,
C00035,Gender type,GenderTyp,,Self-reported gender of the participant/subject,NINDS,,NINDS,,,Gender,Text,Alphanumeric,cde,FALSE,Choose one,Single Pre-Defined Value Selected,collected,,,,,,,,,,,Adult | Pediatric,c15vK97pK5X,NINDS:C00035|caDSR:2200604|ISTH:4:84:6:451|BRICS Variable Name:GenderTyp|NLM:c15vK97pK5X,,,,,,,"The NIH Guidelines on Inclusion of Women and Minorities as Subjects in Clinical Research: The Office of Management and Budget (OMB) Directive No. 15 - http://grants.nih.gov/grants/funding/women_min/women_min.htm Prognostic value of demographic characteristics in traumatic brain injury: results from the IMPACT study. Mushkudiani et al J Neurotrauma 2007;24:329-37.  Do women fare worse: a meta-analysis of gender differences in traumatic brain injury outcome. Farace et al, J Neurosurg 2000;93:539-545.",3,1900-01-00,VERSION_DATE_MALFORMED,"Gender type ‚Äì Self-reported gender of the participant/subject. Gender is the socially constructed identity of sex. Gender is equated with phenotypic sex. Gender may differ from the sex of an individual determined genetically.
Unspecified is defined as Undifferentiated/Indeterminant/Intersex",,,,,,,Y,Core,Y,Core,,,Participant Characteristics,Demographics,,Demographics,FALSE,CA,,,
C58677,Gender identity type,GenderIdTyp,,Gender identity self-identified by the subject/participant. Gender type may or may not match sex assigned at birth,NINDS,Gender Identity,NINDS,,,Gender identity:,Value List,Alphanumeric,cde,FALSE,,Single Pre-Defined Value Selected,collected,,"Male|Female|Unknown|Other, specify","Male|Female|Unknown|Other, specify",,,,,,,,Adult | Pediatric,7ur8LWKKU,NINDS:C58677|BRICS Variable Name:GenderIdTyp|NLM:7ur8LWKKU,,,,,,,,1,1900-01-00,VERSION_DATE_MALFORMED,,,,,,,,Y,Core,Y,Core,,,Participant Characteristics,Demographics,,Demographics,FALSE,CA,,,
C58781,Gender identity type other text,GenderIdTypOTH,,"The free-text field related to 'Gender identity type', specifying other text. Gender identity self-identified by the participant. Gender type may or may not match sex assigned at birth",NINDS,Gender Identity,NINDS,,,"Other, specify",Text,Alphanumeric,cde,FALSE,,Free-Form Entry,collected,,,,,,,,4000,,,Adult | Pediatric,chdtufpd5A,NINDS:C58781|BRICS Variable Name:GenderIdTypOTH|NLM:chdtufpd5A,,,,,,,,1.1,10/16/24,,,,,,,,,Y,Supplemental,Y,Core,,,Participant Characteristics,Demographics,,Demographics,FALSE,CA,,,
C00020,Ethnicity USA category,EthnUSACat,,Category of ethnicity the participant/subject most closely identifies with,NINDS,,NINDS,,,Ethnicity,Value List,Alphanumeric,cde,FALSE,Choose one,Single Pre-Defined Value Selected,collected,,"Hispanic or Latino|Not Hispanic or Latino|Unknown|Not reported|Other, specify","A person of Cuban, Mexican, Puerto Rican, South or Central American, or other Spanish culture or origin, regardless of race. The term ""Spanish origin"" can also be used in addition to ""Hispanic or Latino.""|A person not meeting the definition for Hispanic or Latino.|Could not be determined or unsure|Not reported|Other, specify",,,,,,,,Adult | Pediatric,czSdhGmvyKU,NINDS:C00020|caDSR:2192217|BRICS Variable Name:EthnUSACat|NLM:czSdhGmvyKU,,,,,,,"The NIH Guidelines on Inclusion of Women and Minorities as Subjects in Clinical Research: The Office of Management and Budget (OMB) Directive No. 15 defines the minimum standard of Core racial and ethnic categories. (http://grants.nih.gov/grants/funding/women_min/guidelines_update.htm)  Collection of Race and Ethnicity Data in Clinical Trials (FDA, September 2005 - http://www.fda.gov/RegulatoryInformation/Guidances/ucm126340.htm) Jorde LB and Wooding SP. Genetic variation, classification and ""race"". Nature Genetics. 2004;36(11):S28-S33. Bhopal R and Donaldson L. White, European, Western, Caucasian, or What? Inappropriate labeling in Research on Race, Ethnicity, and Health. Amer J of Publ Health. 1998;88:1303-1307.",3,1900-01-00,VERSION_DATE_MALFORMED,Ethnicity ‚Äì Choose only one with which the participant/ subject most closely identifies.,,,,,,,Y,Core,Y,Core,,,Participant Characteristics,Demographics,,Demographics,FALSE,CA,,,
C00030,Race USA category,RaceUSACat,,"The patient's self declared racial origination, independent of ethnic origination, using OMB approved categories.",NINDS,,NINDS,,,Race category,Value List,Alphanumeric,cde,FALSE,Choose all that apply.,Multiple Pre-Defined Values Selected,collected,,American Indian or Alaska Native|Asian|Black or African-American|Native Hawaiian or Other Pacific Islander|White|Unknown|Not Reported,"A person having origins in any of the original peoples of North and South America (including Central America) , and who maintains tribal affiliation or community attachment.|A person having origins in any of the original peoples of the Far East, Southeast Asia, or the Indian subcontinent including, for example, Cambodia, China, India, Japan, Korea, Malaysia, Pakistan, the Philippine Islands, Thailand, and Vietnam.|A person having origins in any of the black racial groups of Africa. Terms such as ""Haitian"" can be used in addition to ""Black or African American.""|A person having origins in any of the original peoples of Hawaii, Guam, Samoa, or other Pacific Islands.|A person having origins in any of the original peoples of Europe, the Middle East, or North Africa.|Could not be determined or unsure|Not provided or unavailable",,,,,,,,Adult | Pediatric,6XCcMn_EP9k,NINDS:C00030|caDSR:2192199|BRICS Variable Name:RaceUSACat|NLM:6XCcMn_EP9k,,,,,,,"The NIH Guidelines on Inclusion of Women and Minorities as Subjects in Clinical Research: The Office of Management and Budget (OMB) Directive No. 15 defines the minimum standard of Core racial and ethnic categories. (http://grants.nih.gov/grants/funding/women_min/guidelines_update.htm)  Collection of Race and Ethnicity Data in Clinical Trials (FDA, September 2005 - http://www.fda.gov/RegulatoryInformation/Guidances/ucm126340.htm) Jorde LB and Wooding SP. Genetic variation, classification and ""race"". Nature Genetics. 2004;36(11):S28-S33. Bhopal R and Donaldson L. White, European, Western, Caucasian, or What? Inappropriate labeling in Research on Race, Ethnicity, and Health. Amer J of Publ Health. 1998;88:1303-1307.",3,1900-01-00,VERSION_DATE_MALFORMED,Race category ‚Äì Choose all that apply.,,,,,,,Y,Core,Y,Core,,,Participant Characteristics,Demographics,,Demographics,FALSE,CA,,,
C00031,Race expanded category,RaceCat,,Category of race(s) or region(s) the participant/subject most closely identifies with,NINDS,,NINDS,,,Race,Value List,Alphanumeric,cde,FALSE,Choose all that apply.,Multiple Pre-Defined Values Selected,collected,,Not reported|Other|Unknown|Black African American|Black African|Black Afro Caribbean|South/Central American Indian|North American Indian|Alaskan Native|Inuit|South Asian|Far Eastern Asian|Western Asian|White North American|White South American|White European|White Middle Eastern|White African|White Australian|Hawaiian|Pacific Islander,"Not reported|Other|Unknown|Black African American (for OMB purposes, this value is considered to be part of Black or African-American)|Black African (for OMB purposes, this value is considered to be part of Black or African-American)|Black Afro Caribbean (for OMB purposes, this value is considered to be part of Black or African-American)|South/Central American Indian (for OMB purposes, this value is considered to be part of American Indian or Alaska Native)|North American Indian (for OMB purposes, this value is considered to be part of American Indian or Alaska Native)|Alaskan Native (for OMB purposes, this value is considered to be part of American Indian or Alaska Native)|Inuit (for OMB purposes, this value is considered to be part of American Indian or Alaska Native)|South Asian (Indian subcontinent) (for OMB purposes, this value is considered to be part of Asian)|Far Eastern Asian (e.g., China, Japan, Korea, etc.) (for OMB purposes, this value is considered to be part of Asian)|Western Asian (",,,,,,,,Adult | Pediatric,RUCGUjBh0HX,NINDS:C00031|BRICS Variable Name:RaceCat|NLM:RUCGUjBh0HX,,,,,,,"Jorde LB and Wooding SP. Genetic variation, classification and ""race"". Nature Genetics. 2004;36(11):S28-S33. Bhopal R and Donaldson L. White, European, Western, Caucasian, or What? Inappropriate labeling in Research on Race, Ethnicity, and Health. Amer J of Publ Health. 1998;88:1303-1307.",3,1900-01-00,VERSION_DATE_MALFORMED,"Race ‚Äì Choose all that apply. Response is obtained by report of the participant/subject or caretaker. Collecting information on race may not be allowed in some countries for concerns related to discrimination. In other countries, however, these concerns are considered a reason for recording race in order to guarantee equal access to care. Investigators receiving funding from the US National Institutes of Health (NIH) are required to report the number of subjects enrolled on an annual basis using the racial categories listed.",,,,,,,Y,Core,Y,Core,,,Participant Characteristics,Demographics,,Demographics,FALSE,CA,,,
C00015,Education year count,EduYrCt,,Number of years of education completed (age 5 and beyond),NINDS,,NINDS,,,Years of education,Number,Numeric Values,cde,FALSE,"For years completed, after the age of 5, code the number of years attained (0-30 years), normed to someone moving full time at the usual pace, i.e. a year that was repeated counts as only 1 year and the usual single-year full-time load completed over several years counts as 1 year. Certificate and technical programs do NOT count no matter how specialized.  The number of years of typical completion of the relevant program is counted. If the subject obtained their education outside the United States, ask about their educational system to estimate the correct coding - Internship, Residency, and Fellowship years are experiential training and do not count.  Recommend collection at least on date of TBI.",Free-Form Entry,collected,,,,,,,year,,0,30,Adult | Pediatric,7BnoANaBZ6P,NINDS:C00015|caDSR:3134878|BRICS Variable Name:EduYrCt|NLM:7BnoANaBZ6P,,,,,,,No references available,3,1900-01-00,VERSION_DATE_MALFORMED,Core Pedatrics,,,,,,,Y,Core,Y,Core,,,Participant Characteristics,Social Status,,Demographics,FALSE,CA,,,
C18658,Employment expanded status,EmplmtExpndStatus,,Status of participant/subject's current employment (expanded list),NINDS,Employment Status,NINDS,,,Employment status,Value List,Alphanumeric,cde,FALSE,Choose one.,Single Pre-Defined Value Selected,collected,,"Working full time|Working 20-34 hrs/week, at least minimum wage|Working less than 20 hrs/week, at least minimum wage|Temporary/odd jobs/less than minimum wage jobs|Special employment|Sick leave or maternity leave|Unemployed|Other, specify|Not in paid workforce|Unable to obtain information|Unknown","Working full time (35 hrs or more/week, at least minimum wage)|Working 20-34 hrs/week, at least minimum wage|Working less than 20 hrs/week, at least minimum wage|Temporary/odd jobs/less than minimum wage jobs|Special employment (sheltered workshop, supportive employment, job coach)|Sick leave or maternity leave|Unemployed|Other, specify|Not in paid workforce (including child, retired, student, homemaker, disabled pre-injury)|Unable to obtain information|Unknown",,,,,,,,Adult | Pediatric,xARZXW85d3j,NINDS:C18658|BRICS Variable Name:EmplmtExpndStatus|NLM:xARZXW85d3j,,,,,,,National Health and Nutrition Examination Survey (http://www.cdc.gov/nchs/nhanes.htm),1,1900-01-00,VERSION_DATE_MALFORMED,,,,,,,,Y,Core,Y,Core,,,Participant Characteristics,Social Status,,Demographics,FALSE,CA,,,
C18676,Employment expanded other text,EmplmtExpndOTH,,The free-text field related to 'Employment expanded status' specifying other text. Status of participant/subject's current employment,NINDS,Employment Status,NINDS,,,"Other, specify",Text,Alphanumeric,cde,FALSE,Choose one.,Free-Form Entry,collected,,,,,,,,4000,,,Adult | Pediatric,K7JKd69emqu,NINDS:C18676|BRICS Variable Name:EmplmtExpndOTH|NLM:K7JKd69emqu,,,,,,,National Health and Nutrition Examination Survey (http://www.cdc.gov/nchs/nhanes.htm),1,1900-01-00,VERSION_DATE_MALFORMED,,,,,,,,Y,Core,Y,Core,,,Participant Characteristics,Social Status,,Demographics,FALSE,CA,,,
C18614,Education primary caregiver year count,EduPrimCaregiverYrCt,,Number of years of education of the primary caregiver (age 5 and beyond).,NINDS,,NINDS,,,Primary caregiver's level of education (years),Number,Numeric Values,cde,FALSE,,Free-Form Entry,collected,,,,,,,year,,0,30,Adult | Pediatric,j5buW2A00ce,NINDS:C18614|BRICS Variable Name:EduPrimCaregiverYrCt|NLM:j5buW2A00ce,,,,,,,,3,1900-01-00,VERSION_DATE_MALFORMED,Core Pedatrics,,,,,,,Y,Core,Y,Core,,,Participant Characteristics,Social Status,,Demographics,FALSE,CA,,,
C18410,Glasgow Outcome Scale Extended (GOS-E) - Extent relationship strain frequency,GOSEExtntFriendshpStrnFreq,,"Frequency of the extent of the rifts in relationships, including family and friendships, due to  psychological problems  as part of Glasgow Outcome Scale Extended (GOS-E)",NINDS,GOSE - Adult,NINDS,,,What has been the extent of disruption or strain?,Number,Numeric Values,,,,Single Pre-Defined Value Selected,collected,,"Occasional (less than weekly)|Constant (daily and intolerable)|Frequent (once a week or more, but tolerable)","Occasional (less than weekly)|Constant (daily and intolerable)|Frequent (once a week or more, but tolerable)",,,,,,,,Adult,,NINDS:C18410|CDISC:C115843,,C115843,,,,,"Wilson JTL, Pettigrew LEL, Teasdale GM. Structured interviews for the Glasgow Outcome Scale and the Extended Glasgow Outcome Scale: Guidelines for their use. Journal of Neurotrauma 1998;15:573-585.",3.1,0:00:00,VERSION_DATE_MALFORMED,,,,,,,,Y,Supplemental,Y,Recommended,,,Outcomes and End Points,Global Outcome,,GOSE - Adult,FALSE,BCM,,,
C18411,Glasgow Outcome Scale Extended (GOS-E) - Outcome factor most important type,GOSEMstImptFctrTyp,,The most important factor in outcome as part of Glasgow Outcome Scale Extended (GOS-E),NINDS,GOSE - Adult,NINDS,,,What is the most important factor in outcome?,Text,Alphanumeric,,,,Single Pre-Defined Value Selected,collected,,Effects of head injury|Effects of illness or to another part of the body|A mixture of these,Effects of head injury|Effects of illness or to another part of the body|A mixture of these,,,,,,,,Adult,,NINDS:C18411|CDISC:C115849,,C115849,,,,,"Wilson JTL, Pettigrew LEL, Teasdale GM. Structured interviews for the Glasgow Outcome Scale and the Extended Glasgow Outcome Scale: Guidelines for their use. Journal of Neurotrauma 1998;15:573-585.",3.1,0:00:00,VERSION_DATE_MALFORMED,,,,,,,,Y,Supplemental,Y,Recommended,,,Outcomes and End Points,Global Outcome,,GOSE - Adult,FALSE,BCM,,,
C18412,Glasgow Outcome Scale Extended (GOS-E) - Assistance daily need indicator,GOSEAsstNeedInd,,Indicator if the participant needs another person at home essentially every day for some activities of daily living as part of Glasgow Outcome Scale Extended (GOS-E),NINDS,GOSE - Adult,NINDS,,,Is the assistance of another person at home essential every day for some activities of daily living?,Text,Alphanumeric,,,"For a 'No' answer they should be able to look after themselves at home for 24 hours if necessary, though they need not actually look after themselves. Independence includes the ability to plan for and carry out the following activities: getting washed, putting on clean clothes without prompting, preparing food for themselves, dealing with callers, and handling minor domestic crises. The person should be able to carry out activities without needing prompting or reminding, and should be capable of being left alone overnight.",Single Pre-Defined Value Selected,collected,,No|Yes,No|Yes,,,,,,,,Adult,,NINDS:C18412|CDISC:C115829,,C115829,,,,,"Wilson JTL, Pettigrew LEL, Teasdale GM. Structured interviews for the Glasgow Outcome Scale and the Extended Glasgow Outcome Scale: Guidelines for their use. Journal of Neurotrauma 1998;15:573-585.",3.1,0:00:00,VERSION_DATE_MALFORMED,,,,,,,,Y,Supplemental,Y,Recommended,,,Outcomes and End Points,Global Outcome,,GOSE - Adult,FALSE,BCM,,,
C18413,Glasgow Outcome Scale Extended (GOS-E) - Consciousness indicator,GOSEConsciousInd,,Indicator if the participant is able to obey simple commands or say any words as part of Glasgow Outcome Scale Extended (GOS-E),NINDS,GOSE - Adult,NINDS,,,"Is the head injured person able to obey simple commands, or say any words?",Text,Alphanumeric,,,"Anyone who shows ability to obey even simple commands, or utter any word or communicate specifically in any other way is no longer considered to be in the vegetative state. Eye movements are not reliable evidence of meaningful responsiveness. Corroborate with nursing staff. Confirmation of VS requires full assessment as in the Royal College of Physician Guidelines.",Single Pre-Defined Value Selected,collected,,No|Yes,No|Yes,,,,,,,,Adult,,NINDS:C18413|CDISC:C115828,,C115828,,,,,"Wilson JTL, Pettigrew LEL, Teasdale GM. Structured interviews for the Glasgow Outcome Scale and the Extended Glasgow Outcome Scale: Guidelines for their use. Journal of Neurotrauma 1998;15:573-585.",3.1,0:00:00,VERSION_DATE_MALFORMED,,,,,,,,Y,Supplemental,Y,Recommended,,,Outcomes and End Points,Global Outcome,,GOSE - Adult,FALSE,BCM,,,
C18414,Glasgow Outcome Scale Extended (GOS-E) - Current other problem indicator,GOSECrrntProbInd,,Indicator if  the participant faces any other current problems currently due to injury as part of Glasgow Outcome Scale Extended (GOS-E),NINDS,GOSE - Adult,NINDS,,,Are there any other current problems relating to the injury which affect daily life?,Text,Alphanumeric,,,"Other typical problems reported after head injury: headaches, dizziness, tiredness, sensitivity to noise or light, slowness, memory failures, and concentration problems.",Single Pre-Defined Value Selected,collected,,No|Yes,No|Yes,,,,,,,,Adult,,NINDS:C18414|CDISC:C115845,,C115845,,,,,"Wilson JTL, Pettigrew LEL, Teasdale GM. Structured interviews for the Glasgow Outcome Scale and the Extended Glasgow Outcome Scale: Guidelines for their use. Journal of Neurotrauma 1998;15:573-585.",3.1,0:00:00,VERSION_DATE_MALFORMED,,,,,,,,Y,Supplemental,Y,Recommended,,,Outcomes and End Points,Global Outcome,,GOSE - Adult,FALSE,BCM,,,
C18415,Glasgow Outcome Scale Extended (GOS-E) - Current work normal capacity indicator,GOSECrrntWrkInd,,Indicator if the participant is currently able to work at the same capacity before injury as part of Glasgow Outcome Scale Extended (GOS-E),NINDS,GOSE - Adult,NINDS,,,Are they currently able to work  to their previous capacity?,Text,Alphanumeric,,,"If they were working before, then their current capacity for work should be at the same level. If they were seeking work before, then the injury should not have adversely affected their chances of obtaining work or the level of work for which they are eligible. If the patient was a student before injury then their capacity for study should not have been adversely affected.",Single Pre-Defined Value Selected,collected,,No|Yes,No|Yes,,,,,,,,Adult,,NINDS:C18415|CDISC:C115836,,C115836,,,,,"Wilson JTL, Pettigrew LEL, Teasdale GM. Structured interviews for the Glasgow Outcome Scale and the Extended Glasgow Outcome Scale: Guidelines for their use. Journal of Neurotrauma 1998;15:573-585.",3.1,0:00:00,VERSION_DATE_MALFORMED,,,,,,,,Y,Supplemental,Y,Recommended,,,Outcomes and End Points,Global Outcome,,GOSE - Adult,FALSE,BCM,,,
C18416,Glasgow Outcome Scale Extended (GOS-E) - Extent restriction social leisure activity frequency,GOSEExtntRestrctSocFreq,,Frequency of the extent of restriction the participant faces on social and leisure activities as part of Glasgow Outcome Scale Extended (GOS-E),NINDS,GOSE - Adult,NINDS,,,What is the extent of restriction on their social and leisure activities?,Number,Numeric Values,,,,Single Pre-Defined Value Selected,collected,,"Participate a bit less: at least half as often as before injury|Participate much less: less than half as often|Unable to participate: rarely, if ever, take part","Participate a bit less: at least half as often as before injury|Participate much less: less than half as often|Unable to participate: rarely, if ever, take part",,,,,,,,Adult,,NINDS:C18416|CDISC:C115840,,C115840,,,,,"Wilson JTL, Pettigrew LEL, Teasdale GM. Structured interviews for the Glasgow Outcome Scale and the Extended Glasgow Outcome Scale: Guidelines for their use. Journal of Neurotrauma 1998;15:573-585.",3.1,0:00:00,VERSION_DATE_MALFORMED,,,,,,,,Y,Supplemental,Y,Recommended,,,Outcomes and End Points,Global Outcome,,GOSE - Adult,FALSE,BCM,,,
C18417,Glasgow Outcome Scale Extended (GOS-E) - Participation social leisure activity pre-injury indicator,GOSEExtntRestrctSocPreInjrInd,,Indicator if  the extent of restriction  in regular social and leisure activities outside home faced by the participant represents a change in respect of pre-injury  as part of Glasgow Outcome Scale Extended (GOS-E),NINDS,GOSE - Adult,NINDS,,,Did they engage in regular social and leisure activities outside home before the injury?,Text,Alphanumeric,,,,Single Pre-Defined Value Selected,collected,,No|Yes,No|Yes,,,,,,,,Adult,,NINDS:C18417|CDISC:C115841,,C115841,,,,,"Wilson JTL, Pettigrew LEL, Teasdale GM. Structured interviews for the Glasgow Outcome Scale and the Extended Glasgow Outcome Scale: Guidelines for their use. Journal of Neurotrauma 1998;15:573-585.",3.1,0:00:00,VERSION_DATE_MALFORMED,,,,,,,,Y,Supplemental,Y,Recommended,,,Outcomes and End Points,Global Outcome,,GOSE - Adult,FALSE,BCM,,,
C18418,Glasgow Outcome Scale Extended (GOS-E) - Frequent help need indicator,GOSEFreqntHlpNeedInd,,Indicator if the participant is in need of frequent help of someone to be around at home as part of Glasgow Outcome Scale Extended (GOS-E),NINDS,GOSE - Adult,NINDS,,,Do they need frequent help of someone to be around at home most of the time?,Text,Alphanumeric,,,"For a 'No' answer they should be able to look after themselves at home for up to 8 hours during the day if necessary, though they need not actually look after themselves.",Single Pre-Defined Value Selected,collected,,No|Yes,No|Yes,,,,,,,,Adult,,NINDS:C18418|CDISC:C115830,,C115830,,,,,"Wilson JTL, Pettigrew LEL, Teasdale GM. Structured interviews for the Glasgow Outcome Scale and the Extended Glasgow Outcome Scale: Guidelines for their use. Journal of Neurotrauma 1998;15:573-585.",3.1,0:00:00,VERSION_DATE_MALFORMED,,,,,,,,Y,Supplemental,Y,Recommended,,,Outcomes and End Points,Global Outcome,,GOSE - Adult,FALSE,BCM,,,
C18419,Glasgow Outcome Scale Extended (GOS-E) - Relationship disruption indicator,GOSEFrindshpInd,,Indicator if  the participant faces any rifts in family relationships or friendships caused by psychological problems  as part of Glasgow Outcome Scale Extended (GOS-E),NINDS,GOSE - Adult,NINDS,,,Have there been psychological problems which have resulted in ongoing family disruption or disruption to friendships?,Text,Alphanumeric,,,"Typical post-traumatic personality changes: quick temper, irritability, anxiety, insensitivity to others, mood swings, depression, and unreasonable or childish behaviour.",Single Pre-Defined Value Selected,collected,,No|Yes,No|Yes,,,,,,,,Adult,,NINDS:C18419|CDISC:C115842,,C115842,,,,,"Wilson JTL, Pettigrew LEL, Teasdale GM. Structured interviews for the Glasgow Outcome Scale and the Extended Glasgow Outcome Scale: Guidelines for their use. Journal of Neurotrauma 1998;15:573-585.",3.1,0:00:00,VERSION_DATE_MALFORMED,,,,,,,,Y,Supplemental,Y,Recommended,,,Outcomes and End Points,Global Outcome,,GOSE - Adult,FALSE,BCM,,,
C18420,Glasgow Outcome Scale Extended (GOS-E) - Assistance daily need pre-injury indicator,GOSEIndpntPreInjryInd,,"Indicator if the assistance at home was essential for the patient before the injury, as part of Glasgow Outcome Scale Extended (GOS-E)",NINDS,GOSE - Adult,NINDS,,,Was assistance at home essential before the injury?,Text,Alphanumeric,,,,Single Pre-Defined Value Selected,collected,,No|Yes,No|Yes,,,,,,,,Adult,,NINDS:C18420|CDISC:C115831,,C115831,,,,,"Wilson JTL, Pettigrew LEL, Teasdale GM. Structured interviews for the Glasgow Outcome Scale and the Extended Glasgow Outcome Scale: Guidelines for their use. Journal of Neurotrauma 1998;15:573-585.",3.1,0:00:00,VERSION_DATE_MALFORMED,,,,,,,,Y,Supplemental,Y,Recommended,,,Outcomes and End Points,Global Outcome,,GOSE - Adult,FALSE,BCM,,,
C18421,Glasgow Outcome Scale Extended (GOS-E) - Work restriction pre-injury change level indicator,GOSELvlRestrictInd,,"Indicator if the participant was either working or seeking employment before the injury  or was doing neither, as part of Glasgow Outcome Scale Extended (GOS-E)",NINDS,GOSE - Adult,NINDS,,,Were they either working or seeking employment before the injury (answer 'yes') or were they doing neither (answer 'no')?,Text,Alphanumeric,,,,Single Pre-Defined Value Selected,collected,,No|Yes,No|Yes,,,,,,,,Adult,,NINDS:C18421|CDISC:C115838,,C115838,,,,,"Wilson JTL, Pettigrew LEL, Teasdale GM. Structured interviews for the Glasgow Outcome Scale and the Extended Glasgow Outcome Scale: Guidelines for their use. Journal of Neurotrauma 1998;15:573-585.",3.1,0:00:00,VERSION_DATE_MALFORMED,,,,,,,,Y,Supplemental,Y,Recommended,,,Outcomes and End Points,Global Outcome,,GOSE - Adult,FALSE,BCM,,,
C18422,Glasgow Outcome Scale Extended (GOS-E) - Relationship disruption pre-injury change level indicator,GOSELvlStrnPreInjryInd,,Indicator if the level of disruption or strain in family and friendships depicts a change  in respect to  pre-injury  situation as part of Glasgow Outcome Scale Extended (GOS-E),NINDS,GOSE - Adult,NINDS,,,Were there problems with family and friends before the injury?,Text,Alphanumeric,,,"If there were some problems before injury, but these have become markedly worse since injury then answer 'No'.",Single Pre-Defined Value Selected,collected,,No|Yes,No|Yes,,,,,,,,Adult,,NINDS:C18422|CDISC:C115844,,C115844,,,,,"Wilson JTL, Pettigrew LEL, Teasdale GM. Structured interviews for the Glasgow Outcome Scale and the Extended Glasgow Outcome Scale: Guidelines for their use. Journal of Neurotrauma 1998;15:573-585.",3.1,0:00:00,VERSION_DATE_MALFORMED,,,,,,,,Y,Supplemental,Y,Recommended,,,Outcomes and End Points,Global Outcome,,GOSE - Adult,FALSE,BCM,,,
C18423,Glasgow Outcome Scale Extended (GOS-E) - Shop without assistance indicator,GOSEShpWoutAsstInd,,Indicator if the participant is able to shop without assistance as part of Glasgow Outcome Scale Extended (GOS-E),NINDS,GOSE - Adult,NINDS,,,Are they able to shop without assistance?,Text,Alphanumeric,,,"This includes being able to plan what to buy, take care of money themselves, and behave appropriately in public. They need not normally shop, but must be able to do so.",Single Pre-Defined Value Selected,collected,,No|Yes,No|Yes,,,,,,,,Adult,,NINDS:C18423|CDISC:C115832,,C115832,,,,,"Wilson JTL, Pettigrew LEL, Teasdale GM. Structured interviews for the Glasgow Outcome Scale and the Extended Glasgow Outcome Scale: Guidelines for their use. Journal of Neurotrauma 1998;15:573-585.",3.1,0:00:00,VERSION_DATE_MALFORMED,,,,,,,,Y,Supplemental,Y,Recommended,,,Outcomes and End Points,Global Outcome,,GOSE - Adult,FALSE,BCM,,,
C18424,Glasgow Outcome Scale Extended (GOS-E) - Similar problems pre-injury indicator,GOSESimlrProbPreInjryInd,,Indicator if the similar problems were present  before injury and have these become markedly worse as part of Glasgow Outcome Scale Extended (GOS-E),NINDS,GOSE - Adult,NINDS,,,Were similar problems present before the injury?,Text,Alphanumeric,,,"If there were some problems before injury, but these have become markedly worse since injury then answer 'No' to Q8b.",Single Pre-Defined Value Selected,collected,,No|Yes,No|Yes,,,,,,,,Adult,,NINDS:C18424|CDISC:C115846,,C115846,,,,,"Wilson JTL, Pettigrew LEL, Teasdale GM. Structured interviews for the Glasgow Outcome Scale and the Extended Glasgow Outcome Scale: Guidelines for their use. Journal of Neurotrauma 1998;15:573-585.",3.1,0:00:00,VERSION_DATE_MALFORMED,,,,,,,,Y,Supplemental,Y,Recommended,,,Outcomes and End Points,Global Outcome,,GOSE - Adult,FALSE,BCM,,,
C18425,Glasgow Outcome Scale Extended (GOS-E) - Social leisure outside resume activity indicator,GOSESocLeisOutInd,,Indicator if the participant is able to resume regular social and leisure activities outside home  as part of Glasgow Outcome Scale Extended (GOS-E),NINDS,GOSE - Adult,NINDS,,,Are they able to resume regular social and leisure activities outside home?,Text,Alphanumeric,,,"They need not have resumed all their previous leisure activities, but should not be prevented by physical or mental impairment. If they have stopped the majority of activities because of loss of interest or motivation then this is also considered a disability.",Single Pre-Defined Value Selected,collected,,No|Yes,No|Yes,,,,,,,,Adult,,NINDS:C18425|CDISC:C115839,,C115839,,,,,"Wilson JTL, Pettigrew LEL, Teasdale GM. Structured interviews for the Glasgow Outcome Scale and the Extended Glasgow Outcome Scale: Guidelines for their use. Journal of Neurotrauma 1998;15:573-585.",3.1,0:00:00,VERSION_DATE_MALFORMED,,,,,,,,Y,Supplemental,Y,Recommended,,,Outcomes and End Points,Global Outcome,,GOSE - Adult,FALSE,BCM,,,
C18426,Glasgow Outcome Scale Extended (GOS-E) - Travel without assistance indicator,GOSETrvlWoutAsstInd,,Indicator if the participant is able to travel locally without help  as part of Glasgow Outcome Scale Extended (GOS-E),NINDS,GOSE - Adult,NINDS,,,Are they able to travel locally without assistance?,Text,Alphanumeric,,,"They may drive or use public transport to get around. Ability to use a taxi is sufficient, provided the person can phone for it themselves and instruct the driver.",Single Pre-Defined Value Selected,collected,,No|Yes,No|Yes,,,,,,,,Adult,,NINDS:C18426|CDISC:C115834,,C115834,,,,,"Wilson JTL, Pettigrew LEL, Teasdale GM. Structured interviews for the Glasgow Outcome Scale and the Extended Glasgow Outcome Scale: Guidelines for their use. Journal of Neurotrauma 1998;15:573-585.",3.1,0:00:00,VERSION_DATE_MALFORMED,,,,,,,,Y,Supplemental,Y,Recommended,,,Outcomes and End Points,Global Outcome,,GOSE - Adult,FALSE,BCM,,,
C18427,Glasgow Outcome Scale Extended (GOS-E) - Travel without assistance pre-injury indicator,GOSETrvlWoutAsstPreInjryInd,,Indicator if the participant was able to travel locally without help before injury as part of Glasgow Outcome Scale Extended (GOS-E),NINDS,GOSE - Adult,NINDS,,,Were they able to travel locally without assistance before the injury?,Text,Alphanumeric,,,,Single Pre-Defined Value Selected,collected,,No|Yes,No|Yes,,,,,,,,Adult,,NINDS:C18427|CDISC:C115835,,C115835,,,,,"Wilson JTL, Pettigrew LEL, Teasdale GM. Structured interviews for the Glasgow Outcome Scale and the Extended Glasgow Outcome Scale: Guidelines for their use. Journal of Neurotrauma 1998;15:573-585.",3.1,0:00:00,VERSION_DATE_MALFORMED,,,,,,,,Y,Supplemental,Y,Recommended,,,Outcomes and End Points,Global Outcome,,GOSE - Adult,FALSE,BCM,,,
C18428,Glasgow Outcome Scale Extended (GOS-E) - Work restriction from injury type,GOSEWrkRestrictTyp,,Work restriction type  experienced by the participant as a result of injury  as part of Glasgow Outcome Scale Extended (GOS-E),NINDS,GOSE - Adult,NINDS,,,How restricted are they?,Text,Alphanumeric,,,"If they were working before, then their current capacity for work should be at the same level. If they were seeking work before, then the injury should not have adversely affected their chances of obtaining work or the level of work for which they are eligible. If the patient was a student before injury then their capacity for study should not have been adversely affected.",Single Pre-Defined Value Selected,collected,,Reduced work capacity|Able to work only in a sheltered workshop or non-competitive job or currently unable to work,Reduced work capacity|Able to work only in a sheltered workshop or non-competitive job or currently unable to work,,,,,,,,Adult,,NINDS:C18428|CDISC:C115837,,C115837,,,,,"Wilson JTL, Pettigrew LEL, Teasdale GM. Structured interviews for the Glasgow Outcome Scale and the Extended Glasgow Outcome Scale: Guidelines for their use. Journal of Neurotrauma 1998;15:573-585.",3.1,0:00:00,VERSION_DATE_MALFORMED,,,,,,,,Y,Supplemental,Y,Recommended,,,Outcomes and End Points,Global Outcome,,GOSE - Adult,FALSE,BCM,,,
C18429,Glasgow Outcome Scale Extended (GOS-E) - Date time,GOSEDateTime,,Date and time when Glasgow Outcome Scale Extended (GOS-E) (1-8) was administered,NINDS,GOSE - Adult,NINDS,,,Date and time of assessment,Datetime,Date or Date & Time,,,"Record the date/time according to the ISO 8601, the International Standard for the representation of dates and times (http://www.iso.org/iso/home.html).  The date/time should be recorded to the level of granularity known (e.g., year, year and month, complete date plus hours and minutes, etc.).",Free-Form Entry,collected,,,,,,,,,,,Adult,,NINDS:C18429,,,,,,,"Wilson JTL, Pettigrew LEL, Teasdale GM. Structured interviews for the Glasgow Outcome Scale and the Extended Glasgow Outcome Scale: Guidelines for their use. Journal of Neurotrauma 1998;15:573-585.",3.1,0:00:00,VERSION_DATE_MALFORMED,,,,,,,,Y,Supplemental,Y,Recommended,,,Outcomes and End Points,Global Outcome,,GOSE - Adult,FALSE,BCM,,,
C18430,Glasgow Outcome Scale Extended (GOS-E) - Shop without assistance pre-injury indicator,GOSEShpWoutAsstPreInjryInd,,Indicator if  the participant was able to shop without assistance  before injury  as part of Glasgow Outcome Scale Extended (GOS-E),NINDS,GOSE - Adult,NINDS,,,Were they able to shop without assistance before the injury?,Text,Alphanumeric,,,,Single Pre-Defined Value Selected,collected,,No|Yes,No|Yes,,,,,,,,Adult,,NINDS:C18430|CDISC:C115833,,C115833,,,,,"Wilson JTL, Pettigrew LEL, Teasdale GM. Structured interviews for the Glasgow Outcome Scale and the Extended Glasgow Outcome Scale: Guidelines for their use. Journal of Neurotrauma 1998;15:573-585.",3.1,0:00:00,VERSION_DATE_MALFORMED,,,,,,,,Y,Supplemental,Y,Recommended,,,Outcomes and End Points,Global Outcome,,GOSE - Adult,FALSE,BCM,,,
C20335,Glasgow Outcome Scale Extended (GOS-E) - Respondent type,GOSEResponse,,Person responding to the Glasgow Outcome Scale Extended (GOSE),NINDS,GOSE - Adult,NINDS,,,Respondent,Text,Alphanumeric,,,Choose one. The individual who provided the responses for the GOSE,Single Pre-Defined Value Selected,collected,,Patient alone|Patient plus relative/friend/caretaker|Relative/friend/caretaker alone,Patient alone|Patient plus relative/friend/caretaker|Relative/friend/caretaker alone,,,,,,,,Adult,,NINDS:C20335,,,,,,,"Wilson JTL, Pettigrew LEL, Teasdale GM. Structured interviews for the Glasgow Outcome Scale and the Extended Glasgow Outcome Scale: Guidelines for their use. Journal of Neurotrauma 1998;15:573-585.",1,0:21:26,VERSION_DATE_MALFORMED,,,,,,,,Y,Supplemental,Y,Recommended,,,Outcomes and End Points,Global Outcome,,GOSE - Adult,FALSE,BCM,,,
C20336,Glasgow Outcome Scale Extended (GOS - E) Supplemental Questions - Epileptic fit post injury indicator,EpilepsyFitsInd,,Indicator if  the participant has had epileptic fits since the injury as part of Glasgow Outcome Scale Extended (GOS-E) supplemental questions,NINDS,GOSE - Adult,NINDS,,,Since the injury has the head injured person had any epileptic fits?,Text,Alphanumeric,,,,Single Pre-Defined Value Selected,collected,,No|Yes,No|Yes,,,,,,,,Adult,,NINDS:C20336|CDISC:C115847,,C115847,,,,,"Wilson JTL, Pettigrew LEL, Teasdale GM. Structured interviews for the Glasgow Outcome Scale and the Extended Glasgow Outcome Scale: Guidelines for their use. Journal of Neurotrauma 1998;15:573-585.",1,0:21:26,VERSION_DATE_MALFORMED,,,,,,,,Y,Supplemental,Y,Recommended,,,Outcomes and End Points,Global Outcome,,GOSE - Adult,FALSE,BCM,,,
C20337,Glasgow Outcome Scale Extended (GOS - E) Supplemental Questions - Epileptic fit risk indicator,EpilepsyRiskInd,,Indicator if the participant has been told he/she is at risk of developing epilepsy as part of Glasgow Outcome Scale Extended (GOS-E) supplemental questions,NINDS,GOSE - Adult,NINDS,,,Have they been told that they are currently at risk of developing epilepsy?,Text,Alphanumeric,,,,Single Pre-Defined Value Selected,collected,,No|Yes,No|Yes,,,,,,,,Adult,,NINDS:C20337|CDISC:C115848,,C115848,,,,,"Wilson JTL, Pettigrew LEL, Teasdale GM. Structured interviews for the Glasgow Outcome Scale and the Extended Glasgow Outcome Scale: Guidelines for their use. Journal of Neurotrauma 1998;15:573-585.",1,0:21:26,VERSION_DATE_MALFORMED,,,,,,,,Y,Supplemental,Y,Recommended,,,Outcomes and End Points,Global Outcome,,GOSE - Adult,FALSE,BCM,,,
C07434,Pediatric Glasgow Outcome Scale - Extended (GOS-E Peds) - Score,PGOSEScore,,"Score for the participant, as a part of the Pediatric Glasgow Outcome Scale - Extended (PGOSE).",NINDS,GOSE - Pediatric,NINDS,,,"Glasgow Outcome Scale -Extended, Pediatric Revision",Value List,Numeric Values,cde,FALSE,"Note: The scale presented here is not based on the original article. It has become common practice in clinical trial administration to use this modified version that places the scores in reverse order (i.e., ""good recovery"" = 1, ""moderate disability"" =2, etc.).",Single Pre-Defined Value Selected,collected,8|7|6|5|4|3|2|1,Death|Vegetative State (VS)|Lower Severe Disability (Lower SD)|Upper Severe Disability (Upper SD)|Lower Moderate Disability (Lower MD)|Upper Moderate Disability (Upper MD)|Lower Good Recovery (Lower GR)|Upper Good Recovery (Upper GR),Death|Vegetative State (VS)|Lower Severe Disability (Lower SD)|Upper Severe Disability (Upper SD)|Lower Moderate Disability (Lower MD)|Upper Moderate Disability (Upper MD)|Lower Good Recovery (Lower GR)|Upper Good Recovery (Upper GR),,,,,,0,8,Pediatric,AFJ9UmRtgSj,NINDS:C07434|BRICS Variable Name:PGOSEScore|NLM:AFJ9UmRtgSj,,,,,,,"Beers SR, Wisniewski SR, Garcia-Filion P, Tian Y, Hahner T, Berger RP, Bell MJ, Adelson PD. Validity of a pediatric version of the Glasgow Outcome Scale-Extended.  J Neurotrauma. 2012 Apr 10;29(6):1126-39. Epub 2012 Apr 10.",3,21:25.6,VERSION_DATE_MALFORMED,,,,,,,,Y,Basic,Y,Recommended,,,Outcomes and End Points,Global Outcome,,GOSE - Pediatric,FALSE,BCM,,,
C18431,"Pediatric Glasgow Outcome Scale - Extended, Pediatric Revision (GOS-E Peds) - date time",PGOSEDateTime,,"Date and time that the participant performed the Pediatric Glasgow Outcome Scale extended version, as a part of Pediatric Glasgow Coma Scale Extended (PGOSE).",NINDS,GOSE - Pediatric,NINDS,,,"Date and time of Glasgow Outcome Scale -Extended, Pediatric Revision",Datetime,Date or Date & Time,cde,FALSE,"Data Sharing Instructions: When date/time data are prepared for aggregation or sharing they should be converted to the format specified by ISO 8601, YYYY-MM-DDThh:mm:ss.<br /><br />Record the date/time according to the ISO 8601, the International Standard for the representation of dates and times (http://www.iso.org/iso/home.html).  The date/time should be recorded to the level of granularity known (e.g., year, year and month, complete date plus hours and minutes, etc.).",Free-Form Entry,collected,,,,,,,,,,,Pediatric,sqTzwkbJCEb,NINDS:C18431|BRICS Variable Name:PGOSEDateTime|NLM:sqTzwkbJCEb,,,,,,,"Beers SR, Wisniewski SR, Garcia-Filion P, Tian Y, Hahner T, Berger RP, Bell MJ, Adelson PD. Validity of a pediatric version of the Glasgow Outcome Scale-Extended.  J Neurotrauma. 2012 Apr 10;29(6):1126-39. Epub 2012 Apr 10.",3,21:25.6,VERSION_DATE_MALFORMED,,,,,,,,Y,Basic,Y,Recommended,,,Outcomes and End Points,Global Outcome,,GOSE - Pediatric,FALSE,BCM,,,
C20338,Pediatric Glasgow Outcome Scale - Extended (GOS-E Peds) - Information obtain type,GOSEPInfoObtain,,The type as related to how the information was obtained.,NINDS,GOSE - Pediatric,NINDS,,,Information obtained,Value List,Alphanumeric,cde,FALSE,"Note: The scale presented here is not based on the original article. It has become common practice in clinical trial administration to use this modified version that places the scores in reverse order (i.e., ""good recovery"" = 1, ""moderate disability"" =2, etc.).",Single Pre-Defined Value Selected,collected,,In person|By phone|From records,In person|By phone|From records,,,,,,,,Pediatric,mkLKxzNqjHR,NINDS:C20338|BRICS Variable Name:GOSEPInfoObtain|NLM:mkLKxzNqjHR,,,,,,,"Beers SR, Wisniewski SR, Garcia-Filion P, Tian Y, Hahner T, Berger RP, Bell MJ, Adelson PD. Validity of a pediatric version of the Glasgow Outcome Scale-Extended.  J Neurotrauma. 2012 Apr 10;29(6):1126-39. Epub 2012 Apr 10.",3,0:21:26,VERSION_DATE_MALFORMED,,,,,,,,Y,Basic,Y,Recommended,,,Outcomes and End Points,Global Outcome,,GOSE - Pediatric,FALSE,BCM,,,
C20339,Pediatric Glasgow Outcome Scale - Extended (GOS-E Peds) - Consciousness indicator,GOSEPConsciousnessInd,,"Indicator related to ability of the head-injured child to obey simple commands or say any words. For younger children, indicates ability to act/react/interact beyond reflexes.",NINDS,GOSE - Pediatric,NINDS,,,"Is the head-injured person able to obey simple commands or say any words? For younger patients, can he or she act/react/interact beyond reflexes?",Value List,Alphanumeric,cde,FALSE,"If No, register Vegetative State (VS)  and skip to end of form and record GOS-E Peds Score = 7.<br /><br />An individual who shows the ability to obey even simple commands or utter any word or communicate specifically in any other way is no longer considered to be in a vegetative state. Eye movements are not reliable evidence of meaningful responsiveness; corroborate with nursing staff and the child's parents when possible. Confirmation of VS requires full assessment as in the Royal College of Physician Guidelines. However, for infants, actively following the movement of a parent or people/object with eyes, grasping for objects, making faces, etc. are interactions; breast feeding and crying continuously can be reflexes.",Single Pre-Defined Value Selected,collected,,No|Yes,No|Yes,,,,,,,,Pediatric,XkwxUVciS0,NINDS:C20339|BRICS Variable Name:GOSEPConsciousnessInd|NLM:XkwxUVciS0,,,,,,,"Beers SR, Wisniewski SR, Garcia-Filion P, Tian Y, Hahner T, Berger RP, Bell MJ, Adelson PD. Validity of a pediatric version of the Glasgow Outcome Scale-Extended.  J Neurotrauma. 2012 Apr 10;29(6):1126-39. Epub 2012 Apr 10.",3,0:21:26,VERSION_DATE_MALFORMED,,,,,,,,Y,Basic,Y,Recommended,,,Outcomes and End Points,Global Outcome,,GOSE - Pediatric,FALSE,BCM,,,
C20340,Pediatric Glasgow Outcome Scale - Extended (GOS-E Peds) - Assistance home requirement indicator,GOSEPAsstNeedInd,,"Indicates if the assistance of another person at home is essential for some activities of daily living. For younger children, indicates if the child is dependent upon a caretaker more than it is expected based on age.",NINDS,GOSE - Pediatric,NINDS,,,"Is the assistance of another person at home essential every day for some activities of daily living? For younger patients, is the child dependent upon a caretaker more so than is expected based on age?",Value List,Alphanumeric,cde,FALSE,"If Yes, go to 2b. If No, skip to 3.<br /><br />For an older child, complete independence and a 'no' answer should mean that the person can get washed, put on clean clothes without prompting, prepare food for themselves, deal with callers, and handle minor domestic crises. The person should be able to carry out activities without needing prompting or reminding, and should be capable of being left alone for an age appropriate period. Young children should be able to accomplish age appropriate developmental milestones without assistance (see Vineland Daily Living Skills). If a child compensates for physical disability to the point where developmental milestones are only mildly compromised, question parents to determine the level of independence (i.e., a child with a hemiparesis who is still able to complete tasks that other children of that age can be rated as independent).",Single Pre-Defined Value Selected,collected,,No|Yes,No|Yes,,,,,,,,Pediatric,XkcgL45sHC,NINDS:C20340|BRICS Variable Name:GOSEPAsstNeedInd|NLM:XkcgL45sHC,,,,,,,"Beers SR, Wisniewski SR, Garcia-Filion P, Tian Y, Hahner T, Berger RP, Bell MJ, Adelson PD. Validity of a pediatric version of the Glasgow Outcome Scale-Extended.  J Neurotrauma. 2012 Apr 10;29(6):1126-39. Epub 2012 Apr 10.",3,0:21:26,VERSION_DATE_MALFORMED,,,,,,,,Y,Basic,Y,Recommended,,,Outcomes and End Points,Global Outcome,,GOSE - Pediatric,FALSE,BCM,,,
C20341,Pediatric Glasgow Outcome Scale - Extended (GOS-E Peds) - Frequent assistance home need indicator,GOSEPFreqntHlpNeedInd,,"Indicates if the child needs frequent help or for someone to be around at home most of the time. For younger children, indicates that the child needs frequent help from a caretaker to accomplish tasks relevant for his/her age.",NINDS,GOSE - Pediatric,NINDS,,,"Does the child need frequent help or for someone to be around at home most of the time? For younger patients, does the child need frequent help from a caretaker to accomplish tasks that a child this age should be able to accomplish (If child sometimes functions at an age appropriate level, then answer 'yes.')",Value List,Alphanumeric,cde,FALSE,"If child sometimes functions at an age appropriate level, then answer Yes. If Yes, register Lower Severe Disability  and skip to end of form and record GOS-E Peds Score = 6. If No, register Upper Severe Disability  and skip to end of form and record GOS-E Peds Score = 5.<br /><br />For an older child, complete independence and a 'no' answer should mean that the person can get washed, put on clean clothes without prompting, prepare food for themselves, deal with callers, and handle minor domestic crises. The person should be able to carry out activities without needing prompting or reminding, and should be capable of being left alone for an age appropriate period. Young children should be able to accomplish age appropriate developmental milestones without assistance (see Vineland Daily Living Skills). If a child compensates for physical disability to the point where developmental milestones are only mildly compromised, question parents to determine the level of independence (i.e., a child with a hemiparesis who is still able to complete tasks that other children of that age can be rated as independent).",Single Pre-Defined Value Selected,collected,,No|Yes,No|Yes,,,,,,,,Pediatric,myLgIV5jHA,NINDS:C20341|BRICS Variable Name:GOSEPFreqntHlpNeedInd|NLM:myLgIV5jHA,,,,,,,"Beers SR, Wisniewski SR, Garcia-Filion P, Tian Y, Hahner T, Berger RP, Bell MJ, Adelson PD. Validity of a pediatric version of the Glasgow Outcome Scale-Extended.  J Neurotrauma. 2012 Apr 10;29(6):1126-39. Epub 2012 Apr 10.",3,0:21:26,VERSION_DATE_MALFORMED,,,,,,,,Y,Basic,Y,Recommended,,,Outcomes and End Points,Global Outcome,,GOSE - Pediatric,FALSE,BCM,,,
C20342,Pediatric Glasgow Outcome Scale - Extended (GOS-E Peds) - Shop travel without assistance indicator,GOSEPShpTrvlWoutAsstInd,,"Indicates if the child is able to shop and travel without assistance. For younger children, indicates if the child behave age appropriately outside the home.",NINDS,GOSE - Pediatric,NINDS,,,"Is the child able to shop and travel without assistance? For younger patients, does the child behave age appropriately outside the home?",Value List,Alphanumeric,cde,FALSE,"If yes, skip to 4. If No, register Upper Severe Disability  and skip to end of form and record GOS-E Peds Score = 5.<br /><br />This item considers activities such as shopping and traveling, always in the context of age appropriate behaviors.  This includes being able to plan what to buy, take care of money, and behave appropriately in public. The individual need not normally shop, but must be able to do so. A younger child must behave age appropriately in public.  An older child may drive or use public transit to get around. Ability to use a taxi is sufficient, provided the person can phone for it themselves and give instruction the driver.  Older children who sometimes were allowed to travel independently before the injury should be able to walk to a neighbor's house, take a school bus, ride a bike, or take public transportation.",Single Pre-Defined Value Selected,collected,,No|Yes,No|Yes,,,,,,,,Pediatric,mJ1_LV5iSA,NINDS:C20342|BRICS Variable Name:GOSEPShpTrvlWoutAsstInd|NLM:mJ1_LV5iSA,,,,,,,"Beers SR, Wisniewski SR, Garcia-Filion P, Tian Y, Hahner T, Berger RP, Bell MJ, Adelson PD. Validity of a pediatric version of the Glasgow Outcome Scale-Extended.  J Neurotrauma. 2012 Apr 10;29(6):1126-39. Epub 2012 Apr 10.",3,0:21:26,VERSION_DATE_MALFORMED,,,,,,,,Y,Basic,Y,Recommended,,,Outcomes and End Points,Global Outcome,,GOSE - Pediatric,FALSE,BCM,,,
C20343,Pediatric Glasgow Outcome Scale - Extended (GOS-E Peds) - Current work school function pre-injury capacity indicator,GOSEPCrrntWrkSchlInd,,Indicates if the child can function at work or in school at their previous capacity.,NINDS,GOSE - Pediatric,NINDS,,,Can the child function at work or in school at his or her previous capacity?,Value List,Alphanumeric,cde,FALSE,"If Yes, skip to 5. If No, go to 4b.<br /><br />If an adolescent was working before the injury, then his or her current capacity for work should be at the same level. If the individual was seeking work before, then the injury should not have adversely affected chances of obtaining work or the level of work for which he or she is eligible. If the patient was in preschool or a student before the injury, then capacity for school work and school activities should not be adversely affected.",Single Pre-Defined Value Selected,collected,,No|Yes,No|Yes,,,,,,,,Pediatric,Qklb8V5jr0,NINDS:C20343|BRICS Variable Name:GOSEPCrrntWrkSchlInd|NLM:Qklb8V5jr0,,,,,,,"Beers SR, Wisniewski SR, Garcia-Filion P, Tian Y, Hahner T, Berger RP, Bell MJ, Adelson PD. Validity of a pediatric version of the Glasgow Outcome Scale-Extended.  J Neurotrauma. 2012 Apr 10;29(6):1126-39. Epub 2012 Apr 10.",3,0:21:26,VERSION_DATE_MALFORMED,,,,,,,,Y,Basic,Y,Recommended,,,Outcomes and End Points,Global Outcome,,GOSE - Pediatric,FALSE,BCM,,,
C20344,Pediatric Glasgow Outcome Scale - Extended (GOS-E Peds) - Work school restriction indicator,GOSEPWrkSchlRestrictInd,,"Indicates restrictions that apply to child's ability to work and study, including ability to work only in a sheltered workshop or non-competitive job, in a school setting for severely impaired children or tutored at home, or currently unable to work or go to school.",NINDS,GOSE - Pediatric,NINDS,,,"Level of restriction: i) Able to work only in a sheltered workshop or non-competitive job, in a school setting for severely impaired children or tutored at home, or currently unable to work or go to school.",Value List,Alphanumeric,cde,FALSE,"If Yes, register Lower Moderate Disability  and skip to end of form and record GOS-E Peds Score = 4.  If No, go to 4bii.<br /><br />If an adolescent was working before the injury, then his or her current capacity for work should be at the same level. If the individual was seeking work before, then the injury should not have adversely affected chances of obtaining work or the level of work for which he or she is eligible. If the patient was in preschool or a student before the injury, then capacity for school work and school activities should not be adversely affected.",Single Pre-Defined Value Selected,collected,,No|Yes,No|Yes,,,,,,,,Pediatric,Q1axLNciHR,NINDS:C20344|BRICS Variable Name:GOSEPWrkSchlRestrictInd|NLM:Q1axLNciHR,,,,,,,"Beers SR, Wisniewski SR, Garcia-Filion P, Tian Y, Hahner T, Berger RP, Bell MJ, Adelson PD. Validity of a pediatric version of the Glasgow Outcome Scale-Extended.  J Neurotrauma. 2012 Apr 10;29(6):1126-39. Epub 2012 Apr 10.",3,0:21:26,VERSION_DATE_MALFORMED,,,,,,,,Y,Basic,Y,Recommended,,,Outcomes and End Points,Global Outcome,,GOSE - Pediatric,FALSE,BCM,,,
C20345,Pediatric Glasgow Outcome Scale - Extended (GOS-E Peds) - Reduced work school capacity indicator,GOSEPWrkSchlReducedCapacInd,,Indicates reduced work or school capacity for an injured child.,NINDS,GOSE - Pediatric,NINDS,,,School/work level of restriction: ii) Reduced work or school capacity,Value List,Alphanumeric,cde,FALSE,"If Yes, register Upper Moderate Disability and skip to end of form and record GOS-E Peds Score = 3.   If No, go to 5.<br /><br />If an adolescent was working before the injury, then his or her current capacity for work should be at the same level. If the individual was seeking work before, then the injury should not have adversely affected chances of obtaining work or the level of work for which he or she is eligible. If the patient was in preschool or a student before the injury, then capacity for school work and school activities should not be adversely affected.",Single Pre-Defined Value Selected,collected,,No|Yes,No|Yes,,,,,,,,Pediatric,XkCgUEqiHC,NINDS:C20345|BRICS Variable Name:GOSEPWrkSchlReducedCapacInd|NLM:XkCgUEqiHC,,,,,,,"Beers SR, Wisniewski SR, Garcia-Filion P, Tian Y, Hahner T, Berger RP, Bell MJ, Adelson PD. Validity of a pediatric version of the Glasgow Outcome Scale-Extended.  J Neurotrauma. 2012 Apr 10;29(6):1126-39. Epub 2012 Apr 10.",3,0:21:26,VERSION_DATE_MALFORMED,,,,,,,,Y,Basic,Y,Recommended,,,Outcomes and End Points,Global Outcome,,GOSE - Pediatric,FALSE,BCM,,,
C20346,Pediatric Glasgow Outcome Scale - Extended (GOS-E Peds) - Current participation social leisure activity pre-injury indicator,GOSEPSocLeisInd,,Indicates if the child is able to resume regular social and leisure activities.,NINDS,GOSE - Pediatric,NINDS,,,Is the child able to resume regular social and leisure activities?,Value List,Alphanumeric,cde,FALSE,"If yes, skip to 6. If No, go to 5b.<br /><br />The individual may not have resumed all previous leisure activities, but should not be prevented from doing so by physical or mental impairment. If he or she has stopped the majority of activities because of loss of interest or motivation, then this is considered a disability. For younger children, social and leisure activities can include games and toys played with caretakers, siblings or other children as well as the ability to interact in a playful manner with others.",Single Pre-Defined Value Selected,collected,,No|Yes,No|Yes,,,,,,,,Pediatric,7kZbLV9orC,NINDS:C20346|BRICS Variable Name:GOSEPSocLeisInd|NLM:7kZbLV9orC,,,,,,,"Beers SR, Wisniewski SR, Garcia-Filion P, Tian Y, Hahner T, Berger RP, Bell MJ, Adelson PD. Validity of a pediatric version of the Glasgow Outcome Scale-Extended.  J Neurotrauma. 2012 Apr 10;29(6):1126-39. Epub 2012 Apr 10.",3,0:21:26,VERSION_DATE_MALFORMED,,,,,,,,Y,Basic,Y,Recommended,,,Outcomes and End Points,Global Outcome,,GOSE - Pediatric,FALSE,BCM,,,
C20347,Pediatric Glasgow Outcome Scale - Extended (GOS-E Peds) - Extent restriction social leisure activity unable participate indicator,GOSEPSocLeisUnablParticInd,,Indicator related to being unable to participate in social and leisure activities.,NINDS,GOSE - Pediatric,NINDS,,,"Unable to participate: Rarely, if ever, take part",Value List,Alphanumeric,cde,FALSE,"Module: What is the extent of restrictions on social and leisure activities?<br /><br />If Yes, register Lower Moderate Disability and skip to end of form and record GOS-E Peds Score = 4.  If No, go to 5bii.",Single Pre-Defined Value Selected,collected,,No|Yes,No|Yes,,,,,,,,Pediatric,7k7WU4qjrA,NINDS:C20347|BRICS Variable Name:GOSEPSocLeisUnablParticInd|NLM:7k7WU4qjrA,,,,,,,"Beers SR, Wisniewski SR, Garcia-Filion P, Tian Y, Hahner T, Berger RP, Bell MJ, Adelson PD. Validity of a pediatric version of the Glasgow Outcome Scale-Extended.  J Neurotrauma. 2012 Apr 10;29(6):1126-39. Epub 2012 Apr 10.",3,0:21:26,VERSION_DATE_MALFORMED,,,,,,,,Y,Basic,Y,Recommended,,,Outcomes and End Points,Global Outcome,,GOSE - Pediatric,FALSE,BCM,,,
C20348,Pediatric Glasgow Outcome Scale - Extended (GOS-E Peds) - Extent restriction social leisure activity much decrease participation indicator,GOSEPSocLeisParticMuchLessInd,,Indicator related to being much less able to participate in social and leisure activities.,NINDS,GOSE - Pediatric,NINDS,,,Participate much less: Less than half as often.,Value List,Alphanumeric,cde,FALSE,"Module: What is the extent of restrictions on social and leisure activities?<br /><br />If Yes, register Upper Moderate Disability  and skip to end of form and record GOS-E Peds Score = 3.  If No, go to 5biii.",Single Pre-Defined Value Selected,collected,,No|Yes,No|Yes,,,,,,,,Pediatric,Qk4_LNcoBA,NINDS:C20348|BRICS Variable Name:GOSEPSocLeisParticMuchLessInd|NLM:Qk4_LNcoBA,,,,,,,"Beers SR, Wisniewski SR, Garcia-Filion P, Tian Y, Hahner T, Berger RP, Bell MJ, Adelson PD. Validity of a pediatric version of the Glasgow Outcome Scale-Extended.  J Neurotrauma. 2012 Apr 10;29(6):1126-39. Epub 2012 Apr 10.",3,0:21:26,VERSION_DATE_MALFORMED,,,,,,,,Y,Basic,Y,Recommended,,,Outcomes and End Points,Global Outcome,,GOSE - Pediatric,FALSE,BCM,,,
C20349,Pediatric Glasgow Outcome Scale - Extended (GOS-E Peds) - Extent restriction social leisure activity little decrease participation indicator,GOSEPSocLeisParticBitLessInd,,The indicator related to a bit less participate in social and leisure activities.,NINDS,GOSE - Pediatric,NINDS,,,Participate a bit less: At least half as often as before injury.,Value List,Alphanumeric,cde,FALSE,"Module: What is the extent of restrictions on social and leisure activities?<br /><br />If Yes, register Lower Good Recovery  and skip to end of form and record GOS-E Peds Score = 2.  If No, skip to 6.<br /><br />The individual may not have resumed all previous leisure activities, but should not be prevented from doing so by physical or mental impairment. If he or she has stopped the majority of activities because of loss of interest or motivation, then this is considered a disability. For younger children, social and leisure activities can include games and toys played with caretakers, siblings or other children as well as the ability to interact in a playful manner with others.",Single Pre-Defined Value Selected,collected,,No|Yes,No|Yes,,,,,,,,Pediatric,7yGWLEqoB0,NINDS:C20349|BRICS Variable Name:GOSEPSocLeisParticBitLessInd|NLM:7yGWLEqoB0,,,,,,,"Beers SR, Wisniewski SR, Garcia-Filion P, Tian Y, Hahner T, Berger RP, Bell MJ, Adelson PD. Validity of a pediatric version of the Glasgow Outcome Scale-Extended.  J Neurotrauma. 2012 Apr 10;29(6):1126-39. Epub 2012 Apr 10.",3,0:21:26,VERSION_DATE_MALFORMED,,,,,,,,Y,Basic,Y,Recommended,,,Outcomes and End Points,Global Outcome,,GOSE - Pediatric,FALSE,BCM,,,
C20350,Pediatric Glasgow Outcome Scale - Extended (GOS-E Peds) - Family friendship psychological problem indicator,GOSEPFamFrindshpInd,,Indicates if there are psychological problems that have resulted in ongoing disruption with respect to either family or friendships,NINDS,GOSE - Pediatric,NINDS,,,Are there psychological problems that have resulted in ongoing disruption with respect to either family or friendships?,Value List,Alphanumeric,cde,FALSE,"If Yes, go to 6b. If No, skip to 7.<br /><br />Typical post-traumatic personality changes: quick temper, irritability, anxiety, aggressive acts, insensitivity to others, mood swings, depression, and unreasonable or childish behavior that is not age appropriate",Single Pre-Defined Value Selected,collected,,No|Yes,No|Yes,,,,,,,,Pediatric,X1jxUNqjB0,NINDS:C20350|BRICS Variable Name:GOSEPFamFrindshpInd|NLM:X1jxUNqjB0,,,,,,,"Beers SR, Wisniewski SR, Garcia-Filion P, Tian Y, Hahner T, Berger RP, Bell MJ, Adelson PD. Validity of a pediatric version of the Glasgow Outcome Scale-Extended.  J Neurotrauma. 2012 Apr 10;29(6):1126-39. Epub 2012 Apr 10.",3,0:21:26,VERSION_DATE_MALFORMED,,,,,,,,Y,Basic,Y,Recommended,,,Outcomes and End Points,Global Outcome,,GOSE - Pediatric,FALSE,BCM,,,
C20351,Pediatric Glasgow Outcome Scale - Extended (GOS-E Peds) - Extent disruption family friendship type,GOSEPExtntDisrFamFrindshp,,The extent of disruption or strain in family and friendship due to injury.,NINDS,GOSE - Pediatric,NINDS,,,What is the extent of disruption or strain?,Value List,Alphanumeric,cde,FALSE,"If  ""Constant &#8211; daily and intolerable"",  register Lower Moderate Disability  and skip to end of form and record GOS-E Peds Score = 4.  If ""Frequent &#8211; once a week or more, but tolerable"", register Upper Moderate Disability  and skip to end of form and record GOS-E Peds Score = 3.  If ""Occasional &#8211; less than weekly"", register Lower Good Recovery and skip to end of form and record GOS-E Peds Score = 2.",Single Pre-Defined Value Selected,collected,,"Occasional - less than weekly|Unknown|Constant - daily and intolerable|Frequent - once a week or more, but tolerable","Occasional - less than weekly|Unknown|Constant - daily and intolerable|Frequent - once a week or more, but tolerable",,,,,,,,Pediatric,m17He8V9jHA,NINDS:C20351|BRICS Variable Name:GOSEPExtntDisrFamFrindshp|NLM:m17He8V9jHA,,,,,,,"Beers SR, Wisniewski SR, Garcia-Filion P, Tian Y, Hahner T, Berger RP, Bell MJ, Adelson PD. Validity of a pediatric version of the Glasgow Outcome Scale-Extended.  J Neurotrauma. 2012 Apr 10;29(6):1126-39. Epub 2012 Apr 10.",3,0:21:26,VERSION_DATE_MALFORMED,,,,,,,,Y,Basic,Y,Recommended,,,Outcomes and End Points,Global Outcome,,GOSE - Pediatric,FALSE,BCM,,,
C20352,Pediatric Glasgow Outcome Scale - Extended (GOS-E Peds) - Return normal life other problem indicator,GOSEPCrrntOthProbInd,,The indicator related to other problem in returning to normal life.,NINDS,GOSE - Pediatric,NINDS,,,Are there any other problems relating to the injury that affect daily life?,Value List,Alphanumeric,cde,FALSE,"If Yes, register Lower Good Recovery  and skip to end of form and record GOS-E Peds Score = 2.  If No, register Upper Good Recovery  and skip to end of form and record GOS-E Peds Score = 1.<br /><br />Typical problems reported after head injury: headaches, dizziness, tiredness, sensitivity to noise or light, slowness, memory failures, concentration problems, or other problems.",Single Pre-Defined Value Selected,collected,,No|Yes,No|Yes,,,,,,,,Pediatric,XknxIN5iB0,NINDS:C20352|BRICS Variable Name:GOSEPCrrntOthProbInd|NLM:XknxIN5iB0,,,,,,,"Beers SR, Wisniewski SR, Garcia-Filion P, Tian Y, Hahner T, Berger RP, Bell MJ, Adelson PD. Validity of a pediatric version of the Glasgow Outcome Scale-Extended.  J Neurotrauma. 2012 Apr 10;29(6):1126-39. Epub 2012 Apr 10.",3,0:21:26,VERSION_DATE_MALFORMED,,,,,,,,Y,Basic,Y,Recommended,,,Outcomes and End Points,Global Outcome,,GOSE - Pediatric,FALSE,BCM,,,